structure_id,caps,anchor,track_prep,data_node,anchor_emit,split_source,isolate_drain,control_groups,transistors,kappa,vth_residual,source_sensitivity,decision
S3-c47aaf97a9,G-S,R,False,G,False,False,False,4,6,1.0,-1.0000000000000004,0.0,no_intrinsic_DATA_compression
S3-47340f1686,G-S,R,False,G,False,False,True,4,7,1.0,-1.0000000000000004,0.0,no_intrinsic_DATA_compression
S3-1db8044c47,G-S,R,False,G,False,True,False,5,7,1.0,-1.0000000000000004,0.0,no_intrinsic_DATA_compression
S3-ab0ba0bbf2,G-S,R,False,G,False,True,True,6,8,,,,control_groups_gt_5
S3-899b4c600c,G-S,R,False,G,True,False,False,5,6,1.0,-1.0000000000000004,-2.220446049250313e-16,no_intrinsic_DATA_compression
S3-242d4af79b,G-S,R,False,G,True,False,True,5,7,1.0,-1.0000000000000004,-2.220446049250313e-16,no_intrinsic_DATA_compression
S3-c4d14b47a8,G-S,R,False,G,True,True,False,6,7,,,,control_groups_gt_5
S3-57f709a6ba,G-S,R,False,G,True,True,True,7,8,,,,control_groups_gt_5
S3-3a40606a85,G-S,R,False,S,False,False,False,4,6,,,,DATA_and_VINIT_short_in_WRITE
S3-9d0af699f8,G-S,R,False,S,False,False,True,4,7,,,,DATA_and_VINIT_short_in_WRITE
S3-3b099e3b8b,G-S,R,False,S,False,True,False,5,7,,,,DATA_and_VINIT_short_in_WRITE
S3-f351e25a66,G-S,R,False,S,False,True,True,6,8,,,,control_groups_gt_5
S3-548c293775,G-S,R,False,S,True,False,False,5,6,,,,DATA_and_VINIT_short_in_WRITE
S3-df6ffca026,G-S,R,False,S,True,False,True,5,7,,,,DATA_and_VINIT_short_in_WRITE
S3-09f8a7c409,G-S,R,False,S,True,True,False,6,7,,,,control_groups_gt_5
S3-d64edecef4,G-S,R,False,S,True,True,True,7,8,,,,control_groups_gt_5
S3-6cef36f159,G-S,R,False,X,False,False,False,4,6,-1.4895204919483636e-16,2.220446049250313e-16,0.0,no_intrinsic_DATA_compression
S3-bae3b70932,G-S,R,False,X,False,False,True,4,7,-1.4895204919483636e-16,2.220446049250313e-16,0.0,no_intrinsic_DATA_compression
S3-82e4394c1c,G-S,R,False,X,False,True,False,5,7,-1.4895204919483636e-16,2.220446049250313e-16,0.0,no_intrinsic_DATA_compression
S3-acb5b73898,G-S,R,False,X,False,True,True,6,8,,,,control_groups_gt_5
S3-fb81a5471b,G-S,R,False,X,True,False,False,5,6,1.9860273225978255e-17,2.220446049250313e-16,4.440892098500626e-16,no_intrinsic_DATA_compression
S3-b3c806732e,G-S,R,False,X,True,False,True,5,7,1.9860273225978255e-17,2.220446049250313e-16,4.440892098500626e-16,no_intrinsic_DATA_compression
S3-eba4160e24,G-S,R,False,X,True,True,False,6,7,,,,control_groups_gt_5
S3-8fc2b70723,G-S,R,False,X,True,True,True,7,8,,,,control_groups_gt_5
S3-26287d629b,G-S,R,True,G,False,False,False,5,6,1.0,-1.0000000000000004,0.0,no_intrinsic_DATA_compression
S3-e99decaccb,G-S,R,True,G,False,False,True,5,7,1.0,-1.0000000000000004,0.0,no_intrinsic_DATA_compression
S3-c63f221231,G-S,R,True,G,False,True,False,6,7,,,,control_groups_gt_5
S3-c9a165e2ae,G-S,R,True,G,False,True,True,7,8,,,,control_groups_gt_5
S3-c1c92f5554,G-S,R,True,G,True,False,False,5,6,1.0,-1.0000000000000004,-2.220446049250313e-16,no_intrinsic_DATA_compression
S3-edf753024e,G-S,R,True,G,True,False,True,5,7,1.0,-1.0000000000000004,-2.220446049250313e-16,no_intrinsic_DATA_compression
S3-a2df60c7d4,G-S,R,True,G,True,True,False,6,7,,,,control_groups_gt_5
S3-543e702588,G-S,R,True,G,True,True,True,7,8,,,,control_groups_gt_5
S3-6491a7ddb9,G-S,R,True,S,False,False,False,5,6,,,,DATA_and_VINIT_short_in_WRITE
S3-0e7acafc54,G-S,R,True,S,False,False,True,5,7,,,,DATA_and_VINIT_short_in_WRITE
S3-6d9b107187,G-S,R,True,S,False,True,False,6,7,,,,control_groups_gt_5
S3-1a1d04c6d2,G-S,R,True,S,False,True,True,7,8,,,,control_groups_gt_5
S3-a454dea289,G-S,R,True,S,True,False,False,5,6,,,,DATA_and_VINIT_short_in_WRITE
S3-76838505e1,G-S,R,True,S,True,False,True,5,7,,,,DATA_and_VINIT_short_in_WRITE
S3-fe21ba78fc,G-S,R,True,S,True,True,False,6,7,,,,control_groups_gt_5
S3-4c2659e9b5,G-S,R,True,S,True,True,True,7,8,,,,control_groups_gt_5
S3-391250c639,G-S,R,True,X,False,False,False,5,6,-1.4895204919483636e-16,2.220446049250313e-16,0.0,no_intrinsic_DATA_compression
S3-e236fcfd61,G-S,R,True,X,False,False,True,5,7,-1.4895204919483636e-16,2.220446049250313e-16,0.0,no_intrinsic_DATA_compression
S3-0782d1571d,G-S,R,True,X,False,True,False,6,7,,,,control_groups_gt_5
S3-a6512e3e88,G-S,R,True,X,False,True,True,7,8,,,,control_groups_gt_5
S3-fbcc98c202,G-S,R,True,X,True,False,False,5,6,1.9860273225978255e-17,2.220446049250313e-16,4.440892098500626e-16,no_intrinsic_DATA_compression
S3-7d20dc031d,G-S,R,True,X,True,False,True,5,7,1.9860273225978255e-17,2.220446049250313e-16,4.440892098500626e-16,no_intrinsic_DATA_compression
S3-ea07ed23a5,G-S,R,True,X,True,True,False,6,7,,,,control_groups_gt_5
S3-0fea2d9a66,G-S,R,True,X,True,True,True,7,8,,,,control_groups_gt_5
S3-1423d3b1b9,G-S,S,False,G,False,False,False,4,6,1.0,-1.0000000000000002,0.0,no_intrinsic_DATA_compression
S3-d2858c760d,G-S,S,False,G,False,False,True,4,7,1.0,-1.0000000000000002,0.0,no_intrinsic_DATA_compression
S3-9b4c4b51e2,G-S,S,False,G,False,True,False,5,7,1.0,-1.0000000000000002,0.0,no_intrinsic_DATA_compression
S3-81d38af1e0,G-S,S,False,G,False,True,True,6,8,,,,control_groups_gt_5
S3-fdffdf38de,G-S,S,False,G,True,False,False,5,6,1.0,-1.0000000000000002,-2.220446049250313e-15,no_intrinsic_DATA_compression
S3-5c44b7501a,G-S,S,False,G,True,False,True,5,7,1.0,-1.0000000000000002,-2.220446049250313e-15,no_intrinsic_DATA_compression
S3-1ad2c5fe47,G-S,S,False,G,True,True,False,6,7,,,,control_groups_gt_5
S3-9695052bed,G-S,S,False,G,True,True,True,7,8,,,,control_groups_gt_5
S3-f83b766377,G-S,S,False,S,False,False,False,4,6,,,,DATA_and_VINIT_short_in_WRITE
S3-ca02be2d68,G-S,S,False,S,False,False,True,4,7,,,,DATA_and_VINIT_short_in_WRITE
S3-82c78db607,G-S,S,False,S,False,True,False,5,7,,,,DATA_and_VINIT_short_in_WRITE
S3-88eb2e0a32,G-S,S,False,S,False,True,True,6,8,,,,control_groups_gt_5
S3-40efbf3142,G-S,S,False,S,True,False,False,5,6,,,,DATA_and_VINIT_short_in_WRITE
S3-37a43ce708,G-S,S,False,S,True,False,True,5,7,,,,DATA_and_VINIT_short_in_WRITE
S3-3a20c8f6c9,G-S,S,False,S,True,True,False,6,7,,,,control_groups_gt_5
S3-ca25021e5e,G-S,S,False,S,True,True,True,7,8,,,,control_groups_gt_5
S3-8225652c4b,G-S,S,False,X,False,False,False,4,6,-1.4895204919483636e-16,-1.1102230246251565e-15,0.0,no_intrinsic_DATA_compression
S3-38ebe1a90f,G-S,S,False,X,False,False,True,4,7,-1.4895204919483636e-16,-1.1102230246251565e-15,0.0,no_intrinsic_DATA_compression
S3-e02b0b2931,G-S,S,False,X,False,True,False,5,7,-1.4895204919483636e-16,-1.1102230246251565e-15,0.0,no_intrinsic_DATA_compression
S3-ba32a9be63,G-S,S,False,X,False,True,True,6,8,,,,control_groups_gt_5
S3-a35ea9d7f3,G-S,S,False,X,True,False,False,5,6,-1.0572416448026152e-16,-1.1102230246251565e-15,-1.4432899320127035e-15,no_intrinsic_DATA_compression
S3-2d8c40e33a,G-S,S,False,X,True,False,True,5,7,-1.0572416448026152e-16,-1.1102230246251565e-15,-1.4432899320127035e-15,no_intrinsic_DATA_compression
S3-332bd534cc,G-S,S,False,X,True,True,False,6,7,,,,control_groups_gt_5
S3-20afcc7309,G-S,S,False,X,True,True,True,7,8,,,,control_groups_gt_5
S3-71fb99d8f9,G-S,S,True,G,False,False,False,5,6,1.0,-1.0000000000000004,0.0,no_intrinsic_DATA_compression
S3-efaa24a671,G-S,S,True,G,False,False,True,5,7,1.0,-1.0000000000000004,0.0,no_intrinsic_DATA_compression
S3-a6e7928341,G-S,S,True,G,False,True,False,6,7,,,,control_groups_gt_5
S3-1cca5a5059,G-S,S,True,G,False,True,True,7,8,,,,control_groups_gt_5
S3-850bfeadfc,G-S,S,True,G,True,False,False,5,6,1.0,-1.0000000000000004,-1.1102230246251565e-15,no_intrinsic_DATA_compression
S3-fc010159d8,G-S,S,True,G,True,False,True,5,7,1.0,-1.0000000000000004,-1.1102230246251565e-15,no_intrinsic_DATA_compression
S3-5a8d6ee65e,G-S,S,True,G,True,True,False,6,7,,,,control_groups_gt_5
S3-83192fbf44,G-S,S,True,G,True,True,True,7,8,,,,control_groups_gt_5
S3-ad6ce5efe4,G-S,S,True,S,False,False,False,5,6,,,,DATA_and_VINIT_short_in_WRITE
S3-760a4024ea,G-S,S,True,S,False,False,True,5,7,,,,DATA_and_VINIT_short_in_WRITE
S3-315baa539e,G-S,S,True,S,False,True,False,6,7,,,,control_groups_gt_5
S3-237cb5cb1a,G-S,S,True,S,False,True,True,7,8,,,,control_groups_gt_5
S3-034efe6bae,G-S,S,True,S,True,False,False,5,6,,,,DATA_and_VINIT_short_in_WRITE
S3-e3966b7ffe,G-S,S,True,S,True,False,True,5,7,,,,DATA_and_VINIT_short_in_WRITE
S3-5f66951801,G-S,S,True,S,True,True,False,6,7,,,,control_groups_gt_5
S3-c8689d62db,G-S,S,True,S,True,True,True,7,8,,,,control_groups_gt_5
S3-c61fbd61f5,G-S,S,True,X,False,False,False,5,6,-1.4895204919483636e-16,-2.4424906541753444e-15,0.0,no_intrinsic_DATA_compression
S3-5732a3eafb,G-S,S,True,X,False,False,True,5,7,-1.4895204919483636e-16,-2.4424906541753444e-15,0.0,no_intrinsic_DATA_compression
S3-b5c5368588,G-S,S,True,X,False,True,False,6,7,,,,control_groups_gt_5
S3-d2aabcd222,G-S,S,True,X,False,True,True,7,8,,,,control_groups_gt_5
S3-501e18eb89,G-S,S,True,X,True,False,False,5,6,-1.0572416448026152e-16,-2.4424906541753444e-15,-1.1102230246251565e-15,no_intrinsic_DATA_compression
S3-dc10cf5d78,G-S,S,True,X,True,False,True,5,7,-1.0572416448026152e-16,-2.4424906541753444e-15,-1.1102230246251565e-15,no_intrinsic_DATA_compression
S3-4497e4699e,G-S,S,True,X,True,True,False,6,7,,,,control_groups_gt_5
S3-0a12ab814a,G-S,S,True,X,True,True,True,7,8,,,,control_groups_gt_5
S3-a08599c21b,G-S,G,False,G,False,False,False,4,6,1.0,-1.0000000000000002,0.0,no_intrinsic_DATA_compression
S3-d07cecd262,G-S,G,False,G,False,False,True,4,7,1.0,-1.0000000000000002,0.0,no_intrinsic_DATA_compression
S3-66b7b419fe,G-S,G,False,G,False,True,False,5,7,1.0,-1.0000000000000002,0.0,no_intrinsic_DATA_compression
S3-6fe3d7c0c3,G-S,G,False,G,False,True,True,6,8,,,,control_groups_gt_5
S3-f6bd3aa397,G-S,G,False,G,True,False,False,5,6,0.9999999999999997,-1.0000000000000002,8.881784197001252e-16,no_intrinsic_DATA_compression
S3-e40c1ce5a6,G-S,G,False,G,True,False,True,5,7,0.9999999999999997,-1.0000000000000002,8.881784197001252e-16,no_intrinsic_DATA_compression
S3-214a65c78e,G-S,G,False,G,True,True,False,6,7,,,,control_groups_gt_5
S3-22afc96001,G-S,G,False,G,True,True,True,7,8,,,,control_groups_gt_5
S3-208a52ffcb,G-S,G,False,S,False,False,False,4,6,,,,DATA_and_VINIT_short_in_WRITE
S3-da8970391a,G-S,G,False,S,False,False,True,4,7,,,,DATA_and_VINIT_short_in_WRITE
S3-7509a54b78,G-S,G,False,S,False,True,False,5,7,,,,DATA_and_VINIT_short_in_WRITE
S3-105a218594,G-S,G,False,S,False,True,True,6,8,,,,control_groups_gt_5
S3-fdc368892d,G-S,G,False,S,True,False,False,5,6,,,,DATA_and_VINIT_short_in_WRITE
S3-bcd8b3891a,G-S,G,False,S,True,False,True,5,7,,,,DATA_and_VINIT_short_in_WRITE
S3-72c06b8717,G-S,G,False,S,True,True,False,6,7,,,,control_groups_gt_5
S3-ee5763d436,G-S,G,False,S,True,True,True,7,8,,,,control_groups_gt_5
S3-9b08f2efdb,G-S,G,False,X,False,False,False,4,6,-1.4895204919483636e-16,-2.220446049250313e-16,0.0,no_intrinsic_DATA_compression
S3-90db66baea,G-S,G,False,X,False,False,True,4,7,-1.4895204919483636e-16,-2.220446049250313e-16,0.0,no_intrinsic_DATA_compression
S3-253a87729a,G-S,G,False,X,False,True,False,5,7,-1.4895204919483636e-16,-2.220446049250313e-16,0.0,no_intrinsic_DATA_compression
S3-1a7d2ee249,G-S,G,False,X,False,True,True,6,8,,,,control_groups_gt_5
S3-3dc4902dff,G-S,G,False,X,True,False,False,5,6,5.2830988233413334e-17,-3.3306690738754696e-16,1.1102230246251565e-15,no_intrinsic_DATA_compression
S3-0da6821a6b,G-S,G,False,X,True,False,True,5,7,5.2830988233413334e-17,-3.3306690738754696e-16,1.1102230246251565e-15,no_intrinsic_DATA_compression
S3-fa94e74470,G-S,G,False,X,True,True,False,6,7,,,,control_groups_gt_5
S3-23c94ee473,G-S,G,False,X,True,True,True,7,8,,,,control_groups_gt_5
S3-5b53ab868b,G-S,G,True,G,False,False,False,5,6,1.0,-1.0,0.0,no_intrinsic_DATA_compression
S3-0e6370c5ce,G-S,G,True,G,False,False,True,5,7,1.0,-1.0,0.0,no_intrinsic_DATA_compression
S3-67978dfa08,G-S,G,True,G,False,True,False,6,7,,,,control_groups_gt_5
S3-f2d4a715e4,G-S,G,True,G,False,True,True,7,8,,,,control_groups_gt_5
S3-fa3c19c797,G-S,G,True,G,True,False,False,5,6,0.9999999999999997,-0.9999999999999998,-4.440892098500626e-16,no_intrinsic_DATA_compression
S3-b50dcde412,G-S,G,True,G,True,False,True,5,7,0.9999999999999997,-0.9999999999999998,-4.440892098500626e-16,no_intrinsic_DATA_compression
S3-e907225868,G-S,G,True,G,True,True,False,6,7,,,,control_groups_gt_5
S3-b4a937492c,G-S,G,True,G,True,True,True,7,8,,,,control_groups_gt_5
S3-104b59620a,G-S,G,True,S,False,False,False,5,6,,,,DATA_and_VINIT_short_in_WRITE
S3-0e69ad09fc,G-S,G,True,S,False,False,True,5,7,,,,DATA_and_VINIT_short_in_WRITE
S3-d9301f95d8,G-S,G,True,S,False,True,False,6,7,,,,control_groups_gt_5
S3-d20124e09c,G-S,G,True,S,False,True,True,7,8,,,,control_groups_gt_5
S3-4156c4bccb,G-S,G,True,S,True,False,False,5,6,,,,DATA_and_VINIT_short_in_WRITE
S3-c0bc067df3,G-S,G,True,S,True,False,True,5,7,,,,DATA_and_VINIT_short_in_WRITE
S3-473aec5ff4,G-S,G,True,S,True,True,False,6,7,,,,control_groups_gt_5
S3-2627834384,G-S,G,True,S,True,True,True,7,8,,,,control_groups_gt_5
S3-560f8fab07,G-S,G,True,X,False,False,False,5,6,-1.4895204919483636e-16,4.440892098500626e-16,0.0,no_intrinsic_DATA_compression
S3-d47c31f604,G-S,G,True,X,False,False,True,5,7,-1.4895204919483636e-16,4.440892098500626e-16,0.0,no_intrinsic_DATA_compression
S3-23dbf976b9,G-S,G,True,X,False,True,False,6,7,,,,control_groups_gt_5
S3-5844fdd326,G-S,G,True,X,False,True,True,7,8,,,,control_groups_gt_5
S3-6694688160,G-S,G,True,X,True,False,False,5,6,5.2830988233413334e-17,2.220446049250313e-16,1.1102230246251565e-15,no_intrinsic_DATA_compression
S3-519ff655d2,G-S,G,True,X,True,False,True,5,7,5.2830988233413334e-17,2.220446049250313e-16,1.1102230246251565e-15,no_intrinsic_DATA_compression
S3-fa43e06a72,G-S,G,True,X,True,True,False,6,7,,,,control_groups_gt_5
S3-97362e4431,G-S,G,True,X,True,True,True,7,8,,,,control_groups_gt_5
S3-6cdb6f09b8,G-X,R,False,G,False,False,False,4,6,1.0,-1.0,-1.0,no_intrinsic_DATA_compression
S3-fe545c51a6,G-X,R,False,G,False,False,True,4,7,1.0,-1.0,-1.0,no_intrinsic_DATA_compression
S3-e0043967e6,G-X,R,False,G,False,True,False,5,7,1.0,-1.0,-1.0,no_intrinsic_DATA_compression
S3-f52dd55afc,G-X,R,False,G,False,True,True,6,8,,,,control_groups_gt_5
S3-dc67ffe011,G-X,R,False,G,True,False,False,5,6,-3.3306690738754696e-16,-1.0000000000000018,-0.9999999999999996,no_intrinsic_DATA_compression
S3-3ffbd60bb8,G-X,R,False,G,True,False,True,5,7,-3.3306690738754696e-16,-1.0000000000000018,-0.9999999999999996,no_intrinsic_DATA_compression
S3-40f11873ed,G-X,R,False,G,True,True,False,6,7,,,,control_groups_gt_5
S3-78b5d56c63,G-X,R,False,G,True,True,True,7,8,,,,control_groups_gt_5
S3-17d63c9a83,G-X,R,False,S,False,False,False,4,6,,,,DATA_and_VINIT_short_in_WRITE
S3-69283e4872,G-X,R,False,S,False,False,True,4,7,,,,DATA_and_VINIT_short_in_WRITE
S3-4a3666362b,G-X,R,False,S,False,True,False,5,7,,,,DATA_and_VINIT_short_in_WRITE
S3-d915e5f470,G-X,R,False,S,False,True,True,6,8,,,,control_groups_gt_5
S3-731cd98def,G-X,R,False,S,True,False,False,5,6,,,,DATA_and_VINIT_short_in_WRITE
S3-0def276016,G-X,R,False,S,True,False,True,5,7,,,,DATA_and_VINIT_short_in_WRITE
S3-3a72adf720,G-X,R,False,S,True,True,False,6,7,,,,control_groups_gt_5
S3-3f8fd3359c,G-X,R,False,S,True,True,True,7,8,,,,control_groups_gt_5
S3-2b579e11ae,G-X,R,False,X,False,False,False,4,6,1.0000000000000002,-1.0000000000000018,-1.0,no_intrinsic_DATA_compression
S3-02954b535f,G-X,R,False,X,False,False,True,4,7,1.0000000000000002,-1.0000000000000018,-1.0,no_intrinsic_DATA_compression
S3-08d2ea1b68,G-X,R,False,X,False,True,False,5,7,1.0000000000000002,-1.0000000000000018,-1.0,no_intrinsic_DATA_compression
S3-62f44e7cc6,G-X,R,False,X,False,True,True,6,8,,,,control_groups_gt_5
S3-c391e1e686,G-X,R,False,X,True,False,False,5,6,-1.1102230246251565e-15,-1.0000000000000018,-1.0,no_intrinsic_DATA_compression
S3-96ff75100e,G-X,R,False,X,True,False,True,5,7,-1.1102230246251565e-15,-1.0000000000000018,-1.0,no_intrinsic_DATA_compression
S3-7383568126,G-X,R,False,X,True,True,False,6,7,,,,control_groups_gt_5
S3-55d45c1e0a,G-X,R,False,X,True,True,True,7,8,,,,control_groups_gt_5
S3-80d206780e,G-X,R,True,G,False,False,False,5,6,1.0,-1.0,-1.0,no_intrinsic_DATA_compression
S3-b908220d02,G-X,R,True,G,False,False,True,5,7,1.0,-1.0,-1.0,no_intrinsic_DATA_compression
S3-e4ac11c906,G-X,R,True,G,False,True,False,6,7,,,,control_groups_gt_5
S3-23d4a375a7,G-X,R,True,G,False,True,True,7,8,,,,control_groups_gt_5
S3-53774c0ee7,G-X,R,True,G,True,False,False,5,6,-3.3306690738754696e-16,-1.0000000000000018,-0.9999999999999996,no_intrinsic_DATA_compression
S3-e058ffa811,G-X,R,True,G,True,False,True,5,7,-3.3306690738754696e-16,-1.0000000000000018,-0.9999999999999996,no_intrinsic_DATA_compression
S3-03c81052d0,G-X,R,True,G,True,True,False,6,7,,,,control_groups_gt_5
S3-084a9d264b,G-X,R,True,G,True,True,True,7,8,,,,control_groups_gt_5
S3-c0ec8ded95,G-X,R,True,S,False,False,False,5,6,,,,DATA_and_VINIT_short_in_WRITE
S3-00c755a3ca,G-X,R,True,S,False,False,True,5,7,,,,DATA_and_VINIT_short_in_WRITE
S3-560bfb5a59,G-X,R,True,S,False,True,False,6,7,,,,control_groups_gt_5
S3-b8cb70e444,G-X,R,True,S,False,True,True,7,8,,,,control_groups_gt_5
S3-aa719955d3,G-X,R,True,S,True,False,False,5,6,,,,DATA_and_VINIT_short_in_WRITE
S3-44be1aec99,G-X,R,True,S,True,False,True,5,7,,,,DATA_and_VINIT_short_in_WRITE
S3-2279723015,G-X,R,True,S,True,True,False,6,7,,,,control_groups_gt_5
S3-9c4e851466,G-X,R,True,S,True,True,True,7,8,,,,control_groups_gt_5
S3-99729eb7c9,G-X,R,True,X,False,False,False,5,6,1.0000000000000002,-1.0000000000000018,-1.0,no_intrinsic_DATA_compression
S3-621ca5ad27,G-X,R,True,X,False,False,True,5,7,1.0000000000000002,-1.0000000000000018,-1.0,no_intrinsic_DATA_compression
S3-497451a4a4,G-X,R,True,X,False,True,False,6,7,,,,control_groups_gt_5
S3-3052a35743,G-X,R,True,X,False,True,True,7,8,,,,control_groups_gt_5
S3-72727a8d6c,G-X,R,True,X,True,False,False,5,6,-1.1102230246251565e-15,-1.0000000000000018,-1.0,no_intrinsic_DATA_compression
S3-9cc52bf81b,G-X,R,True,X,True,False,True,5,7,-1.1102230246251565e-15,-1.0000000000000018,-1.0,no_intrinsic_DATA_compression
S3-d3d7118fb3,G-X,R,True,X,True,True,False,6,7,,,,control_groups_gt_5
S3-70fd15ef3a,G-X,R,True,X,True,True,True,7,8,,,,control_groups_gt_5
S3-39aa200de1,G-X,S,False,G,False,False,False,4,6,1.0,-1.0,-1.0,no_intrinsic_DATA_compression
S3-a7020b5dc1,G-X,S,False,G,False,False,True,4,7,1.0,-1.0,-1.0,no_intrinsic_DATA_compression
S3-c35a561616,G-X,S,False,G,False,True,False,5,7,1.0,-1.0,-1.0,no_intrinsic_DATA_compression
S3-7e3de81ef2,G-X,S,False,G,False,True,True,6,8,,,,control_groups_gt_5
S3-3eacd59911,G-X,S,False,G,True,False,False,5,6,-2.220446049250313e-16,4.440892098500626e-16,4.440892098500626e-16,no_intrinsic_DATA_compression
S3-1f6d1948c2,G-X,S,False,G,True,False,True,5,7,-2.220446049250313e-16,4.440892098500626e-16,4.440892098500626e-16,no_intrinsic_DATA_compression
S3-c36441d08d,G-X,S,False,G,True,True,False,6,7,,,,control_groups_gt_5
S3-441b67fb69,G-X,S,False,G,True,True,True,7,8,,,,control_groups_gt_5
S3-94d1b79a79,G-X,S,False,S,False,False,False,4,6,,,,DATA_and_VINIT_short_in_WRITE
S3-fdeb908b0a,G-X,S,False,S,False,False,True,4,7,,,,DATA_and_VINIT_short_in_WRITE
S3-48c958f841,G-X,S,False,S,False,True,False,5,7,,,,DATA_and_VINIT_short_in_WRITE
S3-39184ca39c,G-X,S,False,S,False,True,True,6,8,,,,control_groups_gt_5
S3-2966ab4b8f,G-X,S,False,S,True,False,False,5,6,,,,DATA_and_VINIT_short_in_WRITE
S3-6c78519453,G-X,S,False,S,True,False,True,5,7,,,,DATA_and_VINIT_short_in_WRITE
S3-c0983da3a6,G-X,S,False,S,True,True,False,6,7,,,,control_groups_gt_5
S3-5b73383f8a,G-X,S,False,S,True,True,True,7,8,,,,control_groups_gt_5
S3-dead4683c3,G-X,S,False,X,False,False,False,4,6,1.0000000000000002,6.661338147750939e-16,-1.0,no_intrinsic_DATA_compression
S3-7e206d1e92,G-X,S,False,X,False,False,True,4,7,1.0000000000000002,6.661338147750939e-16,-1.0,no_intrinsic_DATA_compression
S3-caeccee3df,G-X,S,False,X,False,True,False,5,7,1.0000000000000002,6.661338147750939e-16,-1.0,no_intrinsic_DATA_compression
S3-ff11dce173,G-X,S,False,X,False,True,True,6,8,,,,control_groups_gt_5
S3-f67e518aa7,G-X,S,False,X,True,False,False,5,6,-7.771561172376096e-16,0.0,-2.220446049250313e-16,no_intrinsic_DATA_compression
S3-7760d5fc54,G-X,S,False,X,True,False,True,5,7,-7.771561172376096e-16,0.0,-2.220446049250313e-16,no_intrinsic_DATA_compression
S3-10ab23e689,G-X,S,False,X,True,True,False,6,7,,,,control_groups_gt_5
S3-ff5ed3b6e9,G-X,S,False,X,True,True,True,7,8,,,,control_groups_gt_5
S3-01c6ebf22a,G-X,S,True,G,False,False,False,5,6,1.0,-1.0000000000000004,-1.0,no_intrinsic_DATA_compression
S3-100dd0efcf,G-X,S,True,G,False,False,True,5,7,1.0,-1.0000000000000004,-1.0,no_intrinsic_DATA_compression
S3-7c7b1e01aa,G-X,S,True,G,False,True,False,6,7,,,,control_groups_gt_5
S3-b4bcffeae5,G-X,S,True,G,False,True,True,7,8,,,,control_groups_gt_5
S3-34d9af5241,G-X,S,True,G,True,False,False,5,6,-2.220446049250313e-16,8.881784197001252e-16,2.220446049250313e-16,no_intrinsic_DATA_compression
S3-00bbafc23d,G-X,S,True,G,True,False,True,5,7,-2.220446049250313e-16,8.881784197001252e-16,2.220446049250313e-16,no_intrinsic_DATA_compression
S3-4c226508d5,G-X,S,True,G,True,True,False,6,7,,,,control_groups_gt_5
S3-39c3d895cc,G-X,S,True,G,True,True,True,7,8,,,,control_groups_gt_5
S3-fc6f9b91a3,G-X,S,True,S,False,False,False,5,6,,,,DATA_and_VINIT_short_in_WRITE
S3-6d2bf33601,G-X,S,True,S,False,False,True,5,7,,,,DATA_and_VINIT_short_in_WRITE
S3-6721cc877c,G-X,S,True,S,False,True,False,6,7,,,,control_groups_gt_5
S3-1429500ae5,G-X,S,True,S,False,True,True,7,8,,,,control_groups_gt_5
S3-c7f818a4fb,G-X,S,True,S,True,False,False,5,6,,,,DATA_and_VINIT_short_in_WRITE
S3-cec7c7313e,G-X,S,True,S,True,False,True,5,7,,,,DATA_and_VINIT_short_in_WRITE
S3-3012b6c9d6,G-X,S,True,S,True,True,False,6,7,,,,control_groups_gt_5
S3-17dd4088e0,G-X,S,True,S,True,True,True,7,8,,,,control_groups_gt_5
S3-f1d4797936,G-X,S,True,X,False,False,False,5,6,1.0000000000000002,4.440892098500626e-16,-1.0,no_intrinsic_DATA_compression
S3-7eebdc6442,G-X,S,True,X,False,False,True,5,7,1.0000000000000002,4.440892098500626e-16,-1.0,no_intrinsic_DATA_compression
S3-7ff733101e,G-X,S,True,X,False,True,False,6,7,,,,control_groups_gt_5
S3-9b69d08c44,G-X,S,True,X,False,True,True,7,8,,,,control_groups_gt_5
S3-401472be34,G-X,S,True,X,True,False,False,5,6,-7.771561172376096e-16,4.440892098500626e-16,-4.440892098500626e-16,no_intrinsic_DATA_compression
S3-4552e60cee,G-X,S,True,X,True,False,True,5,7,-7.771561172376096e-16,4.440892098500626e-16,-4.440892098500626e-16,no_intrinsic_DATA_compression
S3-25aa2b99d5,G-X,S,True,X,True,True,False,6,7,,,,control_groups_gt_5
S3-2705b84037,G-X,S,True,X,True,True,True,7,8,,,,control_groups_gt_5
S3-97125ef226,G-X,G,False,G,False,False,False,4,6,1.0,-1.0,-1.0,no_intrinsic_DATA_compression
S3-34b48f209c,G-X,G,False,G,False,False,True,4,7,1.0,-1.0,-1.0,no_intrinsic_DATA_compression
S3-6ac11bb0a9,G-X,G,False,G,False,True,False,5,7,1.0,-1.0,-1.0,no_intrinsic_DATA_compression
S3-54272957c9,G-X,G,False,G,False,True,True,6,8,,,,control_groups_gt_5
S3-3ff6cf075e,G-X,G,False,G,True,False,False,5,6,1.0,-0.9999999999999997,-0.9999999999999998,no_intrinsic_DATA_compression
S3-a5e801ccc4,G-X,G,False,G,True,False,True,5,7,1.0,-0.9999999999999997,-0.9999999999999998,no_intrinsic_DATA_compression
S3-e657c6e77d,G-X,G,False,G,True,True,False,6,7,,,,control_groups_gt_5
S3-92b379b08d,G-X,G,False,G,True,True,True,7,8,,,,control_groups_gt_5
S3-711589c2bf,G-X,G,False,S,False,False,False,4,6,,,,DATA_and_VINIT_short_in_WRITE
S3-a22cb43afc,G-X,G,False,S,False,False,True,4,7,,,,DATA_and_VINIT_short_in_WRITE
S3-c39ee63962,G-X,G,False,S,False,True,False,5,7,,,,DATA_and_VINIT_short_in_WRITE
S3-49f4628ee7,G-X,G,False,S,False,True,True,6,8,,,,control_groups_gt_5
S3-69d28e4735,G-X,G,False,S,True,False,False,5,6,,,,DATA_and_VINIT_short_in_WRITE
S3-5c31befe76,G-X,G,False,S,True,False,True,5,7,,,,DATA_and_VINIT_short_in_WRITE
S3-4897775e45,G-X,G,False,S,True,True,False,6,7,,,,control_groups_gt_5
S3-889fb5c0f4,G-X,G,False,S,True,True,True,7,8,,,,control_groups_gt_5
S3-71ba26462d,G-X,G,False,X,False,False,False,4,6,1.0000000000000002,-1.0000000000000007,-1.0,no_intrinsic_DATA_compression
S3-a64b06cd14,G-X,G,False,X,False,False,True,4,7,1.0000000000000002,-1.0000000000000007,-1.0,no_intrinsic_DATA_compression
S3-bc0f0cf6ff,G-X,G,False,X,False,True,False,5,7,1.0000000000000002,-1.0000000000000007,-1.0,no_intrinsic_DATA_compression
S3-6a5c95f426,G-X,G,False,X,False,True,True,6,8,,,,control_groups_gt_5
S3-402498e609,G-X,G,False,X,True,False,False,5,6,1.0000000000000004,-1.0000000000000002,-1.0,no_intrinsic_DATA_compression
S3-ea4986e073,G-X,G,False,X,True,False,True,5,7,1.0000000000000004,-1.0000000000000002,-1.0,no_intrinsic_DATA_compression
S3-20e6a1eb16,G-X,G,False,X,True,True,False,6,7,,,,control_groups_gt_5
S3-405a76e7e2,G-X,G,False,X,True,True,True,7,8,,,,control_groups_gt_5
S3-068210483a,G-X,G,True,G,False,False,False,5,6,1.0,-1.0,-1.0,no_intrinsic_DATA_compression
S3-1d74ac5395,G-X,G,True,G,False,False,True,5,7,1.0,-1.0,-1.0,no_intrinsic_DATA_compression
S3-4f969fcb5d,G-X,G,True,G,False,True,False,6,7,,,,control_groups_gt_5
S3-d66276492a,G-X,G,True,G,False,True,True,7,8,,,,control_groups_gt_5
S3-adc193ae7b,G-X,G,True,G,True,False,False,5,6,1.0,-1.0,-0.9999999999999998,no_intrinsic_DATA_compression
S3-24038791da,G-X,G,True,G,True,False,True,5,7,1.0,-1.0,-0.9999999999999998,no_intrinsic_DATA_compression
S3-dd5c0e95db,G-X,G,True,G,True,True,False,6,7,,,,control_groups_gt_5
S3-61a6db89e5,G-X,G,True,G,True,True,True,7,8,,,,control_groups_gt_5
S3-0a44ed721e,G-X,G,True,S,False,False,False,5,6,,,,DATA_and_VINIT_short_in_WRITE
S3-547687c41f,G-X,G,True,S,False,False,True,5,7,,,,DATA_and_VINIT_short_in_WRITE
S3-77fef1c921,G-X,G,True,S,False,True,False,6,7,,,,control_groups_gt_5
S3-768a7cd79c,G-X,G,True,S,False,True,True,7,8,,,,control_groups_gt_5
S3-5df337263c,G-X,G,True,S,True,False,False,5,6,,,,DATA_and_VINIT_short_in_WRITE
S3-9f2dd9f3d3,G-X,G,True,S,True,False,True,5,7,,,,DATA_and_VINIT_short_in_WRITE
S3-9075a934a7,G-X,G,True,S,True,True,False,6,7,,,,control_groups_gt_5
S3-a65e3824e2,G-X,G,True,S,True,True,True,7,8,,,,control_groups_gt_5
S3-35f2baea36,G-X,G,True,X,False,False,False,5,6,1.0000000000000002,-1.0,-1.0,no_intrinsic_DATA_compression
S3-f89b2106a2,G-X,G,True,X,False,False,True,5,7,1.0000000000000002,-1.0,-1.0,no_intrinsic_DATA_compression
S3-6b6e43df8b,G-X,G,True,X,False,True,False,6,7,,,,control_groups_gt_5
S3-8a2ac285e6,G-X,G,True,X,False,True,True,7,8,,,,control_groups_gt_5
S3-6c734492a1,G-X,G,True,X,True,False,False,5,6,1.0000000000000004,-1.0,-0.9999999999999998,no_intrinsic_DATA_compression
S3-abb659c214,G-X,G,True,X,True,False,True,5,7,1.0000000000000004,-1.0,-0.9999999999999998,no_intrinsic_DATA_compression
S3-8653575957,G-X,G,True,X,True,True,False,6,7,,,,control_groups_gt_5
S3-8fbed8d9cd,G-X,G,True,X,True,True,True,7,8,,,,control_groups_gt_5
S3-369b34be99,G-R,R,False,G,False,False,False,4,6,0.9999999999999998,-1.0,-1.0,no_intrinsic_DATA_compression
S3-5fe10776b3,G-R,R,False,G,False,False,True,4,7,0.9999999999999998,-1.0,-1.0,no_intrinsic_DATA_compression
S3-45846a021a,G-R,R,False,G,False,True,False,5,7,0.9999999999999998,-1.0,-1.0,no_intrinsic_DATA_compression
S3-2821dacc23,G-R,R,False,G,False,True,True,6,8,,,,control_groups_gt_5
S3-08011e0397,G-R,R,False,G,True,False,False,5,6,0.9999999999999998,-1.0,-1.0,no_intrinsic_DATA_compression
S3-61758ff2ca,G-R,R,False,G,True,False,True,5,7,0.9999999999999998,-1.0,-1.0,no_intrinsic_DATA_compression
S3-5a543b6c87,G-R,R,False,G,True,True,False,6,7,,,,control_groups_gt_5
S3-bf6f96471d,G-R,R,False,G,True,True,True,7,8,,,,control_groups_gt_5
S3-dd9e56f80d,G-R,R,False,S,False,False,False,4,6,,,,DATA_and_VINIT_short_in_WRITE
S3-c3fa86c046,G-R,R,False,S,False,False,True,4,7,,,,DATA_and_VINIT_short_in_WRITE
S3-998c43a5e4,G-R,R,False,S,False,True,False,5,7,,,,DATA_and_VINIT_short_in_WRITE
S3-93eab6b5da,G-R,R,False,S,False,True,True,6,8,,,,control_groups_gt_5
S3-b11b0a7b21,G-R,R,False,S,True,False,False,5,6,,,,DATA_and_VINIT_short_in_WRITE
S3-ec79240b18,G-R,R,False,S,True,False,True,5,7,,,,DATA_and_VINIT_short_in_WRITE
S3-70a24486d7,G-R,R,False,S,True,True,False,6,7,,,,control_groups_gt_5
S3-98a81c7465,G-R,R,False,S,True,True,True,7,8,,,,control_groups_gt_5
S3-85e9006df1,G-R,R,False,X,False,False,False,4,6,0.0,-1.0,-1.0,no_intrinsic_DATA_compression
S3-96bc61884d,G-R,R,False,X,False,False,True,4,7,0.0,-1.0,-1.0,no_intrinsic_DATA_compression
S3-b99dd07c0f,G-R,R,False,X,False,True,False,5,7,0.0,-1.0,-1.0,no_intrinsic_DATA_compression
S3-3f01c95261,G-R,R,False,X,False,True,True,6,8,,,,control_groups_gt_5
S3-ac2d985887,G-R,R,False,X,True,False,False,5,6,0.0,-1.0,-1.0,no_intrinsic_DATA_compression
S3-c85767b39f,G-R,R,False,X,True,False,True,5,7,0.0,-1.0,-1.0,no_intrinsic_DATA_compression
S3-3a3df3c15c,G-R,R,False,X,True,True,False,6,7,,,,control_groups_gt_5
S3-0c0c11d0ad,G-R,R,False,X,True,True,True,7,8,,,,control_groups_gt_5
S3-e99f18205c,G-R,R,True,G,False,False,False,5,6,0.9999999999999998,-1.0,-1.0,no_intrinsic_DATA_compression
S3-9766f38fcb,G-R,R,True,G,False,False,True,5,7,0.9999999999999998,-1.0,-1.0,no_intrinsic_DATA_compression
S3-0bd2ff6512,G-R,R,True,G,False,True,False,6,7,,,,control_groups_gt_5
S3-e7d110bea0,G-R,R,True,G,False,True,True,7,8,,,,control_groups_gt_5
S3-2b1bfabb10,G-R,R,True,G,True,False,False,5,6,0.9999999999999998,-1.0,-1.0,no_intrinsic_DATA_compression
S3-7a193a5ff1,G-R,R,True,G,True,False,True,5,7,0.9999999999999998,-1.0,-1.0,no_intrinsic_DATA_compression
S3-1c9f8beed0,G-R,R,True,G,True,True,False,6,7,,,,control_groups_gt_5
S3-cd9bcac486,G-R,R,True,G,True,True,True,7,8,,,,control_groups_gt_5
S3-c3def30380,G-R,R,True,S,False,False,False,5,6,,,,DATA_and_VINIT_short_in_WRITE
S3-1b89b72471,G-R,R,True,S,False,False,True,5,7,,,,DATA_and_VINIT_short_in_WRITE
S3-088f503b46,G-R,R,True,S,False,True,False,6,7,,,,control_groups_gt_5
S3-d948210cad,G-R,R,True,S,False,True,True,7,8,,,,control_groups_gt_5
S3-081954680d,G-R,R,True,S,True,False,False,5,6,,,,DATA_and_VINIT_short_in_WRITE
S3-df0a7fa89b,G-R,R,True,S,True,False,True,5,7,,,,DATA_and_VINIT_short_in_WRITE
S3-2713034b16,G-R,R,True,S,True,True,False,6,7,,,,control_groups_gt_5
S3-3f5d2c88c2,G-R,R,True,S,True,True,True,7,8,,,,control_groups_gt_5
S3-29db86e9b0,G-R,R,True,X,False,False,False,5,6,0.0,-1.0,-1.0,no_intrinsic_DATA_compression
S3-57675c9ccb,G-R,R,True,X,False,False,True,5,7,0.0,-1.0,-1.0,no_intrinsic_DATA_compression
S3-dae7dff144,G-R,R,True,X,False,True,False,6,7,,,,control_groups_gt_5
S3-3d07bd91e4,G-R,R,True,X,False,True,True,7,8,,,,control_groups_gt_5
S3-4d1ef20dcd,G-R,R,True,X,True,False,False,5,6,0.0,-1.0,-1.0,no_intrinsic_DATA_compression
S3-31ee7dc31e,G-R,R,True,X,True,False,True,5,7,0.0,-1.0,-1.0,no_intrinsic_DATA_compression
S3-3d34ba7617,G-R,R,True,X,True,True,False,6,7,,,,control_groups_gt_5
S3-ca9af90742,G-R,R,True,X,True,True,True,7,8,,,,control_groups_gt_5
S3-2faa9ac0ea,G-R,S,False,G,False,False,False,4,6,0.9999999999999998,-1.0,-1.0,no_intrinsic_DATA_compression
S3-60353f6641,G-R,S,False,G,False,False,True,4,7,0.9999999999999998,-1.0,-1.0,no_intrinsic_DATA_compression
S3-24cf976598,G-R,S,False,G,False,True,False,5,7,0.9999999999999998,-1.0,-1.0,no_intrinsic_DATA_compression
S3-de2fadb1bb,G-R,S,False,G,False,True,True,6,8,,,,control_groups_gt_5
S3-1c55a9f4ac,G-R,S,False,G,True,False,False,5,6,0.9999999999999998,-1.0,-0.9999999999999996,no_intrinsic_DATA_compression
S3-e2daa19080,G-R,S,False,G,True,False,True,5,7,0.9999999999999998,-1.0,-0.9999999999999996,no_intrinsic_DATA_compression
S3-c4d0611b18,G-R,S,False,G,True,True,False,6,7,,,,control_groups_gt_5
S3-0db2f0cd65,G-R,S,False,G,True,True,True,7,8,,,,control_groups_gt_5
S3-19438bb3db,G-R,S,False,S,False,False,False,4,6,,,,DATA_and_VINIT_short_in_WRITE
S3-9574f32e85,G-R,S,False,S,False,False,True,4,7,,,,DATA_and_VINIT_short_in_WRITE
S3-790d9193c9,G-R,S,False,S,False,True,False,5,7,,,,DATA_and_VINIT_short_in_WRITE
S3-a2d2f438ed,G-R,S,False,S,False,True,True,6,8,,,,control_groups_gt_5
S3-f5e4a5617c,G-R,S,False,S,True,False,False,5,6,,,,DATA_and_VINIT_short_in_WRITE
S3-6e5d318789,G-R,S,False,S,True,False,True,5,7,,,,DATA_and_VINIT_short_in_WRITE
S3-0a8d64d491,G-R,S,False,S,True,True,False,6,7,,,,control_groups_gt_5
S3-b139cd4420,G-R,S,False,S,True,True,True,7,8,,,,control_groups_gt_5
S3-b3663e5beb,G-R,S,False,X,False,False,False,4,6,0.0,-1.0,-1.0,no_intrinsic_DATA_compression
S3-4e1d8bab70,G-R,S,False,X,False,False,True,4,7,0.0,-1.0,-1.0,no_intrinsic_DATA_compression
S3-d57d9aaf6b,G-R,S,False,X,False,True,False,5,7,0.0,-1.0,-1.0,no_intrinsic_DATA_compression
S3-244868d189,G-R,S,False,X,False,True,True,6,8,,,,control_groups_gt_5
S3-ab3293884e,G-R,S,False,X,True,False,False,5,6,-3.768859243755397e-17,-1.0,-0.9999999999999998,no_intrinsic_DATA_compression
S3-a33218f6e7,G-R,S,False,X,True,False,True,5,7,-3.768859243755397e-17,-1.0,-0.9999999999999998,no_intrinsic_DATA_compression
S3-76fb6dea86,G-R,S,False,X,True,True,False,6,7,,,,control_groups_gt_5
S3-fa80c8cdd3,G-R,S,False,X,True,True,True,7,8,,,,control_groups_gt_5
S3-06874bf965,G-R,S,True,G,False,False,False,5,6,0.9999999999999998,-1.0,-1.0,no_intrinsic_DATA_compression
S3-f9ff4fe20d,G-R,S,True,G,False,False,True,5,7,0.9999999999999998,-1.0,-1.0,no_intrinsic_DATA_compression
S3-6030a4d315,G-R,S,True,G,False,True,False,6,7,,,,control_groups_gt_5
S3-8a213e8c75,G-R,S,True,G,False,True,True,7,8,,,,control_groups_gt_5
S3-368b7bf818,G-R,S,True,G,True,False,False,5,6,0.9999999999999998,-1.0,-0.9999999999999994,no_intrinsic_DATA_compression
S3-4a33aba62e,G-R,S,True,G,True,False,True,5,7,0.9999999999999998,-1.0,-0.9999999999999994,no_intrinsic_DATA_compression
S3-39b99ed488,G-R,S,True,G,True,True,False,6,7,,,,control_groups_gt_5
S3-9392ad273a,G-R,S,True,G,True,True,True,7,8,,,,control_groups_gt_5
S3-7d0952e528,G-R,S,True,S,False,False,False,5,6,,,,DATA_and_VINIT_short_in_WRITE
S3-5792b5cba6,G-R,S,True,S,False,False,True,5,7,,,,DATA_and_VINIT_short_in_WRITE
S3-bf2f1d231e,G-R,S,True,S,False,True,False,6,7,,,,control_groups_gt_5
S3-a9c5e879bb,G-R,S,True,S,False,True,True,7,8,,,,control_groups_gt_5
S3-8fbbe425df,G-R,S,True,S,True,False,False,5,6,,,,DATA_and_VINIT_short_in_WRITE
S3-77068977b0,G-R,S,True,S,True,False,True,5,7,,,,DATA_and_VINIT_short_in_WRITE
S3-463c49722e,G-R,S,True,S,True,True,False,6,7,,,,control_groups_gt_5
S3-16a1a61303,G-R,S,True,S,True,True,True,7,8,,,,control_groups_gt_5
S3-5df37d0198,G-R,S,True,X,False,False,False,5,6,0.0,-1.0,-1.0,no_intrinsic_DATA_compression
S3-ae96ffdb91,G-R,S,True,X,False,False,True,5,7,0.0,-1.0,-1.0,no_intrinsic_DATA_compression
S3-683367bc92,G-R,S,True,X,False,True,False,6,7,,,,control_groups_gt_5
S3-9367ceae88,G-R,S,True,X,False,True,True,7,8,,,,control_groups_gt_5
S3-38625446fb,G-R,S,True,X,True,False,False,5,6,-3.768859243755397e-17,-1.0,-0.9999999999999998,no_intrinsic_DATA_compression
S3-84496780c1,G-R,S,True,X,True,False,True,5,7,-3.768859243755397e-17,-1.0,-0.9999999999999998,no_intrinsic_DATA_compression
S3-135e8c51e9,G-R,S,True,X,True,True,False,6,7,,,,control_groups_gt_5
S3-3ee311b524,G-R,S,True,X,True,True,True,7,8,,,,control_groups_gt_5
S3-697a5724fd,G-R,G,False,G,False,False,False,4,6,0.9999999999999998,-1.0,-1.0,no_intrinsic_DATA_compression
S3-17a6f37267,G-R,G,False,G,False,False,True,4,7,0.9999999999999998,-1.0,-1.0,no_intrinsic_DATA_compression
S3-d28d721a8b,G-R,G,False,G,False,True,False,5,7,0.9999999999999998,-1.0,-1.0,no_intrinsic_DATA_compression
S3-49dd5e3622,G-R,G,False,G,False,True,True,6,8,,,,control_groups_gt_5
S3-f6af3c935d,G-R,G,False,G,True,False,False,5,6,0.9999999999999994,-1.0,-1.0000000000000002,no_intrinsic_DATA_compression
S3-b2d744132b,G-R,G,False,G,True,False,True,5,7,0.9999999999999994,-1.0,-1.0000000000000002,no_intrinsic_DATA_compression
S3-dc0ab9effe,G-R,G,False,G,True,True,False,6,7,,,,control_groups_gt_5
S3-edd2615b4b,G-R,G,False,G,True,True,True,7,8,,,,control_groups_gt_5
S3-9ae28053f7,G-R,G,False,S,False,False,False,4,6,,,,DATA_and_VINIT_short_in_WRITE
S3-474dad7194,G-R,G,False,S,False,False,True,4,7,,,,DATA_and_VINIT_short_in_WRITE
S3-52e41ff930,G-R,G,False,S,False,True,False,5,7,,,,DATA_and_VINIT_short_in_WRITE
S3-1eb289282a,G-R,G,False,S,False,True,True,6,8,,,,control_groups_gt_5
S3-6ab40a1c58,G-R,G,False,S,True,False,False,5,6,,,,DATA_and_VINIT_short_in_WRITE
S3-ba445a73f3,G-R,G,False,S,True,False,True,5,7,,,,DATA_and_VINIT_short_in_WRITE
S3-7d754932d3,G-R,G,False,S,True,True,False,6,7,,,,control_groups_gt_5
S3-a4f0c3ef64,G-R,G,False,S,True,True,True,7,8,,,,control_groups_gt_5
S3-03252d20b3,G-R,G,False,X,False,False,False,4,6,0.0,-0.9999999999999999,-1.0,no_intrinsic_DATA_compression
S3-0ea9a4a456,G-R,G,False,X,False,False,True,4,7,0.0,-0.9999999999999999,-1.0,no_intrinsic_DATA_compression
S3-0d88cd2b65,G-R,G,False,X,False,True,False,5,7,0.0,-0.9999999999999999,-1.0,no_intrinsic_DATA_compression
S3-4d1e7978f9,G-R,G,False,X,False,True,True,6,8,,,,control_groups_gt_5
S3-a4fc524cab,G-R,G,False,X,True,False,False,5,6,3.14018491736755e-16,-0.9999999999999999,-1.0000000000000004,no_intrinsic_DATA_compression
S3-79c3688748,G-R,G,False,X,True,False,True,5,7,3.14018491736755e-16,-0.9999999999999999,-1.0000000000000004,no_intrinsic_DATA_compression
S3-8a065af23e,G-R,G,False,X,True,True,False,6,7,,,,control_groups_gt_5
S3-f258fb44d3,G-R,G,False,X,True,True,True,7,8,,,,control_groups_gt_5
S3-fb3fcf082a,G-R,G,True,G,False,False,False,5,6,0.9999999999999998,-1.0,-1.0,no_intrinsic_DATA_compression
S3-8d0358dbfa,G-R,G,True,G,False,False,True,5,7,0.9999999999999998,-1.0,-1.0,no_intrinsic_DATA_compression
S3-945b1d1364,G-R,G,True,G,False,True,False,6,7,,,,control_groups_gt_5
S3-7e77117e33,G-R,G,True,G,False,True,True,7,8,,,,control_groups_gt_5
S3-b409c170e9,G-R,G,True,G,True,False,False,5,6,0.9999999999999994,-1.0,-1.0000000000000009,no_intrinsic_DATA_compression
S3-eedb0e3ca4,G-R,G,True,G,True,False,True,5,7,0.9999999999999994,-1.0,-1.0000000000000009,no_intrinsic_DATA_compression
S3-b635ac4729,G-R,G,True,G,True,True,False,6,7,,,,control_groups_gt_5
S3-60a1413314,G-R,G,True,G,True,True,True,7,8,,,,control_groups_gt_5
S3-04e0c5214d,G-R,G,True,S,False,False,False,5,6,,,,DATA_and_VINIT_short_in_WRITE
S3-f8634d9e50,G-R,G,True,S,False,False,True,5,7,,,,DATA_and_VINIT_short_in_WRITE
S3-5bf68a484d,G-R,G,True,S,False,True,False,6,7,,,,control_groups_gt_5
S3-acac476890,G-R,G,True,S,False,True,True,7,8,,,,control_groups_gt_5
S3-a5e05179fd,G-R,G,True,S,True,False,False,5,6,,,,DATA_and_VINIT_short_in_WRITE
S3-bc410422d2,G-R,G,True,S,True,False,True,5,7,,,,DATA_and_VINIT_short_in_WRITE
S3-b1eceaf3a6,G-R,G,True,S,True,True,False,6,7,,,,control_groups_gt_5
S3-a2e888e549,G-R,G,True,S,True,True,True,7,8,,,,control_groups_gt_5
S3-2f8b69988d,G-R,G,True,X,False,False,False,5,6,0.0,-1.0000000000000002,-1.0,no_intrinsic_DATA_compression
S3-10d80c7a4b,G-R,G,True,X,False,False,True,5,7,0.0,-1.0000000000000002,-1.0,no_intrinsic_DATA_compression
S3-256027e8e0,G-R,G,True,X,False,True,False,6,7,,,,control_groups_gt_5
S3-bcea54eb40,G-R,G,True,X,False,True,True,7,8,,,,control_groups_gt_5
S3-58e78a3584,G-R,G,True,X,True,False,False,5,6,3.14018491736755e-16,-1.0000000000000002,-1.0000000000000009,no_intrinsic_DATA_compression
S3-cfac359aa9,G-R,G,True,X,True,False,True,5,7,3.14018491736755e-16,-1.0000000000000002,-1.0000000000000009,no_intrinsic_DATA_compression
S3-4470c5a45b,G-R,G,True,X,True,True,False,6,7,,,,control_groups_gt_5
S3-7e0c69e338,G-R,G,True,X,True,True,True,7,8,,,,control_groups_gt_5
S3-3221267355,S-X,R,False,G,False,False,False,4,6,1.0,-1.0,-1.0000000000000002,no_intrinsic_DATA_compression
S3-963dee0aa1,S-X,R,False,G,False,False,True,4,7,1.0,-1.0,-1.0000000000000002,no_intrinsic_DATA_compression
S3-0ef086e078,S-X,R,False,G,False,True,False,5,7,1.0,-1.0,-1.0000000000000002,no_intrinsic_DATA_compression
S3-464112ae53,S-X,R,False,G,False,True,True,6,8,,,,control_groups_gt_5
S3-20290584e9,S-X,R,False,G,True,False,False,5,6,1.0,-1.0,-0.9999999999999996,no_intrinsic_DATA_compression
S3-a8522f797e,S-X,R,False,G,True,False,True,5,7,1.0,-1.0,-0.9999999999999996,no_intrinsic_DATA_compression
S3-1a1449ef28,S-X,R,False,G,True,True,False,6,7,,,,control_groups_gt_5
S3-cc017e04e1,S-X,R,False,G,True,True,True,7,8,,,,control_groups_gt_5
S3-114257ea52,S-X,R,False,S,False,False,False,4,6,,,,DATA_and_VINIT_short_in_WRITE
S3-9aa49e4b05,S-X,R,False,S,False,False,True,4,7,,,,DATA_and_VINIT_short_in_WRITE
S3-abe684e42c,S-X,R,False,S,False,True,False,5,7,,,,DATA_and_VINIT_short_in_WRITE
S3-4329f8e493,S-X,R,False,S,False,True,True,6,8,,,,control_groups_gt_5
S3-6701862310,S-X,R,False,S,True,False,False,5,6,,,,DATA_and_VINIT_short_in_WRITE
S3-aa47eecd9f,S-X,R,False,S,True,False,True,5,7,,,,DATA_and_VINIT_short_in_WRITE
S3-1c0c1c3c4f,S-X,R,False,S,True,True,False,6,7,,,,control_groups_gt_5
S3-1e02c12d11,S-X,R,False,S,True,True,True,7,8,,,,control_groups_gt_5
S3-e433b1780a,S-X,R,False,X,False,False,False,4,6,1.232595164407831e-32,-1.0,-1.0000000000000002,no_intrinsic_DATA_compression
S3-9a152e0146,S-X,R,False,X,False,False,True,4,7,1.232595164407831e-32,-1.0,-1.0000000000000002,no_intrinsic_DATA_compression
S3-9498660401,S-X,R,False,X,False,True,False,5,7,1.232595164407831e-32,-1.0,-1.0000000000000002,no_intrinsic_DATA_compression
S3-0b74fda16d,S-X,R,False,X,False,True,True,6,8,,,,control_groups_gt_5
S3-9f6ce49313,S-X,R,False,X,True,False,False,5,6,1.6024689053196365e-17,-1.0,-0.9999999999999996,no_intrinsic_DATA_compression
S3-bc59483ebd,S-X,R,False,X,True,False,True,5,7,1.6024689053196365e-17,-1.0,-0.9999999999999996,no_intrinsic_DATA_compression
S3-b47dcca752,S-X,R,False,X,True,True,False,6,7,,,,control_groups_gt_5
S3-4719e34f22,S-X,R,False,X,True,True,True,7,8,,,,control_groups_gt_5
S3-53193bafb4,S-X,R,True,G,False,False,False,5,6,1.0,-1.0,-1.0000000000000002,no_intrinsic_DATA_compression
S3-1889347fef,S-X,R,True,G,False,False,True,5,7,1.0,-1.0,-1.0000000000000002,no_intrinsic_DATA_compression
S3-77176d46ef,S-X,R,True,G,False,True,False,6,7,,,,control_groups_gt_5
S3-163cc16978,S-X,R,True,G,False,True,True,7,8,,,,control_groups_gt_5
S3-e5a487114b,S-X,R,True,G,True,False,False,5,6,1.0,-1.0,-0.9999999999999998,no_intrinsic_DATA_compression
S3-d6963d4e00,S-X,R,True,G,True,False,True,5,7,1.0,-1.0,-0.9999999999999998,no_intrinsic_DATA_compression
S3-f09448ce2e,S-X,R,True,G,True,True,False,6,7,,,,control_groups_gt_5
S3-01e3ca93c4,S-X,R,True,G,True,True,True,7,8,,,,control_groups_gt_5
S3-51071d8a64,S-X,R,True,S,False,False,False,5,6,,,,DATA_and_VINIT_short_in_WRITE
S3-6fcf3c1a7e,S-X,R,True,S,False,False,True,5,7,,,,DATA_and_VINIT_short_in_WRITE
S3-28c1ba7451,S-X,R,True,S,False,True,False,6,7,,,,control_groups_gt_5
S3-6c9843e20b,S-X,R,True,S,False,True,True,7,8,,,,control_groups_gt_5
S3-52a7fee857,S-X,R,True,S,True,False,False,5,6,,,,DATA_and_VINIT_short_in_WRITE
S3-0ff35950f9,S-X,R,True,S,True,False,True,5,7,,,,DATA_and_VINIT_short_in_WRITE
S3-c4b1dc0400,S-X,R,True,S,True,True,False,6,7,,,,control_groups_gt_5
S3-dfe21773eb,S-X,R,True,S,True,True,True,7,8,,,,control_groups_gt_5
S3-3968078f15,S-X,R,True,X,False,False,False,5,6,1.232595164407831e-32,-1.0,-1.0000000000000002,no_intrinsic_DATA_compression
S3-fcd82bdfeb,S-X,R,True,X,False,False,True,5,7,1.232595164407831e-32,-1.0,-1.0000000000000002,no_intrinsic_DATA_compression
S3-ec6f2bb0b7,S-X,R,True,X,False,True,False,6,7,,,,control_groups_gt_5
S3-571bdb9ab0,S-X,R,True,X,False,True,True,7,8,,,,control_groups_gt_5
S3-3d9f1123ec,S-X,R,True,X,True,False,False,5,6,1.6024689053196365e-17,-1.0,-1.0,no_intrinsic_DATA_compression
S3-c93598c8da,S-X,R,True,X,True,False,True,5,7,1.6024689053196365e-17,-1.0,-1.0,no_intrinsic_DATA_compression
S3-1892df28a2,S-X,R,True,X,True,True,False,6,7,,,,control_groups_gt_5
S3-16845d4240,S-X,R,True,X,True,True,True,7,8,,,,control_groups_gt_5
S3-52c24df3b5,S-X,S,False,G,False,False,False,4,6,1.0,-1.0,-1.0000000000000002,no_intrinsic_DATA_compression
S3-b73a99fad5,S-X,S,False,G,False,False,True,4,7,1.0,-1.0,-1.0000000000000002,no_intrinsic_DATA_compression
S3-50f04494b1,S-X,S,False,G,False,True,False,5,7,1.0,-1.0,-1.0000000000000002,no_intrinsic_DATA_compression
S3-e3097e892f,S-X,S,False,G,False,True,True,6,8,,,,control_groups_gt_5
S3-3fde3021f6,S-X,S,False,G,True,False,False,5,6,1.0,-1.0,-0.9999999999999999,no_intrinsic_DATA_compression
S3-a4f02bd484,S-X,S,False,G,True,False,True,5,7,1.0,-1.0,-0.9999999999999999,no_intrinsic_DATA_compression
S3-97ad1426df,S-X,S,False,G,True,True,False,6,7,,,,control_groups_gt_5
S3-aa365aeb63,S-X,S,False,G,True,True,True,7,8,,,,control_groups_gt_5
S3-9d080ad415,S-X,S,False,S,False,False,False,4,6,,,,DATA_and_VINIT_short_in_WRITE
S3-3060487103,S-X,S,False,S,False,False,True,4,7,,,,DATA_and_VINIT_short_in_WRITE
S3-2f335db652,S-X,S,False,S,False,True,False,5,7,,,,DATA_and_VINIT_short_in_WRITE
S3-0cf5fbf6f9,S-X,S,False,S,False,True,True,6,8,,,,control_groups_gt_5
S3-2f776a83b3,S-X,S,False,S,True,False,False,5,6,,,,DATA_and_VINIT_short_in_WRITE
S3-36c012ddd8,S-X,S,False,S,True,False,True,5,7,,,,DATA_and_VINIT_short_in_WRITE
S3-4a2a2b88b2,S-X,S,False,S,True,True,False,6,7,,,,control_groups_gt_5
S3-ef6bf9369c,S-X,S,False,S,True,True,True,7,8,,,,control_groups_gt_5
S3-078fd1becb,S-X,S,False,X,False,False,False,4,6,1.232595164407831e-32,-1.0,-1.0000000000000002,no_intrinsic_DATA_compression
S3-6f8a81541d,S-X,S,False,X,False,False,True,4,7,1.232595164407831e-32,-1.0,-1.0000000000000002,no_intrinsic_DATA_compression
S3-e650ff9b75,S-X,S,False,X,False,True,False,5,7,1.232595164407831e-32,-1.0,-1.0000000000000002,no_intrinsic_DATA_compression
S3-75435a2fed,S-X,S,False,X,False,True,True,6,8,,,,control_groups_gt_5
S3-27da9cb69d,S-X,S,False,X,True,False,False,5,6,9.070381091855546e-17,-1.0,-0.9999999999999998,no_intrinsic_DATA_compression
S3-661db822a5,S-X,S,False,X,True,False,True,5,7,9.070381091855546e-17,-1.0,-0.9999999999999998,no_intrinsic_DATA_compression
S3-7521347b53,S-X,S,False,X,True,True,False,6,7,,,,control_groups_gt_5
S3-bd7f42b74c,S-X,S,False,X,True,True,True,7,8,,,,control_groups_gt_5
S3-acb4385bca,S-X,S,True,G,False,False,False,5,6,1.0,-1.0,-1.0000000000000002,no_intrinsic_DATA_compression
S3-a94bbffe3b,S-X,S,True,G,False,False,True,5,7,1.0,-1.0,-1.0000000000000002,no_intrinsic_DATA_compression
S3-61bff4834a,S-X,S,True,G,False,True,False,6,7,,,,control_groups_gt_5
S3-45c45f486c,S-X,S,True,G,False,True,True,7,8,,,,control_groups_gt_5
S3-84683bfa35,S-X,S,True,G,True,False,False,5,6,1.0,-1.0,-0.9999999999999999,no_intrinsic_DATA_compression
S3-4cf64096c2,S-X,S,True,G,True,False,True,5,7,1.0,-1.0,-0.9999999999999999,no_intrinsic_DATA_compression
S3-b31510d31b,S-X,S,True,G,True,True,False,6,7,,,,control_groups_gt_5
S3-2b1127943f,S-X,S,True,G,True,True,True,7,8,,,,control_groups_gt_5
S3-08faa96242,S-X,S,True,S,False,False,False,5,6,,,,DATA_and_VINIT_short_in_WRITE
S3-135146f3df,S-X,S,True,S,False,False,True,5,7,,,,DATA_and_VINIT_short_in_WRITE
S3-86f2988f10,S-X,S,True,S,False,True,False,6,7,,,,control_groups_gt_5
S3-5fdcd8034b,S-X,S,True,S,False,True,True,7,8,,,,control_groups_gt_5
S3-c785c8e65a,S-X,S,True,S,True,False,False,5,6,,,,DATA_and_VINIT_short_in_WRITE
S3-1205aad374,S-X,S,True,S,True,False,True,5,7,,,,DATA_and_VINIT_short_in_WRITE
S3-f9b6114db8,S-X,S,True,S,True,True,False,6,7,,,,control_groups_gt_5
S3-a48ab75d4d,S-X,S,True,S,True,True,True,7,8,,,,control_groups_gt_5
S3-5b1c79941d,S-X,S,True,X,False,False,False,5,6,1.232595164407831e-32,-1.0,-1.0000000000000002,no_intrinsic_DATA_compression
S3-70aa5966d2,S-X,S,True,X,False,False,True,5,7,1.232595164407831e-32,-1.0,-1.0000000000000002,no_intrinsic_DATA_compression
S3-cfb653ea3b,S-X,S,True,X,False,True,False,6,7,,,,control_groups_gt_5
S3-ea6ec8638a,S-X,S,True,X,False,True,True,7,8,,,,control_groups_gt_5
S3-ec73e545a0,S-X,S,True,X,True,False,False,5,6,9.070381091855546e-17,-1.0,-0.9999999999999998,no_intrinsic_DATA_compression
S3-7a703b0dee,S-X,S,True,X,True,False,True,5,7,9.070381091855546e-17,-1.0,-0.9999999999999998,no_intrinsic_DATA_compression
S3-4286b5e5ab,S-X,S,True,X,True,True,False,6,7,,,,control_groups_gt_5
S3-51eb463f43,S-X,S,True,X,True,True,True,7,8,,,,control_groups_gt_5
S3-d8b9866b89,S-X,G,False,G,False,False,False,4,6,1.0,-1.0,-1.0000000000000002,no_intrinsic_DATA_compression
S3-4fafe3d59b,S-X,G,False,G,False,False,True,4,7,1.0,-1.0,-1.0000000000000002,no_intrinsic_DATA_compression
S3-be366a8290,S-X,G,False,G,False,True,False,5,7,1.0,-1.0,-1.0000000000000002,no_intrinsic_DATA_compression
S3-bae99b496b,S-X,G,False,G,False,True,True,6,8,,,,control_groups_gt_5
S3-609cd3badb,S-X,G,False,G,True,False,False,5,6,-1.0418578746313141e-15,2.220446049250313e-16,2.220446049250313e-15,no_intrinsic_DATA_compression
S3-d4dfbb1136,S-X,G,False,G,True,False,True,5,7,-1.0418578746313141e-15,2.220446049250313e-16,2.220446049250313e-15,no_intrinsic_DATA_compression
S3-1e0a58df1a,S-X,G,False,G,True,True,False,6,7,,,,control_groups_gt_5
S3-1132ba3d0e,S-X,G,False,G,True,True,True,7,8,,,,control_groups_gt_5
S3-6a9a063dca,S-X,G,False,S,False,False,False,4,6,,,,DATA_and_VINIT_short_in_WRITE
S3-2c3fa50723,S-X,G,False,S,False,False,True,4,7,,,,DATA_and_VINIT_short_in_WRITE
S3-89ffe89581,S-X,G,False,S,False,True,False,5,7,,,,DATA_and_VINIT_short_in_WRITE
S3-63313eeaa2,S-X,G,False,S,False,True,True,6,8,,,,control_groups_gt_5
S3-0aee21a759,S-X,G,False,S,True,False,False,5,6,,,,DATA_and_VINIT_short_in_WRITE
S3-d4ff098f39,S-X,G,False,S,True,False,True,5,7,,,,DATA_and_VINIT_short_in_WRITE
S3-19866cae5d,S-X,G,False,S,True,True,False,6,7,,,,control_groups_gt_5
S3-6a4525365e,S-X,G,False,S,True,True,True,7,8,,,,control_groups_gt_5
S3-cb40cdebe7,S-X,G,False,X,False,False,False,4,6,1.232595164407831e-32,-1.0000000000000016,-1.0,no_intrinsic_DATA_compression
S3-969936a09f,S-X,G,False,X,False,False,True,4,7,1.232595164407831e-32,-1.0000000000000016,-1.0,no_intrinsic_DATA_compression
S3-9fecfe6f95,S-X,G,False,X,False,True,False,5,7,1.232595164407831e-32,-1.0000000000000016,-1.0,no_intrinsic_DATA_compression
S3-4a3e823da6,S-X,G,False,X,False,True,True,6,8,,,,control_groups_gt_5
S3-8889265809,S-X,G,False,X,True,False,False,5,6,1.000000000000001,-1.0000000000000002,2.220446049250313e-15,no_intrinsic_DATA_compression
S3-4f48af7056,S-X,G,False,X,True,False,True,5,7,1.000000000000001,-1.0000000000000002,2.220446049250313e-15,no_intrinsic_DATA_compression
S3-7378a708ac,S-X,G,False,X,True,True,False,6,7,,,,control_groups_gt_5
S3-7d48266a99,S-X,G,False,X,True,True,True,7,8,,,,control_groups_gt_5
S3-bb871b02f0,S-X,G,True,G,False,False,False,5,6,1.0,-0.9999999999999999,-1.0000000000000002,no_intrinsic_DATA_compression
S3-811381cf07,S-X,G,True,G,False,False,True,5,7,1.0,-0.9999999999999999,-1.0000000000000002,no_intrinsic_DATA_compression
S3-60370a0130,S-X,G,True,G,False,True,False,6,7,,,,control_groups_gt_5
S3-dbfee97d4d,S-X,G,True,G,False,True,True,7,8,,,,control_groups_gt_5
S3-6ce967f598,S-X,G,True,G,True,False,False,5,6,-1.0418578746313141e-15,1.1102230246251565e-15,2.6645352591003757e-15,no_intrinsic_DATA_compression
S3-dfc4950e94,S-X,G,True,G,True,False,True,5,7,-1.0418578746313141e-15,1.1102230246251565e-15,2.6645352591003757e-15,no_intrinsic_DATA_compression
S3-df5d8b131f,S-X,G,True,G,True,True,False,6,7,,,,control_groups_gt_5
S3-42ed1604c9,S-X,G,True,G,True,True,True,7,8,,,,control_groups_gt_5
S3-d425c12260,S-X,G,True,S,False,False,False,5,6,,,,DATA_and_VINIT_short_in_WRITE
S3-ec55fa6c59,S-X,G,True,S,False,False,True,5,7,,,,DATA_and_VINIT_short_in_WRITE
S3-6e36c97e2f,S-X,G,True,S,False,True,False,6,7,,,,control_groups_gt_5
S3-6906136850,S-X,G,True,S,False,True,True,7,8,,,,control_groups_gt_5
S3-7f2da4389a,S-X,G,True,S,True,False,False,5,6,,,,DATA_and_VINIT_short_in_WRITE
S3-b8543a5061,S-X,G,True,S,True,False,True,5,7,,,,DATA_and_VINIT_short_in_WRITE
S3-da4eb38e27,S-X,G,True,S,True,True,False,6,7,,,,control_groups_gt_5
S3-bae4af3e39,S-X,G,True,S,True,True,True,7,8,,,,control_groups_gt_5
S3-217ca1d761,S-X,G,True,X,False,False,False,5,6,1.232595164407831e-32,-3.3306690738754696e-16,-1.0000000000000002,no_intrinsic_DATA_compression
S3-ccc66d7d7f,S-X,G,True,X,False,False,True,5,7,1.232595164407831e-32,-3.3306690738754696e-16,-1.0000000000000002,no_intrinsic_DATA_compression
S3-024e8a888f,S-X,G,True,X,False,True,False,6,7,,,,control_groups_gt_5
S3-8ef45440c0,S-X,G,True,X,False,True,True,7,8,,,,control_groups_gt_5
S3-56f8b56133,S-X,G,True,X,True,False,False,5,6,1.000000000000001,-1.000000000000001,2.220446049250313e-15,no_intrinsic_DATA_compression
S3-8d1c2c64a0,S-X,G,True,X,True,False,True,5,7,1.000000000000001,-1.000000000000001,2.220446049250313e-15,no_intrinsic_DATA_compression
S3-beda878265,S-X,G,True,X,True,True,False,6,7,,,,control_groups_gt_5
S3-0a98285b40,S-X,G,True,X,True,True,True,7,8,,,,control_groups_gt_5
S3-207e34483e,S-R,R,False,G,False,False,False,4,6,1.0,-1.0,-0.9999999999999998,no_intrinsic_DATA_compression
S3-4bcbb0a21c,S-R,R,False,G,False,False,True,4,7,1.0,-1.0,-0.9999999999999998,no_intrinsic_DATA_compression
S3-acc8ba2c5a,S-R,R,False,G,False,True,False,5,7,1.0,-1.0,-0.9999999999999998,no_intrinsic_DATA_compression
S3-4129b26ba8,S-R,R,False,G,False,True,True,6,8,,,,control_groups_gt_5
S3-9195c73867,S-R,R,False,G,True,False,False,5,6,1.0,-1.0,-0.9999999999999998,no_intrinsic_DATA_compression
S3-0482631632,S-R,R,False,G,True,False,True,5,7,1.0,-1.0,-0.9999999999999998,no_intrinsic_DATA_compression
S3-66a8225c50,S-R,R,False,G,True,True,False,6,7,,,,control_groups_gt_5
S3-818036814c,S-R,R,False,G,True,True,True,7,8,,,,control_groups_gt_5
S3-065794d2ea,S-R,R,False,S,False,False,False,4,6,,,,DATA_and_VINIT_short_in_WRITE
S3-d8bfdde359,S-R,R,False,S,False,False,True,4,7,,,,DATA_and_VINIT_short_in_WRITE
S3-d701c8e1a4,S-R,R,False,S,False,True,False,5,7,,,,DATA_and_VINIT_short_in_WRITE
S3-897c87a0bb,S-R,R,False,S,False,True,True,6,8,,,,control_groups_gt_5
S3-133bade31e,S-R,R,False,S,True,False,False,5,6,,,,DATA_and_VINIT_short_in_WRITE
S3-ff09950a4e,S-R,R,False,S,True,False,True,5,7,,,,DATA_and_VINIT_short_in_WRITE
S3-5ddbfd82c9,S-R,R,False,S,True,True,False,6,7,,,,control_groups_gt_5
S3-35f81c905d,S-R,R,False,S,True,True,True,7,8,,,,control_groups_gt_5
S3-cecb9f422f,S-R,R,False,X,False,False,False,4,6,0.0,-1.0,-0.9999999999999996,no_intrinsic_DATA_compression
S3-b1a0fdfd49,S-R,R,False,X,False,False,True,4,7,0.0,-1.0,-0.9999999999999996,no_intrinsic_DATA_compression
S3-2ea2cd8cbf,S-R,R,False,X,False,True,False,5,7,0.0,-1.0,-0.9999999999999996,no_intrinsic_DATA_compression
S3-9e603093d7,S-R,R,False,X,False,True,True,6,8,,,,control_groups_gt_5
S3-7c6f5be085,S-R,R,False,X,True,False,False,5,6,0.0,-1.0,-0.9999999999999996,no_intrinsic_DATA_compression
S3-168a639499,S-R,R,False,X,True,False,True,5,7,0.0,-1.0,-0.9999999999999996,no_intrinsic_DATA_compression
S3-371d8522d5,S-R,R,False,X,True,True,False,6,7,,,,control_groups_gt_5
S3-a87e3e37e1,S-R,R,False,X,True,True,True,7,8,,,,control_groups_gt_5
S3-fde4113309,S-R,R,True,G,False,False,False,5,6,1.0,-1.0,-0.9999999999999998,no_intrinsic_DATA_compression
S3-9e574a9673,S-R,R,True,G,False,False,True,5,7,1.0,-1.0,-0.9999999999999998,no_intrinsic_DATA_compression
S3-38cee7b805,S-R,R,True,G,False,True,False,6,7,,,,control_groups_gt_5
S3-f1bd23ccfd,S-R,R,True,G,False,True,True,7,8,,,,control_groups_gt_5
S3-f430375b43,S-R,R,True,G,True,False,False,5,6,1.0,-1.0,-0.9999999999999998,no_intrinsic_DATA_compression
S3-1f87ec2639,S-R,R,True,G,True,False,True,5,7,1.0,-1.0,-0.9999999999999998,no_intrinsic_DATA_compression
S3-eb4cfe6ccd,S-R,R,True,G,True,True,False,6,7,,,,control_groups_gt_5
S3-c79a4071db,S-R,R,True,G,True,True,True,7,8,,,,control_groups_gt_5
S3-88d2c7a9ba,S-R,R,True,S,False,False,False,5,6,,,,DATA_and_VINIT_short_in_WRITE
S3-0915eda522,S-R,R,True,S,False,False,True,5,7,,,,DATA_and_VINIT_short_in_WRITE
S3-3e1c6c23e7,S-R,R,True,S,False,True,False,6,7,,,,control_groups_gt_5
S3-10acf660f5,S-R,R,True,S,False,True,True,7,8,,,,control_groups_gt_5
S3-40aa8b1283,S-R,R,True,S,True,False,False,5,6,,,,DATA_and_VINIT_short_in_WRITE
S3-e9485d1eac,S-R,R,True,S,True,False,True,5,7,,,,DATA_and_VINIT_short_in_WRITE
S3-e6cc209d11,S-R,R,True,S,True,True,False,6,7,,,,control_groups_gt_5
S3-05fb70547a,S-R,R,True,S,True,True,True,7,8,,,,control_groups_gt_5
S3-2f4b2bc92e,S-R,R,True,X,False,False,False,5,6,0.0,-1.0,-0.9999999999999996,no_intrinsic_DATA_compression
S3-8d36e1be69,S-R,R,True,X,False,False,True,5,7,0.0,-1.0,-0.9999999999999996,no_intrinsic_DATA_compression
S3-98b0062813,S-R,R,True,X,False,True,False,6,7,,,,control_groups_gt_5
S3-34991292dc,S-R,R,True,X,False,True,True,7,8,,,,control_groups_gt_5
S3-fd84a58608,S-R,R,True,X,True,False,False,5,6,0.0,-1.0,-0.9999999999999996,no_intrinsic_DATA_compression
S3-6a55d2dbcd,S-R,R,True,X,True,False,True,5,7,0.0,-1.0,-0.9999999999999996,no_intrinsic_DATA_compression
S3-41e7f3001e,S-R,R,True,X,True,True,False,6,7,,,,control_groups_gt_5
S3-c873b2ae1e,S-R,R,True,X,True,True,True,7,8,,,,control_groups_gt_5
S3-78c3b4dfde,S-R,S,False,G,False,False,False,4,6,1.0,-1.0,-0.9999999999999998,no_intrinsic_DATA_compression
S3-4be8658223,S-R,S,False,G,False,False,True,4,7,1.0,-1.0,-0.9999999999999998,no_intrinsic_DATA_compression
S3-b0d4c2ecb8,S-R,S,False,G,False,True,False,5,7,1.0,-1.0,-0.9999999999999998,no_intrinsic_DATA_compression
S3-a7370d1aad,S-R,S,False,G,False,True,True,6,8,,,,control_groups_gt_5
S3-85b59544fa,S-R,S,False,G,True,False,False,5,6,1.0,-0.9999999999999998,-0.9999999999999996,no_intrinsic_DATA_compression
S3-99631dd6a2,S-R,S,False,G,True,False,True,5,7,1.0,-0.9999999999999998,-0.9999999999999996,no_intrinsic_DATA_compression
S3-591c3f930e,S-R,S,False,G,True,True,False,6,7,,,,control_groups_gt_5
S3-5c106ecebd,S-R,S,False,G,True,True,True,7,8,,,,control_groups_gt_5
S3-ac42944746,S-R,S,False,S,False,False,False,4,6,,,,DATA_and_VINIT_short_in_WRITE
S3-6cec80557d,S-R,S,False,S,False,False,True,4,7,,,,DATA_and_VINIT_short_in_WRITE
S3-b0a8b01157,S-R,S,False,S,False,True,False,5,7,,,,DATA_and_VINIT_short_in_WRITE
S3-38748e6e42,S-R,S,False,S,False,True,True,6,8,,,,control_groups_gt_5
S3-e621e17e31,S-R,S,False,S,True,False,False,5,6,,,,DATA_and_VINIT_short_in_WRITE
S3-c9c76fe8ae,S-R,S,False,S,True,False,True,5,7,,,,DATA_and_VINIT_short_in_WRITE
S3-208d01dca8,S-R,S,False,S,True,True,False,6,7,,,,control_groups_gt_5
S3-b819c84171,S-R,S,False,S,True,True,True,7,8,,,,control_groups_gt_5
S3-b43fd5b4dc,S-R,S,False,X,False,False,False,4,6,0.0,-1.0,-0.9999999999999996,no_intrinsic_DATA_compression
S3-b706984423,S-R,S,False,X,False,False,True,4,7,0.0,-1.0,-0.9999999999999996,no_intrinsic_DATA_compression
S3-234765d83e,S-R,S,False,X,False,True,False,5,7,0.0,-1.0,-0.9999999999999996,no_intrinsic_DATA_compression
S3-6dda4dddcc,S-R,S,False,X,False,True,True,6,8,,,,control_groups_gt_5
S3-47f81375fe,S-R,S,False,X,True,False,False,5,6,-3.2049378106392735e-16,-1.0,-1.0,no_intrinsic_DATA_compression
S3-3502f107ff,S-R,S,False,X,True,False,True,5,7,-3.2049378106392735e-16,-1.0,-1.0,no_intrinsic_DATA_compression
S3-ea0d68c0b3,S-R,S,False,X,True,True,False,6,7,,,,control_groups_gt_5
S3-c52c313088,S-R,S,False,X,True,True,True,7,8,,,,control_groups_gt_5
S3-15f68837b9,S-R,S,True,G,False,False,False,5,6,1.0,-1.0,-0.9999999999999998,no_intrinsic_DATA_compression
S3-e627369526,S-R,S,True,G,False,False,True,5,7,1.0,-1.0,-0.9999999999999998,no_intrinsic_DATA_compression
S3-052bd686a0,S-R,S,True,G,False,True,False,6,7,,,,control_groups_gt_5
S3-0fa6505ea8,S-R,S,True,G,False,True,True,7,8,,,,control_groups_gt_5
S3-06cae5bb29,S-R,S,True,G,True,False,False,5,6,1.0,-1.0,-1.0,no_intrinsic_DATA_compression
S3-6b4f00dc4a,S-R,S,True,G,True,False,True,5,7,1.0,-1.0,-1.0,no_intrinsic_DATA_compression
S3-1999e4d4b6,S-R,S,True,G,True,True,False,6,7,,,,control_groups_gt_5
S3-9cfd90e7fa,S-R,S,True,G,True,True,True,7,8,,,,control_groups_gt_5
S3-f79697306e,S-R,S,True,S,False,False,False,5,6,,,,DATA_and_VINIT_short_in_WRITE
S3-96299441ca,S-R,S,True,S,False,False,True,5,7,,,,DATA_and_VINIT_short_in_WRITE
S3-12730d46ba,S-R,S,True,S,False,True,False,6,7,,,,control_groups_gt_5
S3-499be4f2a7,S-R,S,True,S,False,True,True,7,8,,,,control_groups_gt_5
S3-7115d3d56d,S-R,S,True,S,True,False,False,5,6,,,,DATA_and_VINIT_short_in_WRITE
S3-5b89a5a693,S-R,S,True,S,True,False,True,5,7,,,,DATA_and_VINIT_short_in_WRITE
S3-36225c885c,S-R,S,True,S,True,True,False,6,7,,,,control_groups_gt_5
S3-9c18a113fb,S-R,S,True,S,True,True,True,7,8,,,,control_groups_gt_5
S3-01808410aa,S-R,S,True,X,False,False,False,5,6,0.0,-1.0,-0.9999999999999996,no_intrinsic_DATA_compression
S3-a2c4d2dbda,S-R,S,True,X,False,False,True,5,7,0.0,-1.0,-0.9999999999999996,no_intrinsic_DATA_compression
S3-7443a9801b,S-R,S,True,X,False,True,False,6,7,,,,control_groups_gt_5
S3-f20da3ba5e,S-R,S,True,X,False,True,True,7,8,,,,control_groups_gt_5
S3-49c19f2e2c,S-R,S,True,X,True,False,False,5,6,-3.2049378106392735e-16,-1.0,-1.0,no_intrinsic_DATA_compression
S3-ad1fcb2ac7,S-R,S,True,X,True,False,True,5,7,-3.2049378106392735e-16,-1.0,-1.0,no_intrinsic_DATA_compression
S3-58b54f8a15,S-R,S,True,X,True,True,False,6,7,,,,control_groups_gt_5
S3-423c76ce81,S-R,S,True,X,True,True,True,7,8,,,,control_groups_gt_5
S3-0adaf41027,S-R,G,False,G,False,False,False,4,6,1.0,-1.0,-0.9999999999999998,no_intrinsic_DATA_compression
S3-365ad111b5,S-R,G,False,G,False,False,True,4,7,1.0,-1.0,-0.9999999999999998,no_intrinsic_DATA_compression
S3-20f1cfab02,S-R,G,False,G,False,True,False,5,7,1.0,-1.0,-0.9999999999999998,no_intrinsic_DATA_compression
S3-3838f3ae25,S-R,G,False,G,False,True,True,6,8,,,,control_groups_gt_5
S3-42983cf650,S-R,G,False,G,True,False,False,5,6,0.4999999999999999,-1.0,-0.9999999999999999,compression_only_after_WRITE
S3-a36b4d1d52,S-R,G,False,G,True,False,True,5,7,0.4999999999999999,-1.0,-0.9999999999999999,compression_only_after_WRITE
S3-fde2fbafd7,S-R,G,False,G,True,True,False,6,7,,,,control_groups_gt_5
S3-9959d14d30,S-R,G,False,G,True,True,True,7,8,,,,control_groups_gt_5
S3-d917857914,S-R,G,False,S,False,False,False,4,6,,,,DATA_and_VINIT_short_in_WRITE
S3-8b0c1060fd,S-R,G,False,S,False,False,True,4,7,,,,DATA_and_VINIT_short_in_WRITE
S3-74412af671,S-R,G,False,S,False,True,False,5,7,,,,DATA_and_VINIT_short_in_WRITE
S3-72e9d13604,S-R,G,False,S,False,True,True,6,8,,,,control_groups_gt_5
S3-40e2233d2a,S-R,G,False,S,True,False,False,5,6,,,,DATA_and_VINIT_short_in_WRITE
S3-877c8b0c5d,S-R,G,False,S,True,False,True,5,7,,,,DATA_and_VINIT_short_in_WRITE
S3-7d87c9167a,S-R,G,False,S,True,True,False,6,7,,,,control_groups_gt_5
S3-8f713d081b,S-R,G,False,S,True,True,True,7,8,,,,control_groups_gt_5
S3-f65abf482e,S-R,G,False,X,False,False,False,4,6,0.0,-1.0,-0.9999999999999998,no_intrinsic_DATA_compression
S3-a7edcb1a25,S-R,G,False,X,False,False,True,4,7,0.0,-1.0,-0.9999999999999998,no_intrinsic_DATA_compression
S3-8ee032fe91,S-R,G,False,X,False,True,False,5,7,0.0,-1.0,-0.9999999999999998,no_intrinsic_DATA_compression
S3-483b0245be,S-R,G,False,X,False,True,True,6,8,,,,control_groups_gt_5
S3-185482e2d2,S-R,G,False,X,True,False,False,5,6,0.5000000000000001,-1.0,-1.0,compression_only_after_WRITE
S3-04fca5e8ca,S-R,G,False,X,True,False,True,5,7,0.5000000000000001,-1.0,-1.0,compression_only_after_WRITE
S3-a44b897abc,S-R,G,False,X,True,True,False,6,7,,,,control_groups_gt_5
S3-6ef3b0ef84,S-R,G,False,X,True,True,True,7,8,,,,control_groups_gt_5
S3-e33682b958,S-R,G,True,G,False,False,False,5,6,1.0,-1.0,-0.9999999999999998,no_intrinsic_DATA_compression
S3-67422ecc9b,S-R,G,True,G,False,False,True,5,7,1.0,-1.0,-0.9999999999999998,no_intrinsic_DATA_compression
S3-f829c8ac0a,S-R,G,True,G,False,True,False,6,7,,,,control_groups_gt_5
S3-33b5848de2,S-R,G,True,G,False,True,True,7,8,,,,control_groups_gt_5
S3-0127639993,S-R,G,True,G,True,False,False,5,6,0.4999999999999999,-1.0,-0.9999999999999999,compression_only_after_WRITE
S3-f039b4caa9,S-R,G,True,G,True,False,True,5,7,0.4999999999999999,-1.0,-0.9999999999999999,compression_only_after_WRITE
S3-1ce68105bf,S-R,G,True,G,True,True,False,6,7,,,,control_groups_gt_5
S3-3718f18031,S-R,G,True,G,True,True,True,7,8,,,,control_groups_gt_5
S3-01d74ea135,S-R,G,True,S,False,False,False,5,6,,,,DATA_and_VINIT_short_in_WRITE
S3-faf92abd8c,S-R,G,True,S,False,False,True,5,7,,,,DATA_and_VINIT_short_in_WRITE
S3-d7cc008f22,S-R,G,True,S,False,True,False,6,7,,,,control_groups_gt_5
S3-87d650c4cd,S-R,G,True,S,False,True,True,7,8,,,,control_groups_gt_5
S3-d546009d37,S-R,G,True,S,True,False,False,5,6,,,,DATA_and_VINIT_short_in_WRITE
S3-e9b7194d02,S-R,G,True,S,True,False,True,5,7,,,,DATA_and_VINIT_short_in_WRITE
S3-e96320ae43,S-R,G,True,S,True,True,False,6,7,,,,control_groups_gt_5
S3-4b714e072f,S-R,G,True,S,True,True,True,7,8,,,,control_groups_gt_5
S3-107ae092e5,S-R,G,True,X,False,False,False,5,6,0.0,-1.0,-0.9999999999999998,no_intrinsic_DATA_compression
S3-179630f648,S-R,G,True,X,False,False,True,5,7,0.0,-1.0,-0.9999999999999998,no_intrinsic_DATA_compression
S3-1a2761f25f,S-R,G,True,X,False,True,False,6,7,,,,control_groups_gt_5
S3-eaaebdcc91,S-R,G,True,X,False,True,True,7,8,,,,control_groups_gt_5
S3-428bc3504a,S-R,G,True,X,True,False,False,5,6,0.5000000000000001,-1.0,-1.0,compression_only_after_WRITE
S3-f91dd71c66,S-R,G,True,X,True,False,True,5,7,0.5000000000000001,-1.0,-1.0,compression_only_after_WRITE
S3-d5aa5d41fd,S-R,G,True,X,True,True,False,6,7,,,,control_groups_gt_5
S3-e1e2f97cd2,S-R,G,True,X,True,True,True,7,8,,,,control_groups_gt_5
S3-66353de8df,X-R,R,False,G,False,False,False,4,6,1.0,-1.0,-1.0,no_intrinsic_DATA_compression
S3-7a7533d8a6,X-R,R,False,G,False,False,True,4,7,1.0,-1.0,-1.0,no_intrinsic_DATA_compression
S3-9855218a76,X-R,R,False,G,False,True,False,5,7,1.0,-1.0,-1.0,no_intrinsic_DATA_compression
S3-6a380757b2,X-R,R,False,G,False,True,True,6,8,,,,control_groups_gt_5
S3-7b3171c3a3,X-R,R,False,G,True,False,False,5,6,1.0,-1.0,-1.0,no_intrinsic_DATA_compression
S3-ac00aa78b1,X-R,R,False,G,True,False,True,5,7,1.0,-1.0,-1.0,no_intrinsic_DATA_compression
S3-d49a6b2b55,X-R,R,False,G,True,True,False,6,7,,,,control_groups_gt_5
S3-cbfd89b597,X-R,R,False,G,True,True,True,7,8,,,,control_groups_gt_5
S3-151284611c,X-R,R,False,S,False,False,False,4,6,,,,DATA_and_VINIT_short_in_WRITE
S3-a0738bab17,X-R,R,False,S,False,False,True,4,7,,,,DATA_and_VINIT_short_in_WRITE
S3-0de87af29f,X-R,R,False,S,False,True,False,5,7,,,,DATA_and_VINIT_short_in_WRITE
S3-f12fdd620f,X-R,R,False,S,False,True,True,6,8,,,,control_groups_gt_5
S3-04b4ee67fc,X-R,R,False,S,True,False,False,5,6,,,,DATA_and_VINIT_short_in_WRITE
S3-44cc3f9d11,X-R,R,False,S,True,False,True,5,7,,,,DATA_and_VINIT_short_in_WRITE
S3-f8b1d78482,X-R,R,False,S,True,True,False,6,7,,,,control_groups_gt_5
S3-6f27aaba6e,X-R,R,False,S,True,True,True,7,8,,,,control_groups_gt_5
S3-c68f05d1be,X-R,R,False,X,False,False,False,4,6,0.0,-1.0,-1.0,no_intrinsic_DATA_compression
S3-161cb83a07,X-R,R,False,X,False,False,True,4,7,0.0,-1.0,-1.0,no_intrinsic_DATA_compression
S3-1003f647c4,X-R,R,False,X,False,True,False,5,7,0.0,-1.0,-1.0,no_intrinsic_DATA_compression
S3-9ed89b8c13,X-R,R,False,X,False,True,True,6,8,,,,control_groups_gt_5
S3-826ad30cad,X-R,R,False,X,True,False,False,5,6,0.0,-1.0,-1.0,no_intrinsic_DATA_compression
S3-36300eec65,X-R,R,False,X,True,False,True,5,7,0.0,-1.0,-1.0,no_intrinsic_DATA_compression
S3-d1a95a80df,X-R,R,False,X,True,True,False,6,7,,,,control_groups_gt_5
S3-c9d9fbb3ba,X-R,R,False,X,True,True,True,7,8,,,,control_groups_gt_5
S3-45e1d5d375,X-R,R,True,G,False,False,False,5,6,1.0,-1.0,-1.0,no_intrinsic_DATA_compression
S3-d6fcab14cb,X-R,R,True,G,False,False,True,5,7,1.0,-1.0,-1.0,no_intrinsic_DATA_compression
S3-f52834b76d,X-R,R,True,G,False,True,False,6,7,,,,control_groups_gt_5
S3-d6faa03a5c,X-R,R,True,G,False,True,True,7,8,,,,control_groups_gt_5
S3-4c63e59bc9,X-R,R,True,G,True,False,False,5,6,1.0,-1.0,-1.0,no_intrinsic_DATA_compression
S3-117684952d,X-R,R,True,G,True,False,True,5,7,1.0,-1.0,-1.0,no_intrinsic_DATA_compression
S3-fe12be7a53,X-R,R,True,G,True,True,False,6,7,,,,control_groups_gt_5
S3-8fbc7f5320,X-R,R,True,G,True,True,True,7,8,,,,control_groups_gt_5
S3-6e2ee2251f,X-R,R,True,S,False,False,False,5,6,,,,DATA_and_VINIT_short_in_WRITE
S3-15dd6e6374,X-R,R,True,S,False,False,True,5,7,,,,DATA_and_VINIT_short_in_WRITE
S3-e5d661fb05,X-R,R,True,S,False,True,False,6,7,,,,control_groups_gt_5
S3-6346cdfa11,X-R,R,True,S,False,True,True,7,8,,,,control_groups_gt_5
S3-02d95a2ef5,X-R,R,True,S,True,False,False,5,6,,,,DATA_and_VINIT_short_in_WRITE
S3-04fc9ecc36,X-R,R,True,S,True,False,True,5,7,,,,DATA_and_VINIT_short_in_WRITE
S3-dd9dd697bf,X-R,R,True,S,True,True,False,6,7,,,,control_groups_gt_5
S3-cea5f631f5,X-R,R,True,S,True,True,True,7,8,,,,control_groups_gt_5
S3-42f2b63f76,X-R,R,True,X,False,False,False,5,6,0.0,-1.0,-1.0,no_intrinsic_DATA_compression
S3-d4bb01df3b,X-R,R,True,X,False,False,True,5,7,0.0,-1.0,-1.0,no_intrinsic_DATA_compression
S3-7d6a280fbc,X-R,R,True,X,False,True,False,6,7,,,,control_groups_gt_5
S3-2b658683c1,X-R,R,True,X,False,True,True,7,8,,,,control_groups_gt_5
S3-510c5d0de0,X-R,R,True,X,True,False,False,5,6,0.0,-1.0,-1.0,no_intrinsic_DATA_compression
S3-a0d39a3d2c,X-R,R,True,X,True,False,True,5,7,0.0,-1.0,-1.0,no_intrinsic_DATA_compression
S3-f51d3bd24d,X-R,R,True,X,True,True,False,6,7,,,,control_groups_gt_5
S3-7bbb162c98,X-R,R,True,X,True,True,True,7,8,,,,control_groups_gt_5
S3-954119671a,X-R,S,False,G,False,False,False,4,6,1.0,-1.0,-1.0,no_intrinsic_DATA_compression
S3-5597057d88,X-R,S,False,G,False,False,True,4,7,1.0,-1.0,-1.0,no_intrinsic_DATA_compression
S3-545f36dfcd,X-R,S,False,G,False,True,False,5,7,1.0,-1.0,-1.0,no_intrinsic_DATA_compression
S3-3a96870866,X-R,S,False,G,False,True,True,6,8,,,,control_groups_gt_5
S3-e09737d01d,X-R,S,False,G,True,False,False,5,6,1.0,-1.0,-0.9999999999999997,no_intrinsic_DATA_compression
S3-2017d26242,X-R,S,False,G,True,False,True,5,7,1.0,-1.0,-0.9999999999999997,no_intrinsic_DATA_compression
S3-2fb91c3f0d,X-R,S,False,G,True,True,False,6,7,,,,control_groups_gt_5
S3-36142912cc,X-R,S,False,G,True,True,True,7,8,,,,control_groups_gt_5
S3-d71e4cfecf,X-R,S,False,S,False,False,False,4,6,,,,DATA_and_VINIT_short_in_WRITE
S3-378daf684e,X-R,S,False,S,False,False,True,4,7,,,,DATA_and_VINIT_short_in_WRITE
S3-25862bd8cb,X-R,S,False,S,False,True,False,5,7,,,,DATA_and_VINIT_short_in_WRITE
S3-fb8a8e87da,X-R,S,False,S,False,True,True,6,8,,,,control_groups_gt_5
S3-914cc0fb91,X-R,S,False,S,True,False,False,5,6,,,,DATA_and_VINIT_short_in_WRITE
S3-f1f0947fe2,X-R,S,False,S,True,False,True,5,7,,,,DATA_and_VINIT_short_in_WRITE
S3-d5bbaf18ad,X-R,S,False,S,True,True,False,6,7,,,,control_groups_gt_5
S3-a4de8e628e,X-R,S,False,S,True,True,True,7,8,,,,control_groups_gt_5
S3-a840496bb6,X-R,S,False,X,False,False,False,4,6,0.0,-1.0,-1.0,no_intrinsic_DATA_compression
S3-5a61f90a14,X-R,S,False,X,False,False,True,4,7,0.0,-1.0,-1.0,no_intrinsic_DATA_compression
S3-f5e67ba395,X-R,S,False,X,False,True,False,5,7,0.0,-1.0,-1.0,no_intrinsic_DATA_compression
S3-7e1ce08e70,X-R,S,False,X,False,True,True,6,8,,,,control_groups_gt_5
S3-8ae288f8b4,X-R,S,False,X,True,False,False,5,6,1.392430269053787e-17,-1.0,-0.9999999999999996,no_intrinsic_DATA_compression
S3-f43187b02f,X-R,S,False,X,True,False,True,5,7,1.392430269053787e-17,-1.0,-0.9999999999999996,no_intrinsic_DATA_compression
S3-3bd419e72d,X-R,S,False,X,True,True,False,6,7,,,,control_groups_gt_5
S3-03ee7cfe1d,X-R,S,False,X,True,True,True,7,8,,,,control_groups_gt_5
S3-5bff1a2688,X-R,S,True,G,False,False,False,5,6,1.0,-1.0,-1.0,no_intrinsic_DATA_compression
S3-7941cda061,X-R,S,True,G,False,False,True,5,7,1.0,-1.0,-1.0,no_intrinsic_DATA_compression
S3-281dfae220,X-R,S,True,G,False,True,False,6,7,,,,control_groups_gt_5
S3-7dca251604,X-R,S,True,G,False,True,True,7,8,,,,control_groups_gt_5
S3-dc30d01d63,X-R,S,True,G,True,False,False,5,6,1.0,-1.0,-1.0,no_intrinsic_DATA_compression
S3-040f1a9e3d,X-R,S,True,G,True,False,True,5,7,1.0,-1.0,-1.0,no_intrinsic_DATA_compression
S3-e684e7aac0,X-R,S,True,G,True,True,False,6,7,,,,control_groups_gt_5
S3-7fb69f9f1a,X-R,S,True,G,True,True,True,7,8,,,,control_groups_gt_5
S3-6c2bb9370b,X-R,S,True,S,False,False,False,5,6,,,,DATA_and_VINIT_short_in_WRITE
S3-fc11bed5e2,X-R,S,True,S,False,False,True,5,7,,,,DATA_and_VINIT_short_in_WRITE
S3-cab2db282a,X-R,S,True,S,False,True,False,6,7,,,,control_groups_gt_5
S3-b9e1d0a89b,X-R,S,True,S,False,True,True,7,8,,,,control_groups_gt_5
S3-f1749a4d59,X-R,S,True,S,True,False,False,5,6,,,,DATA_and_VINIT_short_in_WRITE
S3-24bf8ca8c4,X-R,S,True,S,True,False,True,5,7,,,,DATA_and_VINIT_short_in_WRITE
S3-8d46529745,X-R,S,True,S,True,True,False,6,7,,,,control_groups_gt_5
S3-e8734b364c,X-R,S,True,S,True,True,True,7,8,,,,control_groups_gt_5
S3-2d82600430,X-R,S,True,X,False,False,False,5,6,0.0,-1.0,-1.0,no_intrinsic_DATA_compression
S3-f63abad86e,X-R,S,True,X,False,False,True,5,7,0.0,-1.0,-1.0,no_intrinsic_DATA_compression
S3-8092de76ca,X-R,S,True,X,False,True,False,6,7,,,,control_groups_gt_5
S3-0657225e1a,X-R,S,True,X,False,True,True,7,8,,,,control_groups_gt_5
S3-34fda0a255,X-R,S,True,X,True,False,False,5,6,1.392430269053787e-17,-1.0,-0.9999999999999998,no_intrinsic_DATA_compression
S3-bcdf491ac7,X-R,S,True,X,True,False,True,5,7,1.392430269053787e-17,-1.0,-0.9999999999999998,no_intrinsic_DATA_compression
S3-ac5776ebce,X-R,S,True,X,True,True,False,6,7,,,,control_groups_gt_5
S3-486b1cbb38,X-R,S,True,X,True,True,True,7,8,,,,control_groups_gt_5
S3-9da6496531,X-R,G,False,G,False,False,False,4,6,1.0,-1.0,-1.0,no_intrinsic_DATA_compression
S3-5a670c181b,X-R,G,False,G,False,False,True,4,7,1.0,-1.0,-1.0,no_intrinsic_DATA_compression
S3-57164e7c81,X-R,G,False,G,False,True,False,5,7,1.0,-1.0,-1.0,no_intrinsic_DATA_compression
S3-1c96d836f1,X-R,G,False,G,False,True,True,6,8,,,,control_groups_gt_5
S3-a106d35fe5,X-R,G,False,G,True,False,False,5,6,0.0,-1.0000000000000004,-1.0,no_intrinsic_DATA_compression
S3-ac3b1ecf71,X-R,G,False,G,True,False,True,5,7,0.0,-1.0000000000000004,-1.0,no_intrinsic_DATA_compression
S3-6040195cd5,X-R,G,False,G,True,True,False,6,7,,,,control_groups_gt_5
S3-c6a8373998,X-R,G,False,G,True,True,True,7,8,,,,control_groups_gt_5
S3-d553d384ba,X-R,G,False,S,False,False,False,4,6,,,,DATA_and_VINIT_short_in_WRITE
S3-a6540ed707,X-R,G,False,S,False,False,True,4,7,,,,DATA_and_VINIT_short_in_WRITE
S3-7f4c0400e8,X-R,G,False,S,False,True,False,5,7,,,,DATA_and_VINIT_short_in_WRITE
S3-7758048e1f,X-R,G,False,S,False,True,True,6,8,,,,control_groups_gt_5
S3-1a7891216c,X-R,G,False,S,True,False,False,5,6,,,,DATA_and_VINIT_short_in_WRITE
S3-dc324ef437,X-R,G,False,S,True,False,True,5,7,,,,DATA_and_VINIT_short_in_WRITE
S3-2a2c3bc2cc,X-R,G,False,S,True,True,False,6,7,,,,control_groups_gt_5
S3-a5932a616e,X-R,G,False,S,True,True,True,7,8,,,,control_groups_gt_5
S3-b7a45bedfc,X-R,G,False,X,False,False,False,4,6,0.0,-1.0000000000000002,-1.0,no_intrinsic_DATA_compression
S3-aeeb799f43,X-R,G,False,X,False,False,True,4,7,0.0,-1.0000000000000002,-1.0,no_intrinsic_DATA_compression
S3-947be4e079,X-R,G,False,X,False,True,False,5,7,0.0,-1.0000000000000002,-1.0,no_intrinsic_DATA_compression
S3-1057488796,X-R,G,False,X,False,True,True,6,8,,,,control_groups_gt_5
S3-275ff196db,X-R,G,False,X,True,False,False,5,6,0.9999999999999998,-1.0,-1.0,no_intrinsic_DATA_compression
S3-9b191ecd1a,X-R,G,False,X,True,False,True,5,7,0.9999999999999998,-1.0,-1.0,no_intrinsic_DATA_compression
S3-68ba1a463a,X-R,G,False,X,True,True,False,6,7,,,,control_groups_gt_5
S3-c72965c154,X-R,G,False,X,True,True,True,7,8,,,,control_groups_gt_5
S3-90de28721b,X-R,G,True,G,False,False,False,5,6,1.0,-1.0,-1.0,no_intrinsic_DATA_compression
S3-873568da70,X-R,G,True,G,False,False,True,5,7,1.0,-1.0,-1.0,no_intrinsic_DATA_compression
S3-8027e83b1b,X-R,G,True,G,False,True,False,6,7,,,,control_groups_gt_5
S3-94d066d6ad,X-R,G,True,G,False,True,True,7,8,,,,control_groups_gt_5
S3-613b929163,X-R,G,True,G,True,False,False,5,6,0.0,-1.0000000000000004,-1.0,no_intrinsic_DATA_compression
S3-b81c53505d,X-R,G,True,G,True,False,True,5,7,0.0,-1.0000000000000004,-1.0,no_intrinsic_DATA_compression
S3-a4bffecf0d,X-R,G,True,G,True,True,False,6,7,,,,control_groups_gt_5
S3-7fa526d892,X-R,G,True,G,True,True,True,7,8,,,,control_groups_gt_5
S3-115bda2ae2,X-R,G,True,S,False,False,False,5,6,,,,DATA_and_VINIT_short_in_WRITE
S3-0c566b4258,X-R,G,True,S,False,False,True,5,7,,,,DATA_and_VINIT_short_in_WRITE
S3-efd724a439,X-R,G,True,S,False,True,False,6,7,,,,control_groups_gt_5
S3-5aeac3357f,X-R,G,True,S,False,True,True,7,8,,,,control_groups_gt_5
S3-10db75e927,X-R,G,True,S,True,False,False,5,6,,,,DATA_and_VINIT_short_in_WRITE
S3-c6989682b7,X-R,G,True,S,True,False,True,5,7,,,,DATA_and_VINIT_short_in_WRITE
S3-e6ca56610d,X-R,G,True,S,True,True,False,6,7,,,,control_groups_gt_5
S3-788b6f9cde,X-R,G,True,S,True,True,True,7,8,,,,control_groups_gt_5
S3-50ef9aa18f,X-R,G,True,X,False,False,False,5,6,0.0,-1.0000000000000004,-1.0,no_intrinsic_DATA_compression
S3-96d8007785,X-R,G,True,X,False,False,True,5,7,0.0,-1.0000000000000004,-1.0,no_intrinsic_DATA_compression
S3-d1059deda9,X-R,G,True,X,False,True,False,6,7,,,,control_groups_gt_5
S3-3c4f7c6725,X-R,G,True,X,False,True,True,7,8,,,,control_groups_gt_5
S3-2d3ef23af8,X-R,G,True,X,True,False,False,5,6,0.9999999999999998,-1.0,-1.0,no_intrinsic_DATA_compression
S3-1229b361d8,X-R,G,True,X,True,False,True,5,7,0.9999999999999998,-1.0,-1.0,no_intrinsic_DATA_compression
S3-70c484cf23,X-R,G,True,X,True,True,False,6,7,,,,control_groups_gt_5
S3-a6266f4edc,X-R,G,True,X,True,True,True,7,8,,,,control_groups_gt_5
S3-28175d8e16,G-S;G-X,R,False,G,False,False,False,4,6,1.0000000000000007,-1.0000000000000009,7.771561172376096e-16,no_intrinsic_DATA_compression
S3-741d5d8e93,G-S;G-X,R,False,G,False,False,True,4,7,1.0000000000000007,-1.0000000000000009,7.771561172376096e-16,no_intrinsic_DATA_compression
S3-84ccc8f506,G-S;G-X,R,False,G,False,True,False,5,7,1.0000000000000007,-1.0000000000000009,7.771561172376096e-16,no_intrinsic_DATA_compression
S3-615c222ce4,G-S;G-X,R,False,G,False,True,True,6,8,,,,control_groups_gt_5
S3-417d672191,G-S;G-X,R,False,G,True,False,False,5,6,0.7692307692307697,-1.0000000000000007,-0.23076923076923128,compression_only_after_WRITE
S3-d3bd7d34ca,G-S;G-X,R,False,G,True,False,True,5,7,0.7692307692307697,-1.0000000000000007,-0.23076923076923128,compression_only_after_WRITE
S3-bc7b279501,G-S;G-X,R,False,G,True,True,False,6,7,,,,control_groups_gt_5
S3-2fd1e24252,G-S;G-X,R,False,G,True,True,True,7,8,,,,control_groups_gt_5
S3-13f46e5765,G-S;G-X,R,False,S,False,False,False,4,6,,,,DATA_and_VINIT_short_in_WRITE
S3-97a90b9d5c,G-S;G-X,R,False,S,False,False,True,4,7,,,,DATA_and_VINIT_short_in_WRITE
S3-68101127dc,G-S;G-X,R,False,S,False,True,False,5,7,,,,DATA_and_VINIT_short_in_WRITE
S3-f29c78bd38,G-S;G-X,R,False,S,False,True,True,6,8,,,,control_groups_gt_5
S3-8ae00d3133,G-S;G-X,R,False,S,True,False,False,5,6,,,,DATA_and_VINIT_short_in_WRITE
S3-fdbd851ad4,G-S;G-X,R,False,S,True,False,True,5,7,,,,DATA_and_VINIT_short_in_WRITE
S3-628f500491,G-S;G-X,R,False,S,True,True,False,6,7,,,,control_groups_gt_5
S3-b2d1b2efd5,G-S;G-X,R,False,S,True,True,True,7,8,,,,control_groups_gt_5
S3-7e8a50fbbc,G-S;G-X,R,False,X,False,False,False,4,6,0.23076923076923098,-0.2307692307692304,7.771561172376096e-16,VTH_lost_across_phases
S3-47f63fe459,G-S;G-X,R,False,X,False,False,True,4,7,0.23076923076923098,-0.2307692307692304,7.771561172376096e-16,VTH_lost_across_phases
S3-53348b1007,G-S;G-X,R,False,X,False,True,False,5,7,0.23076923076923098,-0.2307692307692304,7.771561172376096e-16,VTH_lost_across_phases
S3-0bc2897255,G-S;G-X,R,False,X,False,True,True,6,8,,,,control_groups_gt_5
S3-c465708c9a,G-S;G-X,R,False,X,True,False,False,5,6,1.556924258098991e-16,-0.23076923076923062,-0.23076923076923206,no_intrinsic_DATA_compression
S3-89ee866a28,G-S;G-X,R,False,X,True,False,True,5,7,1.556924258098991e-16,-0.23076923076923062,-0.23076923076923206,no_intrinsic_DATA_compression
S3-42dea0ec8d,G-S;G-X,R,False,X,True,True,False,6,7,,,,control_groups_gt_5
S3-a847394452,G-S;G-X,R,False,X,True,True,True,7,8,,,,control_groups_gt_5
S3-70733d6cf0,G-S;G-X,R,True,G,False,False,False,5,6,1.0000000000000007,-1.0000000000000004,1.1102230246251565e-15,no_intrinsic_DATA_compression
S3-2731e5322f,G-S;G-X,R,True,G,False,False,True,5,7,1.0000000000000007,-1.0000000000000004,1.1102230246251565e-15,no_intrinsic_DATA_compression
S3-0ede8939c9,G-S;G-X,R,True,G,False,True,False,6,7,,,,control_groups_gt_5
S3-e7055e7e2b,G-S;G-X,R,True,G,False,True,True,7,8,,,,control_groups_gt_5
S3-6d72529176,G-S;G-X,R,True,G,True,False,False,5,6,0.7692307692307697,-0.8224852071005918,-0.2307692307692295,compression_only_after_WRITE
S3-67ee1dba9b,G-S;G-X,R,True,G,True,False,True,5,7,0.7692307692307697,-0.8224852071005918,-0.2307692307692295,compression_only_after_WRITE
S3-d8e7c807e1,G-S;G-X,R,True,G,True,True,False,6,7,,,,control_groups_gt_5
S3-d5208ab63a,G-S;G-X,R,True,G,True,True,True,7,8,,,,control_groups_gt_5
S3-8dccec47c1,G-S;G-X,R,True,S,False,False,False,5,6,,,,DATA_and_VINIT_short_in_WRITE
S3-3befc7a1cc,G-S;G-X,R,True,S,False,False,True,5,7,,,,DATA_and_VINIT_short_in_WRITE
S3-730d45f31f,G-S;G-X,R,True,S,False,True,False,6,7,,,,control_groups_gt_5
S3-f7476e6d3b,G-S;G-X,R,True,S,False,True,True,7,8,,,,control_groups_gt_5
S3-5b746afb07,G-S;G-X,R,True,S,True,False,False,5,6,,,,DATA_and_VINIT_short_in_WRITE
S3-f332fc65ee,G-S;G-X,R,True,S,True,False,True,5,7,,,,DATA_and_VINIT_short_in_WRITE
S3-0d208d4643,G-S;G-X,R,True,S,True,True,False,6,7,,,,control_groups_gt_5
S3-a72ca4bac0,G-S;G-X,R,True,S,True,True,True,7,8,,,,control_groups_gt_5
S3-bb3c146474,G-S;G-X,R,True,X,False,False,False,5,6,0.23076923076923098,-0.23076923076923062,6.661338147750939e-16,VTH_lost_across_phases
S3-2b00880c55,G-S;G-X,R,True,X,False,False,True,5,7,0.23076923076923098,-0.23076923076923062,6.661338147750939e-16,VTH_lost_across_phases
S3-61bfb08ed8,G-S;G-X,R,True,X,False,True,False,6,7,,,,control_groups_gt_5
S3-808e5eb1cd,G-S;G-X,R,True,X,False,True,True,7,8,,,,control_groups_gt_5
S3-7224b9466e,G-S;G-X,R,True,X,True,False,False,5,6,1.556924258098991e-16,-0.23076923076923062,-0.23076923076923095,no_intrinsic_DATA_compression
S3-a24704951f,G-S;G-X,R,True,X,True,False,True,5,7,1.556924258098991e-16,-0.23076923076923062,-0.23076923076923095,no_intrinsic_DATA_compression
S3-7281667abd,G-S;G-X,R,True,X,True,True,False,6,7,,,,control_groups_gt_5
S3-d39f69cf45,G-S;G-X,R,True,X,True,True,True,7,8,,,,control_groups_gt_5
S3-a80ca5e356,G-S;G-X,S,False,G,False,False,False,4,6,1.0000000000000007,-1.0000000000000007,7.771561172376096e-16,no_intrinsic_DATA_compression
S3-ea3c84b257,G-S;G-X,S,False,G,False,False,True,4,7,1.0000000000000007,-1.0000000000000007,7.771561172376096e-16,no_intrinsic_DATA_compression
S3-a8dcde09f4,G-S;G-X,S,False,G,False,True,False,5,7,1.0000000000000007,-1.0000000000000007,7.771561172376096e-16,no_intrinsic_DATA_compression
S3-5702542f4e,G-S;G-X,S,False,G,False,True,True,6,8,,,,control_groups_gt_5
S3-ad52033db8,G-S;G-X,S,False,G,True,False,False,5,6,0.7692307692307695,-0.7692307692307696,4.440892098500626e-16,compression_only_after_WRITE
S3-4659909ca5,G-S;G-X,S,False,G,True,False,True,5,7,0.7692307692307695,-0.7692307692307696,4.440892098500626e-16,compression_only_after_WRITE
S3-a55c1c2d45,G-S;G-X,S,False,G,True,True,False,6,7,,,,control_groups_gt_5
S3-05978e824f,G-S;G-X,S,False,G,True,True,True,7,8,,,,control_groups_gt_5
S3-cb72e690c8,G-S;G-X,S,False,S,False,False,False,4,6,,,,DATA_and_VINIT_short_in_WRITE
S3-c5f971718b,G-S;G-X,S,False,S,False,False,True,4,7,,,,DATA_and_VINIT_short_in_WRITE
S3-39fc49a2b0,G-S;G-X,S,False,S,False,True,False,5,7,,,,DATA_and_VINIT_short_in_WRITE
S3-f25448627d,G-S;G-X,S,False,S,False,True,True,6,8,,,,control_groups_gt_5
S3-c9a358192f,G-S;G-X,S,False,S,True,False,False,5,6,,,,DATA_and_VINIT_short_in_WRITE
S3-7baa87401c,G-S;G-X,S,False,S,True,False,True,5,7,,,,DATA_and_VINIT_short_in_WRITE
S3-276afc0c6f,G-S;G-X,S,False,S,True,True,False,6,7,,,,control_groups_gt_5
S3-9219f293a8,G-S;G-X,S,False,S,True,True,True,7,8,,,,control_groups_gt_5
S3-fd65244088,G-S;G-X,S,False,X,False,False,False,4,6,0.23076923076923098,6.661338147750939e-16,6.661338147750939e-16,ideal_mechanism_pass
S3-7f211789e6,G-S;G-X,S,False,X,False,False,True,4,7,0.23076923076923098,6.661338147750939e-16,6.661338147750939e-16,ideal_mechanism_pass
S3-08c937a01c,G-S;G-X,S,False,X,False,True,False,5,7,0.23076923076923098,6.661338147750939e-16,6.661338147750939e-16,ideal_mechanism_pass
S3-1b798c6f95,G-S;G-X,S,False,X,False,True,True,6,8,,,,control_groups_gt_5
S3-390b12cdf6,G-S;G-X,S,False,X,True,False,False,5,6,9.815573987460844e-17,6.661338147750939e-16,1.1102230246251565e-16,no_intrinsic_DATA_compression
S3-8386b66a8b,G-S;G-X,S,False,X,True,False,True,5,7,9.815573987460844e-17,6.661338147750939e-16,1.1102230246251565e-16,no_intrinsic_DATA_compression
S3-4ec9586d1b,G-S;G-X,S,False,X,True,True,False,6,7,,,,control_groups_gt_5
S3-73ac9c7f47,G-S;G-X,S,False,X,True,True,True,7,8,,,,control_groups_gt_5
S3-de8409cebf,G-S;G-X,S,True,G,False,False,False,5,6,1.0000000000000007,-1.0000000000000007,7.771561172376096e-16,no_intrinsic_DATA_compression
S3-619e2b84bb,G-S;G-X,S,True,G,False,False,True,5,7,1.0000000000000007,-1.0000000000000007,7.771561172376096e-16,no_intrinsic_DATA_compression
S3-ed557ac080,G-S;G-X,S,True,G,False,True,False,6,7,,,,control_groups_gt_5
S3-9bbba61f6c,G-S;G-X,S,True,G,False,True,True,7,8,,,,control_groups_gt_5
S3-bfefdaaa0b,G-S;G-X,S,True,G,True,False,False,5,6,0.7692307692307695,-0.7692307692307695,-4.440892098500626e-16,compression_only_after_WRITE
S3-6452b1a451,G-S;G-X,S,True,G,True,False,True,5,7,0.7692307692307695,-0.7692307692307695,-4.440892098500626e-16,compression_only_after_WRITE
S3-a4c5ffd2df,G-S;G-X,S,True,G,True,True,False,6,7,,,,control_groups_gt_5
S3-f4e6afb7ad,G-S;G-X,S,True,G,True,True,True,7,8,,,,control_groups_gt_5
S3-c239c66adc,G-S;G-X,S,True,S,False,False,False,5,6,,,,DATA_and_VINIT_short_in_WRITE
S3-a487fae0aa,G-S;G-X,S,True,S,False,False,True,5,7,,,,DATA_and_VINIT_short_in_WRITE
S3-dd57b0059e,G-S;G-X,S,True,S,False,True,False,6,7,,,,control_groups_gt_5
S3-82a8e3748e,G-S;G-X,S,True,S,False,True,True,7,8,,,,control_groups_gt_5
S3-e3fcbabae5,G-S;G-X,S,True,S,True,False,False,5,6,,,,DATA_and_VINIT_short_in_WRITE
S3-4654cf384d,G-S;G-X,S,True,S,True,False,True,5,7,,,,DATA_and_VINIT_short_in_WRITE
S3-2247aa880f,G-S;G-X,S,True,S,True,True,False,6,7,,,,control_groups_gt_5
S3-d02f603e85,G-S;G-X,S,True,S,True,True,True,7,8,,,,control_groups_gt_5
S3-03b6d9e577,G-S;G-X,S,True,X,False,False,False,5,6,0.23076923076923098,-2.220446049250313e-16,7.771561172376096e-16,ideal_mechanism_pass
S3-7b5c2814dc,G-S;G-X,S,True,X,False,False,True,5,7,0.23076923076923098,-2.220446049250313e-16,7.771561172376096e-16,ideal_mechanism_pass
S3-1c1504d6ea,G-S;G-X,S,True,X,False,True,False,6,7,,,,control_groups_gt_5
S3-c2d04ab456,G-S;G-X,S,True,X,False,True,True,7,8,,,,control_groups_gt_5
S3-9dc55540b7,G-S;G-X,S,True,X,True,False,False,5,6,9.815573987460844e-17,-2.220446049250313e-16,2.220446049250313e-16,no_intrinsic_DATA_compression
S3-9f51535581,G-S;G-X,S,True,X,True,False,True,5,7,9.815573987460844e-17,-2.220446049250313e-16,2.220446049250313e-16,no_intrinsic_DATA_compression
S3-1d01668d6b,G-S;G-X,S,True,X,True,True,False,6,7,,,,control_groups_gt_5
S3-0d20bcbcb5,G-S;G-X,S,True,X,True,True,True,7,8,,,,control_groups_gt_5
S3-c7705b09e8,G-S;G-X,G,False,G,False,False,False,4,6,1.0000000000000007,-1.0000000000000007,7.771561172376096e-16,no_intrinsic_DATA_compression
S3-ee92c3bda5,G-S;G-X,G,False,G,False,False,True,4,7,1.0000000000000007,-1.0000000000000007,7.771561172376096e-16,no_intrinsic_DATA_compression
S3-5712541b56,G-S;G-X,G,False,G,False,True,False,5,7,1.0000000000000007,-1.0000000000000007,7.771561172376096e-16,no_intrinsic_DATA_compression
S3-0e0b707e33,G-S;G-X,G,False,G,False,True,True,6,8,,,,control_groups_gt_5
S3-0625b4fea1,G-S;G-X,G,False,G,True,False,False,5,6,1.0000000000000007,-1.0000000000000007,-9.992007221626409e-16,no_intrinsic_DATA_compression
S3-28435f2652,G-S;G-X,G,False,G,True,False,True,5,7,1.0000000000000007,-1.0000000000000007,-9.992007221626409e-16,no_intrinsic_DATA_compression
S3-dbcb30613e,G-S;G-X,G,False,G,True,True,False,6,7,,,,control_groups_gt_5
S3-4ee3f826ba,G-S;G-X,G,False,G,True,True,True,7,8,,,,control_groups_gt_5
S3-605e2080ef,G-S;G-X,G,False,S,False,False,False,4,6,,,,DATA_and_VINIT_short_in_WRITE
S3-5c2abc3aac,G-S;G-X,G,False,S,False,False,True,4,7,,,,DATA_and_VINIT_short_in_WRITE
S3-41218cec3f,G-S;G-X,G,False,S,False,True,False,5,7,,,,DATA_and_VINIT_short_in_WRITE
S3-45abe0d026,G-S;G-X,G,False,S,False,True,True,6,8,,,,control_groups_gt_5
S3-1ed3b88149,G-S;G-X,G,False,S,True,False,False,5,6,,,,DATA_and_VINIT_short_in_WRITE
S3-38d05b7867,G-S;G-X,G,False,S,True,False,True,5,7,,,,DATA_and_VINIT_short_in_WRITE
S3-c86253bc73,G-S;G-X,G,False,S,True,True,False,6,7,,,,control_groups_gt_5
S3-df61ce8e7c,G-S;G-X,G,False,S,True,True,True,7,8,,,,control_groups_gt_5
S3-a9391f063d,G-S;G-X,G,False,X,False,False,False,4,6,0.23076923076923098,-0.23076923076923006,6.661338147750939e-16,VTH_lost_across_phases
S3-088100c3ae,G-S;G-X,G,False,X,False,False,True,4,7,0.23076923076923098,-0.23076923076923006,6.661338147750939e-16,VTH_lost_across_phases
S3-473508c8ec,G-S;G-X,G,False,X,False,True,False,5,7,0.23076923076923098,-0.23076923076923006,6.661338147750939e-16,VTH_lost_across_phases
S3-768b40e8f5,G-S;G-X,G,False,X,False,True,True,6,8,,,,control_groups_gt_5
S3-262db110ca,G-S;G-X,G,False,X,True,False,False,5,6,0.23076923076923184,-0.23076923076923062,-1.4432899320127035e-15,VTH_lost_across_phases
S3-b0554074f3,G-S;G-X,G,False,X,True,False,True,5,7,0.23076923076923184,-0.23076923076923062,-1.4432899320127035e-15,VTH_lost_across_phases
S3-c86c6e51a9,G-S;G-X,G,False,X,True,True,False,6,7,,,,control_groups_gt_5
S3-eae231d3ea,G-S;G-X,G,False,X,True,True,True,7,8,,,,control_groups_gt_5
S3-1665823bfa,G-S;G-X,G,True,G,False,False,False,5,6,1.0000000000000007,-1.0000000000000004,7.771561172376096e-16,no_intrinsic_DATA_compression
S3-67bd1b4094,G-S;G-X,G,True,G,False,False,True,5,7,1.0000000000000007,-1.0000000000000004,7.771561172376096e-16,no_intrinsic_DATA_compression
S3-43e88fc6a4,G-S;G-X,G,True,G,False,True,False,6,7,,,,control_groups_gt_5
S3-1f65871bd3,G-S;G-X,G,True,G,False,True,True,7,8,,,,control_groups_gt_5
S3-8eaac652e5,G-S;G-X,G,True,G,True,False,False,5,6,1.0000000000000007,-1.0000000000000004,3.3306690738754696e-16,no_intrinsic_DATA_compression
S3-c00b3c753c,G-S;G-X,G,True,G,True,False,True,5,7,1.0000000000000007,-1.0000000000000004,3.3306690738754696e-16,no_intrinsic_DATA_compression
S3-04b7f3d1f8,G-S;G-X,G,True,G,True,True,False,6,7,,,,control_groups_gt_5
S3-d48ec0441e,G-S;G-X,G,True,G,True,True,True,7,8,,,,control_groups_gt_5
S3-613f2a8ab6,G-S;G-X,G,True,S,False,False,False,5,6,,,,DATA_and_VINIT_short_in_WRITE
S3-91070b9d9f,G-S;G-X,G,True,S,False,False,True,5,7,,,,DATA_and_VINIT_short_in_WRITE
S3-94e3fa7f3b,G-S;G-X,G,True,S,False,True,False,6,7,,,,control_groups_gt_5
S3-3468b3ffd2,G-S;G-X,G,True,S,False,True,True,7,8,,,,control_groups_gt_5
S3-4185017328,G-S;G-X,G,True,S,True,False,False,5,6,,,,DATA_and_VINIT_short_in_WRITE
S3-a979665c75,G-S;G-X,G,True,S,True,False,True,5,7,,,,DATA_and_VINIT_short_in_WRITE
S3-71f0acc093,G-S;G-X,G,True,S,True,True,False,6,7,,,,control_groups_gt_5
S3-d2cb3470d7,G-S;G-X,G,True,S,True,True,True,7,8,,,,control_groups_gt_5
S3-4ce3a9d9b9,G-S;G-X,G,True,X,False,False,False,5,6,0.23076923076923098,-0.2307692307692314,7.771561172376096e-16,VTH_lost_across_phases
S3-77d5874113,G-S;G-X,G,True,X,False,False,True,5,7,0.23076923076923098,-0.2307692307692314,7.771561172376096e-16,VTH_lost_across_phases
S3-249e23e5cb,G-S;G-X,G,True,X,False,True,False,6,7,,,,control_groups_gt_5
S3-6a9b5a93c1,G-S;G-X,G,True,X,False,True,True,7,8,,,,control_groups_gt_5
S3-7d5d60fa7a,G-S;G-X,G,True,X,True,False,False,5,6,0.23076923076923184,-0.23076923076923217,-8.881784197001252e-16,VTH_lost_across_phases
S3-7e540e1240,G-S;G-X,G,True,X,True,False,True,5,7,0.23076923076923184,-0.23076923076923217,-8.881784197001252e-16,VTH_lost_across_phases
S3-a750b65679,G-S;G-X,G,True,X,True,True,False,6,7,,,,control_groups_gt_5
S3-7c6d196761,G-S;G-X,G,True,X,True,True,True,7,8,,,,control_groups_gt_5
S3-bf13dadb4b,G-S;G-R,R,False,G,False,False,False,4,6,1.0,-0.9999999999999998,-0.23076923076923028,no_intrinsic_DATA_compression
S3-fe790dfedf,G-S;G-R,R,False,G,False,False,True,4,7,1.0,-0.9999999999999998,-0.23076923076923028,no_intrinsic_DATA_compression
S3-54a3e11f30,G-S;G-R,R,False,G,False,True,False,5,7,1.0,-0.9999999999999998,-0.23076923076923028,no_intrinsic_DATA_compression
S3-a582b4e760,G-S;G-R,R,False,G,False,True,True,6,8,,,,control_groups_gt_5
S3-ae0b0f78fe,G-S;G-R,R,False,G,True,False,False,5,6,1.0,-0.9999999999999998,-0.23076923076923017,no_intrinsic_DATA_compression
S3-448044ec6b,G-S;G-R,R,False,G,True,False,True,5,7,1.0,-0.9999999999999998,-0.23076923076923017,no_intrinsic_DATA_compression
S3-f15014775c,G-S;G-R,R,False,G,True,True,False,6,7,,,,control_groups_gt_5
S3-bd2b0dd9a0,G-S;G-R,R,False,G,True,True,True,7,8,,,,control_groups_gt_5
S3-447304158c,G-S;G-R,R,False,S,False,False,False,4,6,,,,DATA_and_VINIT_short_in_WRITE
S3-b2bfe6855a,G-S;G-R,R,False,S,False,False,True,4,7,,,,DATA_and_VINIT_short_in_WRITE
S3-76a03bb9cd,G-S;G-R,R,False,S,False,True,False,5,7,,,,DATA_and_VINIT_short_in_WRITE
S3-1bdacf4441,G-S;G-R,R,False,S,False,True,True,6,8,,,,control_groups_gt_5
S3-3ca53e5dd2,G-S;G-R,R,False,S,True,False,False,5,6,,,,DATA_and_VINIT_short_in_WRITE
S3-d5c78fa5e5,G-S;G-R,R,False,S,True,False,True,5,7,,,,DATA_and_VINIT_short_in_WRITE
S3-80cceca7ed,G-S;G-R,R,False,S,True,True,False,6,7,,,,control_groups_gt_5
S3-26f8a614e6,G-S;G-R,R,False,S,True,True,True,7,8,,,,control_groups_gt_5
S3-941094b320,G-S;G-R,R,False,X,False,False,False,4,6,0.0,-0.2307692307692305,-0.23076923076923062,no_intrinsic_DATA_compression
S3-7710fd58b4,G-S;G-R,R,False,X,False,False,True,4,7,0.0,-0.2307692307692305,-0.23076923076923062,no_intrinsic_DATA_compression
S3-ed6f84d0e5,G-S;G-R,R,False,X,False,True,False,5,7,0.0,-0.2307692307692305,-0.23076923076923062,no_intrinsic_DATA_compression
S3-4f8bbeb977,G-S;G-R,R,False,X,False,True,True,6,8,,,,control_groups_gt_5
S3-d2014a2bf7,G-S;G-R,R,False,X,True,False,False,5,6,0.0,-0.2307692307692305,-0.2307692307692304,no_intrinsic_DATA_compression
S3-207ff0b254,G-S;G-R,R,False,X,True,False,True,5,7,0.0,-0.2307692307692305,-0.2307692307692304,no_intrinsic_DATA_compression
S3-fdd6e47838,G-S;G-R,R,False,X,True,True,False,6,7,,,,control_groups_gt_5
S3-1284916ffc,G-S;G-R,R,False,X,True,True,True,7,8,,,,control_groups_gt_5
S3-ceb9bc406f,G-S;G-R,R,True,G,False,False,False,5,6,1.0,-0.9999999999999999,-0.23076923076923006,no_intrinsic_DATA_compression
S3-618cae2977,G-S;G-R,R,True,G,False,False,True,5,7,1.0,-0.9999999999999999,-0.23076923076923006,no_intrinsic_DATA_compression
S3-2d12bfdba7,G-S;G-R,R,True,G,False,True,False,6,7,,,,control_groups_gt_5
S3-4f6391d0f3,G-S;G-R,R,True,G,False,True,True,7,8,,,,control_groups_gt_5
S3-d67dbd7f87,G-S;G-R,R,True,G,True,False,False,5,6,1.0,-0.9999999999999999,-0.23076923076923017,no_intrinsic_DATA_compression
S3-5253acf5f1,G-S;G-R,R,True,G,True,False,True,5,7,1.0,-0.9999999999999999,-0.23076923076923017,no_intrinsic_DATA_compression
S3-ec06a10dc1,G-S;G-R,R,True,G,True,True,False,6,7,,,,control_groups_gt_5
S3-d9e0e63b40,G-S;G-R,R,True,G,True,True,True,7,8,,,,control_groups_gt_5
S3-92938446f1,G-S;G-R,R,True,S,False,False,False,5,6,,,,DATA_and_VINIT_short_in_WRITE
S3-17d8cd0587,G-S;G-R,R,True,S,False,False,True,5,7,,,,DATA_and_VINIT_short_in_WRITE
S3-f0da5a8529,G-S;G-R,R,True,S,False,True,False,6,7,,,,control_groups_gt_5
S3-002a2f9db5,G-S;G-R,R,True,S,False,True,True,7,8,,,,control_groups_gt_5
S3-4c2797340f,G-S;G-R,R,True,S,True,False,False,5,6,,,,DATA_and_VINIT_short_in_WRITE
S3-7975a98901,G-S;G-R,R,True,S,True,False,True,5,7,,,,DATA_and_VINIT_short_in_WRITE
S3-c5b82fc043,G-S;G-R,R,True,S,True,True,False,6,7,,,,control_groups_gt_5
S3-30e1f12bd9,G-S;G-R,R,True,S,True,True,True,7,8,,,,control_groups_gt_5
S3-d8e050f412,G-S;G-R,R,True,X,False,False,False,5,6,0.0,-0.23076923076923062,-0.23076923076923017,no_intrinsic_DATA_compression
S3-cb771992c7,G-S;G-R,R,True,X,False,False,True,5,7,0.0,-0.23076923076923062,-0.23076923076923017,no_intrinsic_DATA_compression
S3-0cbce90f98,G-S;G-R,R,True,X,False,True,False,6,7,,,,control_groups_gt_5
S3-7603fc4eea,G-S;G-R,R,True,X,False,True,True,7,8,,,,control_groups_gt_5
S3-d7210ad094,G-S;G-R,R,True,X,True,False,False,5,6,0.0,-0.23076923076923062,-0.2307692307692304,no_intrinsic_DATA_compression
S3-5f34a661a0,G-S;G-R,R,True,X,True,False,True,5,7,0.0,-0.23076923076923062,-0.2307692307692304,no_intrinsic_DATA_compression
S3-3592542f7f,G-S;G-R,R,True,X,True,True,False,6,7,,,,control_groups_gt_5
S3-8412eb2987,G-S;G-R,R,True,X,True,True,True,7,8,,,,control_groups_gt_5
S3-0e26d7c82d,G-S;G-R,S,False,G,False,False,False,4,6,1.0,-0.9999999999999999,-0.23076923076923017,no_intrinsic_DATA_compression
S3-cfb7ac1e41,G-S;G-R,S,False,G,False,False,True,4,7,1.0,-0.9999999999999999,-0.23076923076923017,no_intrinsic_DATA_compression
S3-6da7bd6b95,G-S;G-R,S,False,G,False,True,False,5,7,1.0,-0.9999999999999999,-0.23076923076923017,no_intrinsic_DATA_compression
S3-1b7c77bfd0,G-S;G-R,S,False,G,False,True,True,6,8,,,,control_groups_gt_5
S3-6812732d6c,G-S;G-R,S,False,G,True,False,False,5,6,1.0,-1.0,-0.23076923076923028,no_intrinsic_DATA_compression
S3-4c864f0d2a,G-S;G-R,S,False,G,True,False,True,5,7,1.0,-1.0,-0.23076923076923028,no_intrinsic_DATA_compression
S3-266c01a265,G-S;G-R,S,False,G,True,True,False,6,7,,,,control_groups_gt_5
S3-32b8d7713d,G-S;G-R,S,False,G,True,True,True,7,8,,,,control_groups_gt_5
S3-987f661de2,G-S;G-R,S,False,S,False,False,False,4,6,,,,DATA_and_VINIT_short_in_WRITE
S3-49dcc0aeea,G-S;G-R,S,False,S,False,False,True,4,7,,,,DATA_and_VINIT_short_in_WRITE
S3-cf16dd00f7,G-S;G-R,S,False,S,False,True,False,5,7,,,,DATA_and_VINIT_short_in_WRITE
S3-c76e10a616,G-S;G-R,S,False,S,False,True,True,6,8,,,,control_groups_gt_5
S3-3bf6f05d18,G-S;G-R,S,False,S,True,False,False,5,6,,,,DATA_and_VINIT_short_in_WRITE
S3-b891a60cda,G-S;G-R,S,False,S,True,False,True,5,7,,,,DATA_and_VINIT_short_in_WRITE
S3-cf5238fb38,G-S;G-R,S,False,S,True,True,False,6,7,,,,control_groups_gt_5
S3-12431e3f18,G-S;G-R,S,False,S,True,True,True,7,8,,,,control_groups_gt_5
S3-646718035d,G-S;G-R,S,False,X,False,False,False,4,6,0.0,-0.23076923076923062,-0.23076923076923028,no_intrinsic_DATA_compression
S3-0945248530,G-S;G-R,S,False,X,False,False,True,4,7,0.0,-0.23076923076923062,-0.23076923076923028,no_intrinsic_DATA_compression
S3-6b9176320e,G-S;G-R,S,False,X,False,True,False,5,7,0.0,-0.23076923076923062,-0.23076923076923028,no_intrinsic_DATA_compression
S3-1e953d276f,G-S;G-R,S,False,X,False,True,True,6,8,,,,control_groups_gt_5
S3-9bc105b191,G-S;G-R,S,False,X,True,False,False,5,6,9.898863518217964e-17,-0.23076923076923062,-0.23076923076923095,no_intrinsic_DATA_compression
S3-0190d9e35d,G-S;G-R,S,False,X,True,False,True,5,7,9.898863518217964e-17,-0.23076923076923062,-0.23076923076923095,no_intrinsic_DATA_compression
S3-6f61e63f47,G-S;G-R,S,False,X,True,True,False,6,7,,,,control_groups_gt_5
S3-1d181067d2,G-S;G-R,S,False,X,True,True,True,7,8,,,,control_groups_gt_5
S3-276a66db38,G-S;G-R,S,True,G,False,False,False,5,6,1.0,-1.0,-0.2307692307692304,no_intrinsic_DATA_compression
S3-8844343ad8,G-S;G-R,S,True,G,False,False,True,5,7,1.0,-1.0,-0.2307692307692304,no_intrinsic_DATA_compression
S3-58c9cde0a2,G-S;G-R,S,True,G,False,True,False,6,7,,,,control_groups_gt_5
S3-4aed64e312,G-S;G-R,S,True,G,False,True,True,7,8,,,,control_groups_gt_5
S3-af5b9d477f,G-S;G-R,S,True,G,True,False,False,5,6,1.0,-1.0,-0.23076923076923095,no_intrinsic_DATA_compression
S3-f32dee1257,G-S;G-R,S,True,G,True,False,True,5,7,1.0,-1.0,-0.23076923076923095,no_intrinsic_DATA_compression
S3-172e40c2b1,G-S;G-R,S,True,G,True,True,False,6,7,,,,control_groups_gt_5
S3-c7a4d408da,G-S;G-R,S,True,G,True,True,True,7,8,,,,control_groups_gt_5
S3-e10a253d8b,G-S;G-R,S,True,S,False,False,False,5,6,,,,DATA_and_VINIT_short_in_WRITE
S3-c45f9866b5,G-S;G-R,S,True,S,False,False,True,5,7,,,,DATA_and_VINIT_short_in_WRITE
S3-f0e40a1f1b,G-S;G-R,S,True,S,False,True,False,6,7,,,,control_groups_gt_5
S3-aa8cda305f,G-S;G-R,S,True,S,False,True,True,7,8,,,,control_groups_gt_5
S3-0e03ce6bbd,G-S;G-R,S,True,S,True,False,False,5,6,,,,DATA_and_VINIT_short_in_WRITE
S3-8092cd9c2c,G-S;G-R,S,True,S,True,False,True,5,7,,,,DATA_and_VINIT_short_in_WRITE
S3-349c7aed92,G-S;G-R,S,True,S,True,True,False,6,7,,,,control_groups_gt_5
S3-a0283b6ff0,G-S;G-R,S,True,S,True,True,True,7,8,,,,control_groups_gt_5
S3-ddc20f82ab,G-S;G-R,S,True,X,False,False,False,5,6,0.0,-0.23076923076923106,-0.23076923076923017,no_intrinsic_DATA_compression
S3-727e11c464,G-S;G-R,S,True,X,False,False,True,5,7,0.0,-0.23076923076923106,-0.23076923076923017,no_intrinsic_DATA_compression
S3-0b4c1c7648,G-S;G-R,S,True,X,False,True,False,6,7,,,,control_groups_gt_5
S3-edf8e1b473,G-S;G-R,S,True,X,False,True,True,7,8,,,,control_groups_gt_5
S3-fff8d14d6f,G-S;G-R,S,True,X,True,False,False,5,6,9.898863518217964e-17,-0.23076923076923106,-0.23076923076923106,no_intrinsic_DATA_compression
S3-efc9fc9105,G-S;G-R,S,True,X,True,False,True,5,7,9.898863518217964e-17,-0.23076923076923106,-0.23076923076923106,no_intrinsic_DATA_compression
S3-91e86f88f4,G-S;G-R,S,True,X,True,True,False,6,7,,,,control_groups_gt_5
S3-1788b88448,G-S;G-R,S,True,X,True,True,True,7,8,,,,control_groups_gt_5
S3-a41fd27627,G-S;G-R,G,False,G,False,False,False,4,6,1.0,-0.9999999999999999,-0.23076923076923017,no_intrinsic_DATA_compression
S3-80ce74283f,G-S;G-R,G,False,G,False,False,True,4,7,1.0,-0.9999999999999999,-0.23076923076923017,no_intrinsic_DATA_compression
S3-d0cf9aa346,G-S;G-R,G,False,G,False,True,False,5,7,1.0,-0.9999999999999999,-0.23076923076923017,no_intrinsic_DATA_compression
S3-7680c3599b,G-S;G-R,G,False,G,False,True,True,6,8,,,,control_groups_gt_5
S3-436b0db71f,G-S;G-R,G,False,G,True,False,False,5,6,0.9999999999999993,-0.9999999999999999,-0.23076923076923128,no_intrinsic_DATA_compression
S3-78e037aeb1,G-S;G-R,G,False,G,True,False,True,5,7,0.9999999999999993,-0.9999999999999999,-0.23076923076923128,no_intrinsic_DATA_compression
S3-0dcf5f22ad,G-S;G-R,G,False,G,True,True,False,6,7,,,,control_groups_gt_5
S3-f0ec9927c2,G-S;G-R,G,False,G,True,True,True,7,8,,,,control_groups_gt_5
S3-1912255660,G-S;G-R,G,False,S,False,False,False,4,6,,,,DATA_and_VINIT_short_in_WRITE
S3-2b6c441d27,G-S;G-R,G,False,S,False,False,True,4,7,,,,DATA_and_VINIT_short_in_WRITE
S3-d8c057be65,G-S;G-R,G,False,S,False,True,False,5,7,,,,DATA_and_VINIT_short_in_WRITE
S3-83a0740a84,G-S;G-R,G,False,S,False,True,True,6,8,,,,control_groups_gt_5
S3-f87b0dfb14,G-S;G-R,G,False,S,True,False,False,5,6,,,,DATA_and_VINIT_short_in_WRITE
S3-c2ad4c1ef6,G-S;G-R,G,False,S,True,False,True,5,7,,,,DATA_and_VINIT_short_in_WRITE
S3-73ae82a32b,G-S;G-R,G,False,S,True,True,False,6,7,,,,control_groups_gt_5
S3-0e9e845a00,G-S;G-R,G,False,S,True,True,True,7,8,,,,control_groups_gt_5
S3-63a47ecdc5,G-S;G-R,G,False,X,False,False,False,4,6,0.0,-0.23076923076923073,-0.23076923076923028,no_intrinsic_DATA_compression
S3-bcd2b2b94f,G-S;G-R,G,False,X,False,False,True,4,7,0.0,-0.23076923076923073,-0.23076923076923028,no_intrinsic_DATA_compression
S3-ca90ac8ec4,G-S;G-R,G,False,X,False,True,False,5,7,0.0,-0.23076923076923073,-0.23076923076923028,no_intrinsic_DATA_compression
S3-989a2e0c4a,G-S;G-R,G,False,X,False,True,True,6,8,,,,control_groups_gt_5
S3-b62148b3c7,G-S;G-R,G,False,X,True,False,False,5,6,6.529398946180172e-16,-0.2307692307692315,-0.23076923076923217,no_intrinsic_DATA_compression
S3-ce0f845ef2,G-S;G-R,G,False,X,True,False,True,5,7,6.529398946180172e-16,-0.2307692307692315,-0.23076923076923217,no_intrinsic_DATA_compression
S3-9b86f9394b,G-S;G-R,G,False,X,True,True,False,6,7,,,,control_groups_gt_5
S3-59e088e9f5,G-S;G-R,G,False,X,True,True,True,7,8,,,,control_groups_gt_5
S3-fe690fa465,G-S;G-R,G,True,G,False,False,False,5,6,1.0,-1.0,-0.2307692307692305,no_intrinsic_DATA_compression
S3-5614465f7d,G-S;G-R,G,True,G,False,False,True,5,7,1.0,-1.0,-0.2307692307692305,no_intrinsic_DATA_compression
S3-52f5c4542f,G-S;G-R,G,True,G,False,True,False,6,7,,,,control_groups_gt_5
S3-1ea203cbae,G-S;G-R,G,True,G,False,True,True,7,8,,,,control_groups_gt_5
S3-73ba023f3f,G-S;G-R,G,True,G,True,False,False,5,6,0.9999999999999993,-0.9999999999999993,-0.23076923076923217,no_intrinsic_DATA_compression
S3-194283ef12,G-S;G-R,G,True,G,True,False,True,5,7,0.9999999999999993,-0.9999999999999993,-0.23076923076923217,no_intrinsic_DATA_compression
S3-015a40deef,G-S;G-R,G,True,G,True,True,False,6,7,,,,control_groups_gt_5
S3-29719d9de3,G-S;G-R,G,True,G,True,True,True,7,8,,,,control_groups_gt_5
S3-7433887787,G-S;G-R,G,True,S,False,False,False,5,6,,,,DATA_and_VINIT_short_in_WRITE
S3-351bbbc922,G-S;G-R,G,True,S,False,False,True,5,7,,,,DATA_and_VINIT_short_in_WRITE
S3-41ef13f5ff,G-S;G-R,G,True,S,False,True,False,6,7,,,,control_groups_gt_5
S3-f35cce110c,G-S;G-R,G,True,S,False,True,True,7,8,,,,control_groups_gt_5
S3-06a9441cd0,G-S;G-R,G,True,S,True,False,False,5,6,,,,DATA_and_VINIT_short_in_WRITE
S3-c5722b4b37,G-S;G-R,G,True,S,True,False,True,5,7,,,,DATA_and_VINIT_short_in_WRITE
S3-2a82348a66,G-S;G-R,G,True,S,True,True,False,6,7,,,,control_groups_gt_5
S3-fe45d0c3a3,G-S;G-R,G,True,S,True,True,True,7,8,,,,control_groups_gt_5
S3-9bcb4e2de2,G-S;G-R,G,True,X,False,False,False,5,6,0.0,-0.2307692307692324,-0.2307692307692304,no_intrinsic_DATA_compression
S3-42d2f64707,G-S;G-R,G,True,X,False,False,True,5,7,0.0,-0.2307692307692324,-0.2307692307692304,no_intrinsic_DATA_compression
S3-ba830d36d1,G-S;G-R,G,True,X,False,True,False,6,7,,,,control_groups_gt_5
S3-88da6a50ac,G-S;G-R,G,True,X,False,True,True,7,8,,,,control_groups_gt_5
S3-f663ea1612,G-S;G-R,G,True,X,True,False,False,5,6,6.529398946180172e-16,-0.23076923076923295,-0.23076923076923195,no_intrinsic_DATA_compression
S3-7f975523f5,G-S;G-R,G,True,X,True,False,True,5,7,6.529398946180172e-16,-0.23076923076923295,-0.23076923076923195,no_intrinsic_DATA_compression
S3-f697c9f253,G-S;G-R,G,True,X,True,True,False,6,7,,,,control_groups_gt_5
S3-ac755be6c8,G-S;G-R,G,True,X,True,True,True,7,8,,,,control_groups_gt_5
S3-59c6e02a75,G-S;S-X,R,False,G,False,False,False,4,6,1.0000000000000002,-1.0000000000000002,-1.1102230246251565e-15,no_intrinsic_DATA_compression
S3-0fdef64572,G-S;S-X,R,False,G,False,False,True,4,7,1.0000000000000002,-1.0000000000000002,-1.1102230246251565e-15,no_intrinsic_DATA_compression
S3-9bf832c13a,G-S;S-X,R,False,G,False,True,False,5,7,1.0000000000000002,-1.0000000000000002,-1.1102230246251565e-15,no_intrinsic_DATA_compression
S3-35a7e64b4e,G-S;S-X,R,False,G,False,True,True,6,8,,,,control_groups_gt_5
S3-2f97abefc3,G-S;S-X,R,False,G,True,False,False,5,6,1.0000000000000002,-1.0000000000000004,-3.3306690738754696e-16,no_intrinsic_DATA_compression
S3-6521b9525a,G-S;S-X,R,False,G,True,False,True,5,7,1.0000000000000002,-1.0000000000000004,-3.3306690738754696e-16,no_intrinsic_DATA_compression
S3-e21c8a1be2,G-S;S-X,R,False,G,True,True,False,6,7,,,,control_groups_gt_5
S3-0b18d0f371,G-S;S-X,R,False,G,True,True,True,7,8,,,,control_groups_gt_5
S3-c4e8226eaf,G-S;S-X,R,False,S,False,False,False,4,6,,,,DATA_and_VINIT_short_in_WRITE
S3-80d2f135b4,G-S;S-X,R,False,S,False,False,True,4,7,,,,DATA_and_VINIT_short_in_WRITE
S3-257692bd99,G-S;S-X,R,False,S,False,True,False,5,7,,,,DATA_and_VINIT_short_in_WRITE
S3-ae44ffe857,G-S;S-X,R,False,S,False,True,True,6,8,,,,control_groups_gt_5
S3-7a3cd7e847,G-S;S-X,R,False,S,True,False,False,5,6,,,,DATA_and_VINIT_short_in_WRITE
S3-620df6a77c,G-S;S-X,R,False,S,True,False,True,5,7,,,,DATA_and_VINIT_short_in_WRITE
S3-c442e6dbd2,G-S;S-X,R,False,S,True,True,False,6,7,,,,control_groups_gt_5
S3-7ac87164e1,G-S;S-X,R,False,S,True,True,True,7,8,,,,control_groups_gt_5
S3-faa3a3f5bf,G-S;S-X,R,False,X,False,False,False,4,6,2.2977675687526193e-17,-9.992007221626409e-16,-1.1102230246251565e-15,no_intrinsic_DATA_compression
S3-da3549cad6,G-S;S-X,R,False,X,False,False,True,4,7,2.2977675687526193e-17,-9.992007221626409e-16,-1.1102230246251565e-15,no_intrinsic_DATA_compression
S3-7d5355bf36,G-S;S-X,R,False,X,False,True,False,5,7,2.2977675687526193e-17,-9.992007221626409e-16,-1.1102230246251565e-15,no_intrinsic_DATA_compression
S3-7f9ee42e6a,G-S;S-X,R,False,X,False,True,True,6,8,,,,control_groups_gt_5
S3-85a3d97d29,G-S;S-X,R,False,X,True,False,False,5,6,-1.5643290563602966e-16,-9.992007221626409e-16,-4.440892098500626e-16,no_intrinsic_DATA_compression
S3-f6cdd32632,G-S;S-X,R,False,X,True,False,True,5,7,-1.5643290563602966e-16,-9.992007221626409e-16,-4.440892098500626e-16,no_intrinsic_DATA_compression
S3-50c15061f6,G-S;S-X,R,False,X,True,True,False,6,7,,,,control_groups_gt_5
S3-41bc213af8,G-S;S-X,R,False,X,True,True,True,7,8,,,,control_groups_gt_5
S3-4fa0eed8b8,G-S;S-X,R,True,G,False,False,False,5,6,1.0000000000000002,-1.0000000000000002,-1.1102230246251565e-15,no_intrinsic_DATA_compression
S3-29d18d8226,G-S;S-X,R,True,G,False,False,True,5,7,1.0000000000000002,-1.0000000000000002,-1.1102230246251565e-15,no_intrinsic_DATA_compression
S3-8104832291,G-S;S-X,R,True,G,False,True,False,6,7,,,,control_groups_gt_5
S3-2749390348,G-S;S-X,R,True,G,False,True,True,7,8,,,,control_groups_gt_5
S3-1e3cfaeade,G-S;S-X,R,True,G,True,False,False,5,6,1.0000000000000002,-1.0000000000000002,-9.992007221626409e-16,no_intrinsic_DATA_compression
S3-a0c9f1504b,G-S;S-X,R,True,G,True,False,True,5,7,1.0000000000000002,-1.0000000000000002,-9.992007221626409e-16,no_intrinsic_DATA_compression
S3-c6895269d6,G-S;S-X,R,True,G,True,True,False,6,7,,,,control_groups_gt_5
S3-e2460696fb,G-S;S-X,R,True,G,True,True,True,7,8,,,,control_groups_gt_5
S3-f6f1821b5c,G-S;S-X,R,True,S,False,False,False,5,6,,,,DATA_and_VINIT_short_in_WRITE
S3-fe44a4eac9,G-S;S-X,R,True,S,False,False,True,5,7,,,,DATA_and_VINIT_short_in_WRITE
S3-eb32425f87,G-S;S-X,R,True,S,False,True,False,6,7,,,,control_groups_gt_5
S3-2b723f1519,G-S;S-X,R,True,S,False,True,True,7,8,,,,control_groups_gt_5
S3-57f048c6bf,G-S;S-X,R,True,S,True,False,False,5,6,,,,DATA_and_VINIT_short_in_WRITE
S3-a4bebf73a9,G-S;S-X,R,True,S,True,False,True,5,7,,,,DATA_and_VINIT_short_in_WRITE
S3-d53535347b,G-S;S-X,R,True,S,True,True,False,6,7,,,,control_groups_gt_5
S3-668ba8911d,G-S;S-X,R,True,S,True,True,True,7,8,,,,control_groups_gt_5
S3-945cc27cd2,G-S;S-X,R,True,X,False,False,False,5,6,2.2977675687526193e-17,-6.661338147750939e-16,-1.3322676295501878e-15,no_intrinsic_DATA_compression
S3-5b0bd3f2fa,G-S;S-X,R,True,X,False,False,True,5,7,2.2977675687526193e-17,-6.661338147750939e-16,-1.3322676295501878e-15,no_intrinsic_DATA_compression
S3-78237c9ab1,G-S;S-X,R,True,X,False,True,False,6,7,,,,control_groups_gt_5
S3-64c4cbca38,G-S;S-X,R,True,X,False,True,True,7,8,,,,control_groups_gt_5
S3-9bca7aa6bd,G-S;S-X,R,True,X,True,False,False,5,6,-1.5643290563602966e-16,-6.661338147750939e-16,0.0,no_intrinsic_DATA_compression
S3-91bfc57d4e,G-S;S-X,R,True,X,True,False,True,5,7,-1.5643290563602966e-16,-6.661338147750939e-16,0.0,no_intrinsic_DATA_compression
S3-8eb9b242f5,G-S;S-X,R,True,X,True,True,False,6,7,,,,control_groups_gt_5
S3-518679ad26,G-S;S-X,R,True,X,True,True,True,7,8,,,,control_groups_gt_5
S3-577b822ab6,G-S;S-X,S,False,G,False,False,False,4,6,1.0000000000000002,-1.0000000000000002,-1.1102230246251565e-15,no_intrinsic_DATA_compression
S3-73d935289d,G-S;S-X,S,False,G,False,False,True,4,7,1.0000000000000002,-1.0000000000000002,-1.1102230246251565e-15,no_intrinsic_DATA_compression
S3-5b2eec2125,G-S;S-X,S,False,G,False,True,False,5,7,1.0000000000000002,-1.0000000000000002,-1.1102230246251565e-15,no_intrinsic_DATA_compression
S3-cecb1780f9,G-S;S-X,S,False,G,False,True,True,6,8,,,,control_groups_gt_5
S3-e7ba498be2,G-S;S-X,S,False,G,True,False,False,5,6,1.0000000000000002,-1.0000000000000002,-1.5543122344752192e-15,no_intrinsic_DATA_compression
S3-e1c6973959,G-S;S-X,S,False,G,True,False,True,5,7,1.0000000000000002,-1.0000000000000002,-1.5543122344752192e-15,no_intrinsic_DATA_compression
S3-66e00361aa,G-S;S-X,S,False,G,True,True,False,6,7,,,,control_groups_gt_5
S3-35012bcc25,G-S;S-X,S,False,G,True,True,True,7,8,,,,control_groups_gt_5
S3-1d2d76d3b8,G-S;S-X,S,False,S,False,False,False,4,6,,,,DATA_and_VINIT_short_in_WRITE
S3-de5c79cea2,G-S;S-X,S,False,S,False,False,True,4,7,,,,DATA_and_VINIT_short_in_WRITE
S3-cc6e926d9e,G-S;S-X,S,False,S,False,True,False,5,7,,,,DATA_and_VINIT_short_in_WRITE
S3-69c3f36280,G-S;S-X,S,False,S,False,True,True,6,8,,,,control_groups_gt_5
S3-da13666d3d,G-S;S-X,S,False,S,True,False,False,5,6,,,,DATA_and_VINIT_short_in_WRITE
S3-f811c1b751,G-S;S-X,S,False,S,True,False,True,5,7,,,,DATA_and_VINIT_short_in_WRITE
S3-4700c574ee,G-S;S-X,S,False,S,True,True,False,6,7,,,,control_groups_gt_5
S3-77498cc7af,G-S;S-X,S,False,S,True,True,True,7,8,,,,control_groups_gt_5
S3-1369cdc3c7,G-S;S-X,S,False,X,False,False,False,4,6,2.2977675687526193e-17,-1.1102230246251565e-15,-1.1102230246251565e-15,no_intrinsic_DATA_compression
S3-29a1875eaf,G-S;S-X,S,False,X,False,False,True,4,7,2.2977675687526193e-17,-1.1102230246251565e-15,-1.1102230246251565e-15,no_intrinsic_DATA_compression
S3-0b8f619525,G-S;S-X,S,False,X,False,True,False,5,7,2.2977675687526193e-17,-1.1102230246251565e-15,-1.1102230246251565e-15,no_intrinsic_DATA_compression
S3-378d4359ea,G-S;S-X,S,False,X,False,True,True,6,8,,,,control_groups_gt_5
S3-bdec134405,G-S;S-X,S,False,X,True,False,False,5,6,2.0690713305785597e-16,-1.1102230246251565e-15,-8.881784197001252e-16,no_intrinsic_DATA_compression
S3-4d9e26a7d2,G-S;S-X,S,False,X,True,False,True,5,7,2.0690713305785597e-16,-1.1102230246251565e-15,-8.881784197001252e-16,no_intrinsic_DATA_compression
S3-f7f1ed57c3,G-S;S-X,S,False,X,True,True,False,6,7,,,,control_groups_gt_5
S3-17e8f92def,G-S;S-X,S,False,X,True,True,True,7,8,,,,control_groups_gt_5
S3-9a2bcecb05,G-S;S-X,S,True,G,False,False,False,5,6,1.0000000000000002,-1.0000000000000002,-1.1102230246251565e-15,no_intrinsic_DATA_compression
S3-969f0655ce,G-S;S-X,S,True,G,False,False,True,5,7,1.0000000000000002,-1.0000000000000002,-1.1102230246251565e-15,no_intrinsic_DATA_compression
S3-7239a91ffd,G-S;S-X,S,True,G,False,True,False,6,7,,,,control_groups_gt_5
S3-238fdacddc,G-S;S-X,S,True,G,False,True,True,7,8,,,,control_groups_gt_5
S3-d37603722a,G-S;S-X,S,True,G,True,False,False,5,6,1.0000000000000002,-1.0000000000000002,-7.771561172376096e-16,no_intrinsic_DATA_compression
S3-d7a6abde03,G-S;S-X,S,True,G,True,False,True,5,7,1.0000000000000002,-1.0000000000000002,-7.771561172376096e-16,no_intrinsic_DATA_compression
S3-ec9439cc3a,G-S;S-X,S,True,G,True,True,False,6,7,,,,control_groups_gt_5
S3-9b46980f0e,G-S;S-X,S,True,G,True,True,True,7,8,,,,control_groups_gt_5
S3-8a741294eb,G-S;S-X,S,True,S,False,False,False,5,6,,,,DATA_and_VINIT_short_in_WRITE
S3-194f68dce7,G-S;S-X,S,True,S,False,False,True,5,7,,,,DATA_and_VINIT_short_in_WRITE
S3-6da0fdb001,G-S;S-X,S,True,S,False,True,False,6,7,,,,control_groups_gt_5
S3-2fefce813d,G-S;S-X,S,True,S,False,True,True,7,8,,,,control_groups_gt_5
S3-cdd410b4bb,G-S;S-X,S,True,S,True,False,False,5,6,,,,DATA_and_VINIT_short_in_WRITE
S3-08aae55e66,G-S;S-X,S,True,S,True,False,True,5,7,,,,DATA_and_VINIT_short_in_WRITE
S3-7429a7d4f0,G-S;S-X,S,True,S,True,True,False,6,7,,,,control_groups_gt_5
S3-6a3c7e3b50,G-S;S-X,S,True,S,True,True,True,7,8,,,,control_groups_gt_5
S3-0a68084a3e,G-S;S-X,S,True,X,False,False,False,5,6,2.2977675687526193e-17,-1.1102230246251565e-15,-1.1102230246251565e-15,no_intrinsic_DATA_compression
S3-49fe52b5fa,G-S;S-X,S,True,X,False,False,True,5,7,2.2977675687526193e-17,-1.1102230246251565e-15,-1.1102230246251565e-15,no_intrinsic_DATA_compression
S3-b4a706ff1b,G-S;S-X,S,True,X,False,True,False,6,7,,,,control_groups_gt_5
S3-11858ed28e,G-S;S-X,S,True,X,False,True,True,7,8,,,,control_groups_gt_5
S3-e558a7b69d,G-S;S-X,S,True,X,True,False,False,5,6,2.0690713305785597e-16,-1.1102230246251565e-15,-6.661338147750939e-16,no_intrinsic_DATA_compression
S3-94f5b8286d,G-S;S-X,S,True,X,True,False,True,5,7,2.0690713305785597e-16,-1.1102230246251565e-15,-6.661338147750939e-16,no_intrinsic_DATA_compression
S3-f1aeeab04d,G-S;S-X,S,True,X,True,True,False,6,7,,,,control_groups_gt_5
S3-e77b19e45b,G-S;S-X,S,True,X,True,True,True,7,8,,,,control_groups_gt_5
S3-a837279b1e,G-S;S-X,G,False,G,False,False,False,4,6,1.0000000000000002,-1.0000000000000004,-1.1102230246251565e-15,no_intrinsic_DATA_compression
S3-f448aeb2f7,G-S;S-X,G,False,G,False,False,True,4,7,1.0000000000000002,-1.0000000000000004,-1.1102230246251565e-15,no_intrinsic_DATA_compression
S3-b074da21a0,G-S;S-X,G,False,G,False,True,False,5,7,1.0000000000000002,-1.0000000000000004,-1.1102230246251565e-15,no_intrinsic_DATA_compression
S3-f40ded50db,G-S;S-X,G,False,G,False,True,True,6,8,,,,control_groups_gt_5
S3-66d3dbfcdc,G-S;S-X,G,False,G,True,False,False,5,6,0.7692307692307693,-0.7692307692307692,4.440892098500626e-16,compression_only_after_WRITE
S3-e14ce1fe2c,G-S;S-X,G,False,G,True,False,True,5,7,0.7692307692307693,-0.7692307692307692,4.440892098500626e-16,compression_only_after_WRITE
S3-ea96c62484,G-S;S-X,G,False,G,True,True,False,6,7,,,,control_groups_gt_5
S3-27ed81f744,G-S;S-X,G,False,G,True,True,True,7,8,,,,control_groups_gt_5
S3-460926ac20,G-S;S-X,G,False,S,False,False,False,4,6,,,,DATA_and_VINIT_short_in_WRITE
S3-b52c94166b,G-S;S-X,G,False,S,False,False,True,4,7,,,,DATA_and_VINIT_short_in_WRITE
S3-451f9b7276,G-S;S-X,G,False,S,False,True,False,5,7,,,,DATA_and_VINIT_short_in_WRITE
S3-7600ca48c1,G-S;S-X,G,False,S,False,True,True,6,8,,,,control_groups_gt_5
S3-d9f1382a2d,G-S;S-X,G,False,S,True,False,False,5,6,,,,DATA_and_VINIT_short_in_WRITE
S3-f50004756d,G-S;S-X,G,False,S,True,False,True,5,7,,,,DATA_and_VINIT_short_in_WRITE
S3-5cd595f513,G-S;S-X,G,False,S,True,True,False,6,7,,,,control_groups_gt_5
S3-5b0e7e3d20,G-S;S-X,G,False,S,True,True,True,7,8,,,,control_groups_gt_5
S3-8dd3a62e40,G-S;S-X,G,False,X,False,False,False,4,6,2.2977675687526193e-17,-9.992007221626409e-16,-1.1102230246251565e-15,no_intrinsic_DATA_compression
S3-aa16108ac9,G-S;S-X,G,False,X,False,False,True,4,7,2.2977675687526193e-17,-9.992007221626409e-16,-1.1102230246251565e-15,no_intrinsic_DATA_compression
S3-b856cfa274,G-S;S-X,G,False,X,False,True,False,5,7,2.2977675687526193e-17,-9.992007221626409e-16,-1.1102230246251565e-15,no_intrinsic_DATA_compression
S3-ee3f28d3d1,G-S;S-X,G,False,X,False,True,True,6,8,,,,control_groups_gt_5
S3-75fa55ca79,G-S;S-X,G,False,X,True,False,False,5,6,0.23076923076923117,-0.23076923076923195,-4.440892098500626e-16,compression_only_after_WRITE
S3-af7cd82eb5,G-S;S-X,G,False,X,True,False,True,5,7,0.23076923076923117,-0.23076923076923195,-4.440892098500626e-16,compression_only_after_WRITE
S3-1d1a8ead43,G-S;S-X,G,False,X,True,True,False,6,7,,,,control_groups_gt_5
S3-d2dddc54d4,G-S;S-X,G,False,X,True,True,True,7,8,,,,control_groups_gt_5
S3-bbec09c5b2,G-S;S-X,G,True,G,False,False,False,5,6,1.0000000000000002,-1.0000000000000002,-1.1102230246251565e-15,no_intrinsic_DATA_compression
S3-1fb95c471e,G-S;S-X,G,True,G,False,False,True,5,7,1.0000000000000002,-1.0000000000000002,-1.1102230246251565e-15,no_intrinsic_DATA_compression
S3-ee4a853aad,G-S;S-X,G,True,G,False,True,False,6,7,,,,control_groups_gt_5
S3-af73012b42,G-S;S-X,G,True,G,False,True,True,7,8,,,,control_groups_gt_5
S3-b9d9c079f5,G-S;S-X,G,True,G,True,False,False,5,6,0.7692307692307693,-0.7692307692307693,4.440892098500626e-16,compression_only_after_WRITE
S3-2c129fd8a8,G-S;S-X,G,True,G,True,False,True,5,7,0.7692307692307693,-0.7692307692307693,4.440892098500626e-16,compression_only_after_WRITE
S3-0e6c983d7c,G-S;S-X,G,True,G,True,True,False,6,7,,,,control_groups_gt_5
S3-50098a95ac,G-S;S-X,G,True,G,True,True,True,7,8,,,,control_groups_gt_5
S3-e01c4f2c4d,G-S;S-X,G,True,S,False,False,False,5,6,,,,DATA_and_VINIT_short_in_WRITE
S3-71737e331c,G-S;S-X,G,True,S,False,False,True,5,7,,,,DATA_and_VINIT_short_in_WRITE
S3-d5db64db84,G-S;S-X,G,True,S,False,True,False,6,7,,,,control_groups_gt_5
S3-195e02102c,G-S;S-X,G,True,S,False,True,True,7,8,,,,control_groups_gt_5
S3-1ae0300f98,G-S;S-X,G,True,S,True,False,False,5,6,,,,DATA_and_VINIT_short_in_WRITE
S3-00209ac777,G-S;S-X,G,True,S,True,False,True,5,7,,,,DATA_and_VINIT_short_in_WRITE
S3-fef0d4437a,G-S;S-X,G,True,S,True,True,False,6,7,,,,control_groups_gt_5
S3-848599c8a7,G-S;S-X,G,True,S,True,True,True,7,8,,,,control_groups_gt_5
S3-41af785259,G-S;S-X,G,True,X,False,False,False,5,6,2.2977675687526193e-17,2.220446049250313e-16,-1.1102230246251565e-15,no_intrinsic_DATA_compression
S3-3b1efbf0f3,G-S;S-X,G,True,X,False,False,True,5,7,2.2977675687526193e-17,2.220446049250313e-16,-1.1102230246251565e-15,no_intrinsic_DATA_compression
S3-bb63077be0,G-S;S-X,G,True,X,False,True,False,6,7,,,,control_groups_gt_5
S3-1c4d2198ad,G-S;S-X,G,True,X,False,True,True,7,8,,,,control_groups_gt_5
S3-1459fd6e77,G-S;S-X,G,True,X,True,False,False,5,6,0.23076923076923117,-0.23076923076923095,2.220446049250313e-16,compression_only_after_WRITE
S3-274833b23e,G-S;S-X,G,True,X,True,False,True,5,7,0.23076923076923117,-0.23076923076923095,2.220446049250313e-16,compression_only_after_WRITE
S3-128ff1e989,G-S;S-X,G,True,X,True,True,False,6,7,,,,control_groups_gt_5
S3-9678e6b248,G-S;S-X,G,True,X,True,True,True,7,8,,,,control_groups_gt_5
S3-0a941640ae,G-S;S-R,R,False,G,False,False,False,4,6,1.0,-1.0000000000000004,-2.220446049250313e-16,no_intrinsic_DATA_compression
S3-b8c48f08c3,G-S;S-R,R,False,G,False,False,True,4,7,1.0,-1.0000000000000004,-2.220446049250313e-16,no_intrinsic_DATA_compression
S3-833cb3852f,G-S;S-R,R,False,G,False,True,False,5,7,1.0,-1.0000000000000004,-2.220446049250313e-16,no_intrinsic_DATA_compression
S3-2997057536,G-S;S-R,R,False,G,False,True,True,6,8,,,,control_groups_gt_5
S3-c718e98142,G-S;S-R,R,False,G,True,False,False,5,6,1.0,-1.0000000000000004,-3.3306690738754696e-16,no_intrinsic_DATA_compression
S3-ad62574f3b,G-S;S-R,R,False,G,True,False,True,5,7,1.0,-1.0000000000000004,-3.3306690738754696e-16,no_intrinsic_DATA_compression
S3-d86f2b8629,G-S;S-R,R,False,G,True,True,False,6,7,,,,control_groups_gt_5
S3-a253b9c3a9,G-S;S-R,R,False,G,True,True,True,7,8,,,,control_groups_gt_5
S3-ab8cbc8e94,G-S;S-R,R,False,S,False,False,False,4,6,,,,DATA_and_VINIT_short_in_WRITE
S3-b98f2f1596,G-S;S-R,R,False,S,False,False,True,4,7,,,,DATA_and_VINIT_short_in_WRITE
S3-f04bf0da2d,G-S;S-R,R,False,S,False,True,False,5,7,,,,DATA_and_VINIT_short_in_WRITE
S3-3f2637beb7,G-S;S-R,R,False,S,False,True,True,6,8,,,,control_groups_gt_5
S3-bfbde79c18,G-S;S-R,R,False,S,True,False,False,5,6,,,,DATA_and_VINIT_short_in_WRITE
S3-8b31c0d3bf,G-S;S-R,R,False,S,True,False,True,5,7,,,,DATA_and_VINIT_short_in_WRITE
S3-54e606d8c9,G-S;S-R,R,False,S,True,True,False,6,7,,,,control_groups_gt_5
S3-1de0bb4fcf,G-S;S-R,R,False,S,True,True,True,7,8,,,,control_groups_gt_5
S3-942f401b87,G-S;S-R,R,False,X,False,False,False,4,6,-1.638879887359785e-16,2.220446049250313e-16,4.440892098500626e-16,no_intrinsic_DATA_compression
S3-8defda4fe2,G-S;S-R,R,False,X,False,False,True,4,7,-1.638879887359785e-16,2.220446049250313e-16,4.440892098500626e-16,no_intrinsic_DATA_compression
S3-d891054cea,G-S;S-R,R,False,X,False,True,False,5,7,-1.638879887359785e-16,2.220446049250313e-16,4.440892098500626e-16,no_intrinsic_DATA_compression
S3-6122218640,G-S;S-R,R,False,X,False,True,True,6,8,,,,control_groups_gt_5
S3-8208869bd8,G-S;S-R,R,False,X,True,False,False,5,6,-1.2522482424907099e-18,2.220446049250313e-16,5.551115123125783e-16,no_intrinsic_DATA_compression
S3-76d8a4db21,G-S;S-R,R,False,X,True,False,True,5,7,-1.2522482424907099e-18,2.220446049250313e-16,5.551115123125783e-16,no_intrinsic_DATA_compression
S3-188e5ba148,G-S;S-R,R,False,X,True,True,False,6,7,,,,control_groups_gt_5
S3-d756a52add,G-S;S-R,R,False,X,True,True,True,7,8,,,,control_groups_gt_5
S3-e93d491291,G-S;S-R,R,True,G,False,False,False,5,6,1.0,-1.0000000000000004,-2.220446049250313e-16,no_intrinsic_DATA_compression
S3-0df1a44bd9,G-S;S-R,R,True,G,False,False,True,5,7,1.0,-1.0000000000000004,-2.220446049250313e-16,no_intrinsic_DATA_compression
S3-ecea0e0fb9,G-S;S-R,R,True,G,False,True,False,6,7,,,,control_groups_gt_5
S3-0974ca3ef4,G-S;S-R,R,True,G,False,True,True,7,8,,,,control_groups_gt_5
S3-4a2fdd4713,G-S;S-R,R,True,G,True,False,False,5,6,1.0,-1.0000000000000004,-3.3306690738754696e-16,no_intrinsic_DATA_compression
S3-02732f08eb,G-S;S-R,R,True,G,True,False,True,5,7,1.0,-1.0000000000000004,-3.3306690738754696e-16,no_intrinsic_DATA_compression
S3-9231962c3d,G-S;S-R,R,True,G,True,True,False,6,7,,,,control_groups_gt_5
S3-0fe049e973,G-S;S-R,R,True,G,True,True,True,7,8,,,,control_groups_gt_5
S3-aa06f1eb3f,G-S;S-R,R,True,S,False,False,False,5,6,,,,DATA_and_VINIT_short_in_WRITE
S3-b6fdc720a9,G-S;S-R,R,True,S,False,False,True,5,7,,,,DATA_and_VINIT_short_in_WRITE
S3-9c549ef24a,G-S;S-R,R,True,S,False,True,False,6,7,,,,control_groups_gt_5
S3-0927ee54b2,G-S;S-R,R,True,S,False,True,True,7,8,,,,control_groups_gt_5
S3-50adec2184,G-S;S-R,R,True,S,True,False,False,5,6,,,,DATA_and_VINIT_short_in_WRITE
S3-59f61d1d0c,G-S;S-R,R,True,S,True,False,True,5,7,,,,DATA_and_VINIT_short_in_WRITE
S3-293425638b,G-S;S-R,R,True,S,True,True,False,6,7,,,,control_groups_gt_5
S3-8b5eed6dfa,G-S;S-R,R,True,S,True,True,True,7,8,,,,control_groups_gt_5
S3-d943b1e322,G-S;S-R,R,True,X,False,False,False,5,6,-1.638879887359785e-16,2.220446049250313e-16,3.3306690738754696e-16,no_intrinsic_DATA_compression
S3-b23cfee565,G-S;S-R,R,True,X,False,False,True,5,7,-1.638879887359785e-16,2.220446049250313e-16,3.3306690738754696e-16,no_intrinsic_DATA_compression
S3-a68f4b9ed9,G-S;S-R,R,True,X,False,True,False,6,7,,,,control_groups_gt_5
S3-148d1f8916,G-S;S-R,R,True,X,False,True,True,7,8,,,,control_groups_gt_5
S3-b37e3df96e,G-S;S-R,R,True,X,True,False,False,5,6,-1.2522482424907099e-18,2.220446049250313e-16,4.440892098500626e-16,no_intrinsic_DATA_compression
S3-14fc755f65,G-S;S-R,R,True,X,True,False,True,5,7,-1.2522482424907099e-18,2.220446049250313e-16,4.440892098500626e-16,no_intrinsic_DATA_compression
S3-efc8ecccdb,G-S;S-R,R,True,X,True,True,False,6,7,,,,control_groups_gt_5
S3-f5a056e5e7,G-S;S-R,R,True,X,True,True,True,7,8,,,,control_groups_gt_5
S3-2c295c86b0,G-S;S-R,S,False,G,False,False,False,4,6,1.0,-1.0,-2.220446049250313e-16,no_intrinsic_DATA_compression
S3-6fcb3c91a4,G-S;S-R,S,False,G,False,False,True,4,7,1.0,-1.0,-2.220446049250313e-16,no_intrinsic_DATA_compression
S3-5e63d4b0cb,G-S;S-R,S,False,G,False,True,False,5,7,1.0,-1.0,-2.220446049250313e-16,no_intrinsic_DATA_compression
S3-741cdb4fd6,G-S;S-R,S,False,G,False,True,True,6,8,,,,control_groups_gt_5
S3-f1fa216aef,G-S;S-R,S,False,G,True,False,False,5,6,1.0,-1.0,-1.3322676295501878e-15,no_intrinsic_DATA_compression
S3-4a1096945e,G-S;S-R,S,False,G,True,False,True,5,7,1.0,-1.0,-1.3322676295501878e-15,no_intrinsic_DATA_compression
S3-f1da36db03,G-S;S-R,S,False,G,True,True,False,6,7,,,,control_groups_gt_5
S3-b48aba23f1,G-S;S-R,S,False,G,True,True,True,7,8,,,,control_groups_gt_5
S3-7fab79bd5f,G-S;S-R,S,False,S,False,False,False,4,6,,,,DATA_and_VINIT_short_in_WRITE
S3-df38ba5eb4,G-S;S-R,S,False,S,False,False,True,4,7,,,,DATA_and_VINIT_short_in_WRITE
S3-4cc3994619,G-S;S-R,S,False,S,False,True,False,5,7,,,,DATA_and_VINIT_short_in_WRITE
S3-a0a9da4ad4,G-S;S-R,S,False,S,False,True,True,6,8,,,,control_groups_gt_5
S3-59eccbfa77,G-S;S-R,S,False,S,True,False,False,5,6,,,,DATA_and_VINIT_short_in_WRITE
S3-ae3c8e5802,G-S;S-R,S,False,S,True,False,True,5,7,,,,DATA_and_VINIT_short_in_WRITE
S3-e9f0f91c87,G-S;S-R,S,False,S,True,True,False,6,7,,,,control_groups_gt_5
S3-f9ad098297,G-S;S-R,S,False,S,True,True,True,7,8,,,,control_groups_gt_5
S3-3911c70761,G-S;S-R,S,False,X,False,False,False,4,6,-1.638879887359785e-16,-6.661338147750939e-16,1.1102230246251565e-16,no_intrinsic_DATA_compression
S3-bc807ea571,G-S;S-R,S,False,X,False,False,True,4,7,-1.638879887359785e-16,-6.661338147750939e-16,1.1102230246251565e-16,no_intrinsic_DATA_compression
S3-60b0074df0,G-S;S-R,S,False,X,False,True,False,5,7,-1.638879887359785e-16,-6.661338147750939e-16,1.1102230246251565e-16,no_intrinsic_DATA_compression
S3-a534b28eb6,G-S;S-R,S,False,X,False,True,True,6,8,,,,control_groups_gt_5
S3-12028f9d9f,G-S;S-R,S,False,X,True,False,False,5,6,-1.5006232903597435e-16,-6.661338147750939e-16,0.0,no_intrinsic_DATA_compression
S3-fba16a33a2,G-S;S-R,S,False,X,True,False,True,5,7,-1.5006232903597435e-16,-6.661338147750939e-16,0.0,no_intrinsic_DATA_compression
S3-94ae975d2a,G-S;S-R,S,False,X,True,True,False,6,7,,,,control_groups_gt_5
S3-d320246693,G-S;S-R,S,False,X,True,True,True,7,8,,,,control_groups_gt_5
S3-4976c99f19,G-S;S-R,S,True,G,False,False,False,5,6,1.0,-1.0000000000000002,-2.220446049250313e-16,no_intrinsic_DATA_compression
S3-9b3c1a6b98,G-S;S-R,S,True,G,False,False,True,5,7,1.0,-1.0000000000000002,-2.220446049250313e-16,no_intrinsic_DATA_compression
S3-944ea991e4,G-S;S-R,S,True,G,False,True,False,6,7,,,,control_groups_gt_5
S3-40357bc58c,G-S;S-R,S,True,G,False,True,True,7,8,,,,control_groups_gt_5
S3-396eb5891d,G-S;S-R,S,True,G,True,False,False,5,6,1.0,-1.0000000000000002,0.0,no_intrinsic_DATA_compression
S3-d170b3f2c2,G-S;S-R,S,True,G,True,False,True,5,7,1.0,-1.0000000000000002,0.0,no_intrinsic_DATA_compression
S3-8519808f70,G-S;S-R,S,True,G,True,True,False,6,7,,,,control_groups_gt_5
S3-7ec9dc9d4d,G-S;S-R,S,True,G,True,True,True,7,8,,,,control_groups_gt_5
S3-87ed21c528,G-S;S-R,S,True,S,False,False,False,5,6,,,,DATA_and_VINIT_short_in_WRITE
S3-5be6edf363,G-S;S-R,S,True,S,False,False,True,5,7,,,,DATA_and_VINIT_short_in_WRITE
S3-a5b0ba74cc,G-S;S-R,S,True,S,False,True,False,6,7,,,,control_groups_gt_5
S3-a84827b8b5,G-S;S-R,S,True,S,False,True,True,7,8,,,,control_groups_gt_5
S3-c92047ae0b,G-S;S-R,S,True,S,True,False,False,5,6,,,,DATA_and_VINIT_short_in_WRITE
S3-c3da6049ad,G-S;S-R,S,True,S,True,False,True,5,7,,,,DATA_and_VINIT_short_in_WRITE
S3-476f3ea06d,G-S;S-R,S,True,S,True,True,False,6,7,,,,control_groups_gt_5
S3-a743d59310,G-S;S-R,S,True,S,True,True,True,7,8,,,,control_groups_gt_5
S3-d0478c2016,G-S;S-R,S,True,X,False,False,False,5,6,-1.638879887359785e-16,-6.661338147750939e-16,-2.220446049250313e-16,no_intrinsic_DATA_compression
S3-8f476c37b8,G-S;S-R,S,True,X,False,False,True,5,7,-1.638879887359785e-16,-6.661338147750939e-16,-2.220446049250313e-16,no_intrinsic_DATA_compression
S3-27c868ef98,G-S;S-R,S,True,X,False,True,False,6,7,,,,control_groups_gt_5
S3-7595a2aa69,G-S;S-R,S,True,X,False,True,True,7,8,,,,control_groups_gt_5
S3-81bcea3bfc,G-S;S-R,S,True,X,True,False,False,5,6,-1.5006232903597435e-16,-6.661338147750939e-16,-6.661338147750939e-16,no_intrinsic_DATA_compression
S3-b94c1a7bf1,G-S;S-R,S,True,X,True,False,True,5,7,-1.5006232903597435e-16,-6.661338147750939e-16,-6.661338147750939e-16,no_intrinsic_DATA_compression
S3-63bf2b8e49,G-S;S-R,S,True,X,True,True,False,6,7,,,,control_groups_gt_5
S3-4fe69fa83e,G-S;S-R,S,True,X,True,True,True,7,8,,,,control_groups_gt_5
S3-175c5f2d4d,G-S;S-R,G,False,G,False,False,False,4,6,1.0,-1.0000000000000002,-2.220446049250313e-16,no_intrinsic_DATA_compression
S3-87203d4df3,G-S;S-R,G,False,G,False,False,True,4,7,1.0,-1.0000000000000002,-2.220446049250313e-16,no_intrinsic_DATA_compression
S3-8e436c0d05,G-S;S-R,G,False,G,False,True,False,5,7,1.0,-1.0000000000000002,-2.220446049250313e-16,no_intrinsic_DATA_compression
S3-4912cbc2e8,G-S;S-R,G,False,G,False,True,True,6,8,,,,control_groups_gt_5
S3-6398578b5b,G-S;S-R,G,False,G,True,False,False,5,6,0.9999999999999999,-1.0000000000000002,9.992007221626409e-16,no_intrinsic_DATA_compression
S3-cbd4713518,G-S;S-R,G,False,G,True,False,True,5,7,0.9999999999999999,-1.0000000000000002,9.992007221626409e-16,no_intrinsic_DATA_compression
S3-af6a5893b8,G-S;S-R,G,False,G,True,True,False,6,7,,,,control_groups_gt_5
S3-aa2bcd7d9f,G-S;S-R,G,False,G,True,True,True,7,8,,,,control_groups_gt_5
S3-1eb93981f4,G-S;S-R,G,False,S,False,False,False,4,6,,,,DATA_and_VINIT_short_in_WRITE
S3-2f15698cf1,G-S;S-R,G,False,S,False,False,True,4,7,,,,DATA_and_VINIT_short_in_WRITE
S3-37b3bd660c,G-S;S-R,G,False,S,False,True,False,5,7,,,,DATA_and_VINIT_short_in_WRITE
S3-faf8e7baae,G-S;S-R,G,False,S,False,True,True,6,8,,,,control_groups_gt_5
S3-db6a126ca4,G-S;S-R,G,False,S,True,False,False,5,6,,,,DATA_and_VINIT_short_in_WRITE
S3-5178ff0717,G-S;S-R,G,False,S,True,False,True,5,7,,,,DATA_and_VINIT_short_in_WRITE
S3-58d1ed2b5d,G-S;S-R,G,False,S,True,True,False,6,7,,,,control_groups_gt_5
S3-2c8a8a8521,G-S;S-R,G,False,S,True,True,True,7,8,,,,control_groups_gt_5
S3-5842f68600,G-S;S-R,G,False,X,False,False,False,4,6,-1.638879887359785e-16,4.440892098500626e-16,4.440892098500626e-16,no_intrinsic_DATA_compression
S3-888b0b952a,G-S;S-R,G,False,X,False,False,True,4,7,-1.638879887359785e-16,4.440892098500626e-16,4.440892098500626e-16,no_intrinsic_DATA_compression
S3-ad7aabf154,G-S;S-R,G,False,X,False,True,False,5,7,-1.638879887359785e-16,4.440892098500626e-16,4.440892098500626e-16,no_intrinsic_DATA_compression
S3-f3f0c1ba71,G-S;S-R,G,False,X,False,True,True,6,8,,,,control_groups_gt_5
S3-145f81219e,G-S;S-R,G,False,X,True,False,False,5,6,-2.476466305594628e-16,4.440892098500626e-16,4.440892098500626e-16,no_intrinsic_DATA_compression
S3-ca6ff9857c,G-S;S-R,G,False,X,True,False,True,5,7,-2.476466305594628e-16,4.440892098500626e-16,4.440892098500626e-16,no_intrinsic_DATA_compression
S3-361686a286,G-S;S-R,G,False,X,True,True,False,6,7,,,,control_groups_gt_5
S3-9ba380f863,G-S;S-R,G,False,X,True,True,True,7,8,,,,control_groups_gt_5
S3-de6e56a5ec,G-S;S-R,G,True,G,False,False,False,5,6,1.0,-1.0000000000000002,-2.220446049250313e-16,no_intrinsic_DATA_compression
S3-b65ce0be1f,G-S;S-R,G,True,G,False,False,True,5,7,1.0,-1.0000000000000002,-2.220446049250313e-16,no_intrinsic_DATA_compression
S3-8293202b54,G-S;S-R,G,True,G,False,True,False,6,7,,,,control_groups_gt_5
S3-e61cb7d2fd,G-S;S-R,G,True,G,False,True,True,7,8,,,,control_groups_gt_5
S3-2e03b80cce,G-S;S-R,G,True,G,True,False,False,5,6,0.9999999999999999,-1.0000000000000002,9.992007221626409e-16,no_intrinsic_DATA_compression
S3-e5b62fbdab,G-S;S-R,G,True,G,True,False,True,5,7,0.9999999999999999,-1.0000000000000002,9.992007221626409e-16,no_intrinsic_DATA_compression
S3-4a0402493a,G-S;S-R,G,True,G,True,True,False,6,7,,,,control_groups_gt_5
S3-0892f4da23,G-S;S-R,G,True,G,True,True,True,7,8,,,,control_groups_gt_5
S3-05bd2f66a8,G-S;S-R,G,True,S,False,False,False,5,6,,,,DATA_and_VINIT_short_in_WRITE
S3-79a783ff99,G-S;S-R,G,True,S,False,False,True,5,7,,,,DATA_and_VINIT_short_in_WRITE
S3-8607f985f3,G-S;S-R,G,True,S,False,True,False,6,7,,,,control_groups_gt_5
S3-caa21ff511,G-S;S-R,G,True,S,False,True,True,7,8,,,,control_groups_gt_5
S3-bb15a3c5c5,G-S;S-R,G,True,S,True,False,False,5,6,,,,DATA_and_VINIT_short_in_WRITE
S3-5ea32407a9,G-S;S-R,G,True,S,True,False,True,5,7,,,,DATA_and_VINIT_short_in_WRITE
S3-6f07eae05e,G-S;S-R,G,True,S,True,True,False,6,7,,,,control_groups_gt_5
S3-d5f366cf7c,G-S;S-R,G,True,S,True,True,True,7,8,,,,control_groups_gt_5
S3-6d55165672,G-S;S-R,G,True,X,False,False,False,5,6,-1.638879887359785e-16,1.1102230246251565e-15,-2.220446049250313e-16,no_intrinsic_DATA_compression
S3-1bab82d42b,G-S;S-R,G,True,X,False,False,True,5,7,-1.638879887359785e-16,1.1102230246251565e-15,-2.220446049250313e-16,no_intrinsic_DATA_compression
S3-0654b1ecd2,G-S;S-R,G,True,X,False,True,False,6,7,,,,control_groups_gt_5
S3-27bb61f7ff,G-S;S-R,G,True,X,False,True,True,7,8,,,,control_groups_gt_5
S3-cb07d3ef62,G-S;S-R,G,True,X,True,False,False,5,6,-2.476466305594628e-16,1.5543122344752192e-15,9.992007221626409e-16,no_intrinsic_DATA_compression
S3-ba4fcee7d4,G-S;S-R,G,True,X,True,False,True,5,7,-2.476466305594628e-16,1.5543122344752192e-15,9.992007221626409e-16,no_intrinsic_DATA_compression
S3-c60396f45b,G-S;S-R,G,True,X,True,True,False,6,7,,,,control_groups_gt_5
S3-c016e54e7b,G-S;S-R,G,True,X,True,True,True,7,8,,,,control_groups_gt_5
S3-e4334ccaab,G-S;X-R,R,False,G,False,False,False,4,6,1.0,-1.0000000000000002,0.0,no_intrinsic_DATA_compression
S3-3b3afb15bb,G-S;X-R,R,False,G,False,False,True,4,7,1.0,-1.0000000000000002,0.0,no_intrinsic_DATA_compression
S3-f560dc56fb,G-S;X-R,R,False,G,False,True,False,5,7,1.0,-1.0000000000000002,0.0,no_intrinsic_DATA_compression
S3-29b5083215,G-S;X-R,R,False,G,False,True,True,6,8,,,,control_groups_gt_5
S3-1032cf5895,G-S;X-R,R,False,G,True,False,False,5,6,1.0,-1.0000000000000002,-2.220446049250313e-16,no_intrinsic_DATA_compression
S3-5368bb0e61,G-S;X-R,R,False,G,True,False,True,5,7,1.0,-1.0000000000000002,-2.220446049250313e-16,no_intrinsic_DATA_compression
S3-1b5922e3f4,G-S;X-R,R,False,G,True,True,False,6,7,,,,control_groups_gt_5
S3-3819004da9,G-S;X-R,R,False,G,True,True,True,7,8,,,,control_groups_gt_5
S3-61c38446e1,G-S;X-R,R,False,S,False,False,False,4,6,,,,DATA_and_VINIT_short_in_WRITE
S3-b62f7cb9ed,G-S;X-R,R,False,S,False,False,True,4,7,,,,DATA_and_VINIT_short_in_WRITE
S3-00ba03c3c3,G-S;X-R,R,False,S,False,True,False,5,7,,,,DATA_and_VINIT_short_in_WRITE
S3-65b006a8cf,G-S;X-R,R,False,S,False,True,True,6,8,,,,control_groups_gt_5
S3-7ccbaf3688,G-S;X-R,R,False,S,True,False,False,5,6,,,,DATA_and_VINIT_short_in_WRITE
S3-ba0d49b490,G-S;X-R,R,False,S,True,False,True,5,7,,,,DATA_and_VINIT_short_in_WRITE
S3-fc70d6bf7c,G-S;X-R,R,False,S,True,True,False,6,7,,,,control_groups_gt_5
S3-2515f93ed9,G-S;X-R,R,False,S,True,True,True,7,8,,,,control_groups_gt_5
S3-3fc9d93086,G-S;X-R,R,False,X,False,False,False,4,6,-1.4895204919483636e-16,2.220446049250313e-16,0.0,no_intrinsic_DATA_compression
S3-5a2608050a,G-S;X-R,R,False,X,False,False,True,4,7,-1.4895204919483636e-16,2.220446049250313e-16,0.0,no_intrinsic_DATA_compression
S3-5b3cb94c12,G-S;X-R,R,False,X,False,True,False,5,7,-1.4895204919483636e-16,2.220446049250313e-16,0.0,no_intrinsic_DATA_compression
S3-fb719ff71d,G-S;X-R,R,False,X,False,True,True,6,8,,,,control_groups_gt_5
S3-662cf12d02,G-S;X-R,R,False,X,True,False,False,5,6,1.9860273225978255e-17,2.220446049250313e-16,4.440892098500626e-16,no_intrinsic_DATA_compression
S3-bb06785af7,G-S;X-R,R,False,X,True,False,True,5,7,1.9860273225978255e-17,2.220446049250313e-16,4.440892098500626e-16,no_intrinsic_DATA_compression
S3-cd3bc5348e,G-S;X-R,R,False,X,True,True,False,6,7,,,,control_groups_gt_5
S3-5ee5204349,G-S;X-R,R,False,X,True,True,True,7,8,,,,control_groups_gt_5
S3-ec7ec85e32,G-S;X-R,R,True,G,False,False,False,5,6,1.0,-1.0000000000000002,0.0,no_intrinsic_DATA_compression
S3-5f220b2a63,G-S;X-R,R,True,G,False,False,True,5,7,1.0,-1.0000000000000002,0.0,no_intrinsic_DATA_compression
S3-f9c0d1ed33,G-S;X-R,R,True,G,False,True,False,6,7,,,,control_groups_gt_5
S3-05f0a2e409,G-S;X-R,R,True,G,False,True,True,7,8,,,,control_groups_gt_5
S3-ec8550729b,G-S;X-R,R,True,G,True,False,False,5,6,1.0,-1.0000000000000002,-2.220446049250313e-16,no_intrinsic_DATA_compression
S3-a199a49c81,G-S;X-R,R,True,G,True,False,True,5,7,1.0,-1.0000000000000002,-2.220446049250313e-16,no_intrinsic_DATA_compression
S3-984a993867,G-S;X-R,R,True,G,True,True,False,6,7,,,,control_groups_gt_5
S3-f71a5065f1,G-S;X-R,R,True,G,True,True,True,7,8,,,,control_groups_gt_5
S3-13ed67eeac,G-S;X-R,R,True,S,False,False,False,5,6,,,,DATA_and_VINIT_short_in_WRITE
S3-ef96e29b58,G-S;X-R,R,True,S,False,False,True,5,7,,,,DATA_and_VINIT_short_in_WRITE
S3-2df47e7175,G-S;X-R,R,True,S,False,True,False,6,7,,,,control_groups_gt_5
S3-c1db618b8a,G-S;X-R,R,True,S,False,True,True,7,8,,,,control_groups_gt_5
S3-a2521cde22,G-S;X-R,R,True,S,True,False,False,5,6,,,,DATA_and_VINIT_short_in_WRITE
S3-a4d89cfb9f,G-S;X-R,R,True,S,True,False,True,5,7,,,,DATA_and_VINIT_short_in_WRITE
S3-9fff8b9ffb,G-S;X-R,R,True,S,True,True,False,6,7,,,,control_groups_gt_5
S3-a99f0ddfd0,G-S;X-R,R,True,S,True,True,True,7,8,,,,control_groups_gt_5
S3-c2d06d3b60,G-S;X-R,R,True,X,False,False,False,5,6,-1.4895204919483636e-16,2.220446049250313e-16,0.0,no_intrinsic_DATA_compression
S3-5ba68c3b98,G-S;X-R,R,True,X,False,False,True,5,7,-1.4895204919483636e-16,2.220446049250313e-16,0.0,no_intrinsic_DATA_compression
S3-7e94e47deb,G-S;X-R,R,True,X,False,True,False,6,7,,,,control_groups_gt_5
S3-f7773f9d20,G-S;X-R,R,True,X,False,True,True,7,8,,,,control_groups_gt_5
S3-b3f94f6707,G-S;X-R,R,True,X,True,False,False,5,6,1.9860273225978255e-17,2.220446049250313e-16,4.440892098500626e-16,no_intrinsic_DATA_compression
S3-fc781eb344,G-S;X-R,R,True,X,True,False,True,5,7,1.9860273225978255e-17,2.220446049250313e-16,4.440892098500626e-16,no_intrinsic_DATA_compression
S3-3e4100b941,G-S;X-R,R,True,X,True,True,False,6,7,,,,control_groups_gt_5
S3-49a58f040e,G-S;X-R,R,True,X,True,True,True,7,8,,,,control_groups_gt_5
S3-6f1b7d0088,G-S;X-R,S,False,G,False,False,False,4,6,1.0,-1.0000000000000007,0.0,no_intrinsic_DATA_compression
S3-a32c5b6222,G-S;X-R,S,False,G,False,False,True,4,7,1.0,-1.0000000000000007,0.0,no_intrinsic_DATA_compression
S3-47bfe2dbc1,G-S;X-R,S,False,G,False,True,False,5,7,1.0,-1.0000000000000007,0.0,no_intrinsic_DATA_compression
S3-a20393cfc1,G-S;X-R,S,False,G,False,True,True,6,8,,,,control_groups_gt_5
S3-b820cfc6d7,G-S;X-R,S,False,G,True,False,False,5,6,1.0,-1.0000000000000007,-9.992007221626409e-16,no_intrinsic_DATA_compression
S3-1bbe7354f9,G-S;X-R,S,False,G,True,False,True,5,7,1.0,-1.0000000000000007,-9.992007221626409e-16,no_intrinsic_DATA_compression
S3-38f6af40f5,G-S;X-R,S,False,G,True,True,False,6,7,,,,control_groups_gt_5
S3-8ba2ad9659,G-S;X-R,S,False,G,True,True,True,7,8,,,,control_groups_gt_5
S3-626aceb1c0,G-S;X-R,S,False,S,False,False,False,4,6,,,,DATA_and_VINIT_short_in_WRITE
S3-c4b8dc6abd,G-S;X-R,S,False,S,False,False,True,4,7,,,,DATA_and_VINIT_short_in_WRITE
S3-b78bffb62e,G-S;X-R,S,False,S,False,True,False,5,7,,,,DATA_and_VINIT_short_in_WRITE
S3-c775fb3703,G-S;X-R,S,False,S,False,True,True,6,8,,,,control_groups_gt_5
S3-d0c8d06626,G-S;X-R,S,False,S,True,False,False,5,6,,,,DATA_and_VINIT_short_in_WRITE
S3-cb3b7bc45f,G-S;X-R,S,False,S,True,False,True,5,7,,,,DATA_and_VINIT_short_in_WRITE
S3-7ca72d0010,G-S;X-R,S,False,S,True,True,False,6,7,,,,control_groups_gt_5
S3-13f1ca4256,G-S;X-R,S,False,S,True,True,True,7,8,,,,control_groups_gt_5
S3-beb13dcb15,G-S;X-R,S,False,X,False,False,False,4,6,-1.4895204919483636e-16,-9.992007221626409e-16,-2.220446049250313e-16,no_intrinsic_DATA_compression
S3-10e0f4f8f3,G-S;X-R,S,False,X,False,False,True,4,7,-1.4895204919483636e-16,-9.992007221626409e-16,-2.220446049250313e-16,no_intrinsic_DATA_compression
S3-467ab9f927,G-S;X-R,S,False,X,False,True,False,5,7,-1.4895204919483636e-16,-9.992007221626409e-16,-2.220446049250313e-16,no_intrinsic_DATA_compression
S3-bce57293c5,G-S;X-R,S,False,X,False,True,True,6,8,,,,control_groups_gt_5
S3-6b164a2d61,G-S;X-R,S,False,X,True,False,False,5,6,-1.587349373463523e-16,-9.992007221626409e-16,-1.1102230246251565e-15,no_intrinsic_DATA_compression
S3-bf9e3c9a75,G-S;X-R,S,False,X,True,False,True,5,7,-1.587349373463523e-16,-9.992007221626409e-16,-1.1102230246251565e-15,no_intrinsic_DATA_compression
S3-cb307570ec,G-S;X-R,S,False,X,True,True,False,6,7,,,,control_groups_gt_5
S3-b324c1188a,G-S;X-R,S,False,X,True,True,True,7,8,,,,control_groups_gt_5
S3-aca7261504,G-S;X-R,S,True,G,False,False,False,5,6,1.0,-1.0000000000000002,0.0,no_intrinsic_DATA_compression
S3-83ad4ffb6a,G-S;X-R,S,True,G,False,False,True,5,7,1.0,-1.0000000000000002,0.0,no_intrinsic_DATA_compression
S3-3d83097a8f,G-S;X-R,S,True,G,False,True,False,6,7,,,,control_groups_gt_5
S3-db623cf3f4,G-S;X-R,S,True,G,False,True,True,7,8,,,,control_groups_gt_5
S3-0643a308e1,G-S;X-R,S,True,G,True,False,False,5,6,1.0,-1.0000000000000002,-9.992007221626409e-16,no_intrinsic_DATA_compression
S3-133f892fca,G-S;X-R,S,True,G,True,False,True,5,7,1.0,-1.0000000000000002,-9.992007221626409e-16,no_intrinsic_DATA_compression
S3-dcf8a9fc63,G-S;X-R,S,True,G,True,True,False,6,7,,,,control_groups_gt_5
S3-3836239d61,G-S;X-R,S,True,G,True,True,True,7,8,,,,control_groups_gt_5
S3-76af4ce73d,G-S;X-R,S,True,S,False,False,False,5,6,,,,DATA_and_VINIT_short_in_WRITE
S3-36bc7af605,G-S;X-R,S,True,S,False,False,True,5,7,,,,DATA_and_VINIT_short_in_WRITE
S3-232e7609b0,G-S;X-R,S,True,S,False,True,False,6,7,,,,control_groups_gt_5
S3-a80ed1578a,G-S;X-R,S,True,S,False,True,True,7,8,,,,control_groups_gt_5
S3-d7e7c2842c,G-S;X-R,S,True,S,True,False,False,5,6,,,,DATA_and_VINIT_short_in_WRITE
S3-e19a23afb1,G-S;X-R,S,True,S,True,False,True,5,7,,,,DATA_and_VINIT_short_in_WRITE
S3-fe724edd72,G-S;X-R,S,True,S,True,True,False,6,7,,,,control_groups_gt_5
S3-242524529b,G-S;X-R,S,True,S,True,True,True,7,8,,,,control_groups_gt_5
S3-adfe6c27ff,G-S;X-R,S,True,X,False,False,False,5,6,-1.4895204919483636e-16,-1.887379141862766e-15,0.0,no_intrinsic_DATA_compression
S3-1b8067033c,G-S;X-R,S,True,X,False,False,True,5,7,-1.4895204919483636e-16,-1.887379141862766e-15,0.0,no_intrinsic_DATA_compression
S3-8ae1f2e3e1,G-S;X-R,S,True,X,False,True,False,6,7,,,,control_groups_gt_5
S3-09d3a10399,G-S;X-R,S,True,X,False,True,True,7,8,,,,control_groups_gt_5
S3-6b2c75ca61,G-S;X-R,S,True,X,True,False,False,5,6,-1.587349373463523e-16,-1.887379141862766e-15,-9.992007221626409e-16,no_intrinsic_DATA_compression
S3-1c849b2c37,G-S;X-R,S,True,X,True,False,True,5,7,-1.587349373463523e-16,-1.887379141862766e-15,-9.992007221626409e-16,no_intrinsic_DATA_compression
S3-92ee6b6133,G-S;X-R,S,True,X,True,True,False,6,7,,,,control_groups_gt_5
S3-66b4cabc14,G-S;X-R,S,True,X,True,True,True,7,8,,,,control_groups_gt_5
S3-81397e92fe,G-S;X-R,G,False,G,False,False,False,4,6,1.0,-1.0000000000000007,0.0,no_intrinsic_DATA_compression
S3-dbab1f2508,G-S;X-R,G,False,G,False,False,True,4,7,1.0,-1.0000000000000007,0.0,no_intrinsic_DATA_compression
S3-3a12b2d2a7,G-S;X-R,G,False,G,False,True,False,5,7,1.0,-1.0000000000000007,0.0,no_intrinsic_DATA_compression
S3-a7353cec17,G-S;X-R,G,False,G,False,True,True,6,8,,,,control_groups_gt_5
S3-413b958429,G-S;X-R,G,False,G,True,False,False,5,6,0.7692307692307695,-1.0000000000000002,-0.23076923076923006,compression_only_after_WRITE
S3-28c9c9dc8d,G-S;X-R,G,False,G,True,False,True,5,7,0.7692307692307695,-1.0000000000000002,-0.23076923076923006,compression_only_after_WRITE
S3-f37b936dd1,G-S;X-R,G,False,G,True,True,False,6,7,,,,control_groups_gt_5
S3-818d12c19e,G-S;X-R,G,False,G,True,True,True,7,8,,,,control_groups_gt_5
S3-06e1604c71,G-S;X-R,G,False,S,False,False,False,4,6,,,,DATA_and_VINIT_short_in_WRITE
S3-1f73aad245,G-S;X-R,G,False,S,False,False,True,4,7,,,,DATA_and_VINIT_short_in_WRITE
S3-3b83347033,G-S;X-R,G,False,S,False,True,False,5,7,,,,DATA_and_VINIT_short_in_WRITE
S3-42de9ea59f,G-S;X-R,G,False,S,False,True,True,6,8,,,,control_groups_gt_5
S3-9bdfe975a0,G-S;X-R,G,False,S,True,False,False,5,6,,,,DATA_and_VINIT_short_in_WRITE
S3-63d5f0a014,G-S;X-R,G,False,S,True,False,True,5,7,,,,DATA_and_VINIT_short_in_WRITE
S3-3e08ad8274,G-S;X-R,G,False,S,True,True,False,6,7,,,,control_groups_gt_5
S3-1ec9669ad2,G-S;X-R,G,False,S,True,True,True,7,8,,,,control_groups_gt_5
S3-3df8b4cf1d,G-S;X-R,G,False,X,False,False,False,4,6,-1.4895204919483636e-16,8.881784197001252e-16,0.0,no_intrinsic_DATA_compression
S3-cecceaab59,G-S;X-R,G,False,X,False,False,True,4,7,-1.4895204919483636e-16,8.881784197001252e-16,0.0,no_intrinsic_DATA_compression
S3-a3bde445cc,G-S;X-R,G,False,X,False,True,False,5,7,-1.4895204919483636e-16,8.881784197001252e-16,0.0,no_intrinsic_DATA_compression
S3-a76de9cc7a,G-S;X-R,G,False,X,False,True,True,6,8,,,,control_groups_gt_5
S3-a2825f1748,G-S;X-R,G,False,X,True,False,False,5,6,0.23076923076923037,-0.23076923076922984,-0.23076923076923062,compression_only_after_WRITE
S3-1653d2e545,G-S;X-R,G,False,X,True,False,True,5,7,0.23076923076923037,-0.23076923076922984,-0.23076923076923062,compression_only_after_WRITE
S3-fe63218884,G-S;X-R,G,False,X,True,True,False,6,7,,,,control_groups_gt_5
S3-51dab1cb56,G-S;X-R,G,False,X,True,True,True,7,8,,,,control_groups_gt_5
S3-bbbee26bb2,G-S;X-R,G,True,G,False,False,False,5,6,1.0,-1.0000000000000002,2.220446049250313e-16,no_intrinsic_DATA_compression
S3-5bc2536f5a,G-S;X-R,G,True,G,False,False,True,5,7,1.0,-1.0000000000000002,2.220446049250313e-16,no_intrinsic_DATA_compression
S3-2ad9cbe899,G-S;X-R,G,True,G,False,True,False,6,7,,,,control_groups_gt_5
S3-28a358f214,G-S;X-R,G,True,G,False,True,True,7,8,,,,control_groups_gt_5
S3-077f237e10,G-S;X-R,G,True,G,True,False,False,5,6,0.7692307692307695,-0.8224852071005917,-0.23076923076923073,compression_only_after_WRITE
S3-37a8827478,G-S;X-R,G,True,G,True,False,True,5,7,0.7692307692307695,-0.8224852071005917,-0.23076923076923073,compression_only_after_WRITE
S3-2e0223d785,G-S;X-R,G,True,G,True,True,False,6,7,,,,control_groups_gt_5
S3-03c9d5aff9,G-S;X-R,G,True,G,True,True,True,7,8,,,,control_groups_gt_5
S3-eb9f603b1e,G-S;X-R,G,True,S,False,False,False,5,6,,,,DATA_and_VINIT_short_in_WRITE
S3-032dfe0c91,G-S;X-R,G,True,S,False,False,True,5,7,,,,DATA_and_VINIT_short_in_WRITE
S3-a6822a73bc,G-S;X-R,G,True,S,False,True,False,6,7,,,,control_groups_gt_5
S3-bf004f24fc,G-S;X-R,G,True,S,False,True,True,7,8,,,,control_groups_gt_5
S3-39146682c3,G-S;X-R,G,True,S,True,False,False,5,6,,,,DATA_and_VINIT_short_in_WRITE
S3-6741eb0ba5,G-S;X-R,G,True,S,True,False,True,5,7,,,,DATA_and_VINIT_short_in_WRITE
S3-08b6ae6471,G-S;X-R,G,True,S,True,True,False,6,7,,,,control_groups_gt_5
S3-8e2e101683,G-S;X-R,G,True,S,True,True,True,7,8,,,,control_groups_gt_5
S3-6494da8019,G-S;X-R,G,True,X,False,False,False,5,6,-1.4895204919483636e-16,-0.23076923076922895,0.0,no_intrinsic_DATA_compression
S3-576445a4f8,G-S;X-R,G,True,X,False,False,True,5,7,-1.4895204919483636e-16,-0.23076923076922895,0.0,no_intrinsic_DATA_compression
S3-58ca91fa54,G-S;X-R,G,True,X,False,True,False,6,7,,,,control_groups_gt_5
S3-b29bb5783c,G-S;X-R,G,True,X,False,True,True,7,8,,,,control_groups_gt_5
S3-7c132dce24,G-S;X-R,G,True,X,True,False,False,5,6,0.23076923076923037,-0.4082840236686375,-0.23076923076922995,compression_only_after_WRITE
S3-ffa284c9a4,G-S;X-R,G,True,X,True,False,True,5,7,0.23076923076923037,-0.4082840236686375,-0.23076923076922995,compression_only_after_WRITE
S3-9b266b58a4,G-S;X-R,G,True,X,True,True,False,6,7,,,,control_groups_gt_5
S3-e653943b8d,G-S;X-R,G,True,X,True,True,True,7,8,,,,control_groups_gt_5
S3-5745dea62f,G-X;G-R,R,False,G,False,False,False,4,6,0.9999999999999996,-1.0,-1.0,no_intrinsic_DATA_compression
S3-8caa423b5d,G-X;G-R,R,False,G,False,False,True,4,7,0.9999999999999996,-1.0,-1.0,no_intrinsic_DATA_compression
S3-f0639c2d4f,G-X;G-R,R,False,G,False,True,False,5,7,0.9999999999999996,-1.0,-1.0,no_intrinsic_DATA_compression
S3-10b0f08801,G-X;G-R,R,False,G,False,True,True,6,8,,,,control_groups_gt_5
S3-bad38a2e91,G-X;G-R,R,False,G,True,False,False,5,6,0.2307692307692305,-0.9999999999999998,-0.9999999999999991,compression_only_after_WRITE
S3-a372e5e6c9,G-X;G-R,R,False,G,True,False,True,5,7,0.2307692307692305,-0.9999999999999998,-0.9999999999999991,compression_only_after_WRITE
S3-6ccd428143,G-X;G-R,R,False,G,True,True,False,6,7,,,,control_groups_gt_5
S3-ab1caf1e9a,G-X;G-R,R,False,G,True,True,True,7,8,,,,control_groups_gt_5
S3-cf55aab31b,G-X;G-R,R,False,S,False,False,False,4,6,,,,DATA_and_VINIT_short_in_WRITE
S3-00fd9b4363,G-X;G-R,R,False,S,False,False,True,4,7,,,,DATA_and_VINIT_short_in_WRITE
S3-5507ae568e,G-X;G-R,R,False,S,False,True,False,5,7,,,,DATA_and_VINIT_short_in_WRITE
S3-4e99c62f0b,G-X;G-R,R,False,S,False,True,True,6,8,,,,control_groups_gt_5
S3-c46024e294,G-X;G-R,R,False,S,True,False,False,5,6,,,,DATA_and_VINIT_short_in_WRITE
S3-bc27624ddc,G-X;G-R,R,False,S,True,False,True,5,7,,,,DATA_and_VINIT_short_in_WRITE
S3-ca1723ac50,G-X;G-R,R,False,S,True,True,False,6,7,,,,control_groups_gt_5
S3-3ab72edf34,G-X;G-R,R,False,S,True,True,True,7,8,,,,control_groups_gt_5
S3-5d3dd69388,G-X;G-R,R,False,X,False,False,False,4,6,0.7692307692307693,-0.9999999999999997,-1.0,VTH_lost_across_phases
S3-c18621ead1,G-X;G-R,R,False,X,False,False,True,4,7,0.7692307692307693,-0.9999999999999997,-1.0,VTH_lost_across_phases
S3-1ff66363b9,G-X;G-R,R,False,X,False,True,False,5,7,0.7692307692307693,-0.9999999999999997,-1.0,VTH_lost_across_phases
S3-4326cbac2c,G-X;G-R,R,False,X,False,True,True,6,8,,,,control_groups_gt_5
S3-77e923b04d,G-X;G-R,R,False,X,True,False,False,5,6,2.220446049250313e-16,-0.9999999999999997,-0.9999999999999996,no_intrinsic_DATA_compression
S3-4e1058e5b3,G-X;G-R,R,False,X,True,False,True,5,7,2.220446049250313e-16,-0.9999999999999997,-0.9999999999999996,no_intrinsic_DATA_compression
S3-117b7e7edd,G-X;G-R,R,False,X,True,True,False,6,7,,,,control_groups_gt_5
S3-17ddc181c6,G-X;G-R,R,False,X,True,True,True,7,8,,,,control_groups_gt_5
S3-c7dfc85e1f,G-X;G-R,R,True,G,False,False,False,5,6,0.9999999999999996,-1.0,-1.0,no_intrinsic_DATA_compression
S3-69b46bd479,G-X;G-R,R,True,G,False,False,True,5,7,0.9999999999999996,-1.0,-1.0,no_intrinsic_DATA_compression
S3-fc9803323d,G-X;G-R,R,True,G,False,True,False,6,7,,,,control_groups_gt_5
S3-b37075d7b4,G-X;G-R,R,True,G,False,True,True,7,8,,,,control_groups_gt_5
S3-f534181b60,G-X;G-R,R,True,G,True,False,False,5,6,0.2307692307692305,-0.9999999999999996,-0.9999999999999996,compression_only_after_WRITE
S3-54bf23703c,G-X;G-R,R,True,G,True,False,True,5,7,0.2307692307692305,-0.9999999999999996,-0.9999999999999996,compression_only_after_WRITE
S3-cb75855cb4,G-X;G-R,R,True,G,True,True,False,6,7,,,,control_groups_gt_5
S3-d94a2ffd72,G-X;G-R,R,True,G,True,True,True,7,8,,,,control_groups_gt_5
S3-50ecd61fb6,G-X;G-R,R,True,S,False,False,False,5,6,,,,DATA_and_VINIT_short_in_WRITE
S3-defa6ec0dd,G-X;G-R,R,True,S,False,False,True,5,7,,,,DATA_and_VINIT_short_in_WRITE
S3-6f78332b3d,G-X;G-R,R,True,S,False,True,False,6,7,,,,control_groups_gt_5
S3-0c7d766a7b,G-X;G-R,R,True,S,False,True,True,7,8,,,,control_groups_gt_5
S3-73fb902f7b,G-X;G-R,R,True,S,True,False,False,5,6,,,,DATA_and_VINIT_short_in_WRITE
S3-79252d4a8e,G-X;G-R,R,True,S,True,False,True,5,7,,,,DATA_and_VINIT_short_in_WRITE
S3-8c1cf46a29,G-X;G-R,R,True,S,True,True,False,6,7,,,,control_groups_gt_5
S3-e386a33356,G-X;G-R,R,True,S,True,True,True,7,8,,,,control_groups_gt_5
S3-e119c3fc5a,G-X;G-R,R,True,X,False,False,False,5,6,0.7692307692307693,-0.9999999999999994,-1.0,VTH_lost_across_phases
S3-2a5c7e3570,G-X;G-R,R,True,X,False,False,True,5,7,0.7692307692307693,-0.9999999999999994,-1.0,VTH_lost_across_phases
S3-4f1d213936,G-X;G-R,R,True,X,False,True,False,6,7,,,,control_groups_gt_5
S3-425b599a8d,G-X;G-R,R,True,X,False,True,True,7,8,,,,control_groups_gt_5
S3-1847375035,G-X;G-R,R,True,X,True,False,False,5,6,2.220446049250313e-16,-0.9999999999999994,-1.0,no_intrinsic_DATA_compression
S3-9536acce75,G-X;G-R,R,True,X,True,False,True,5,7,2.220446049250313e-16,-0.9999999999999994,-1.0,no_intrinsic_DATA_compression
S3-fb31fb1ec7,G-X;G-R,R,True,X,True,True,False,6,7,,,,control_groups_gt_5
S3-d8dd5576c2,G-X;G-R,R,True,X,True,True,True,7,8,,,,control_groups_gt_5
S3-128b3eb6f2,G-X;G-R,S,False,G,False,False,False,4,6,0.9999999999999996,-1.0,-1.0,no_intrinsic_DATA_compression
S3-14f98a1059,G-X;G-R,S,False,G,False,False,True,4,7,0.9999999999999996,-1.0,-1.0,no_intrinsic_DATA_compression
S3-d7f1537c6e,G-X;G-R,S,False,G,False,True,False,5,7,0.9999999999999996,-1.0,-1.0,no_intrinsic_DATA_compression
S3-ef7fe2b204,G-X;G-R,S,False,G,False,True,True,6,8,,,,control_groups_gt_5
S3-a2a984d524,G-X;G-R,S,False,G,True,False,False,5,6,0.23076923076923028,-0.23076923076922995,-0.23076923076922906,compression_only_after_WRITE
S3-676a0fb2bf,G-X;G-R,S,False,G,True,False,True,5,7,0.23076923076923028,-0.23076923076922995,-0.23076923076922906,compression_only_after_WRITE
S3-fffb9cf4f5,G-X;G-R,S,False,G,True,True,False,6,7,,,,control_groups_gt_5
S3-67206a8c41,G-X;G-R,S,False,G,True,True,True,7,8,,,,control_groups_gt_5
S3-fd25ca894c,G-X;G-R,S,False,S,False,False,False,4,6,,,,DATA_and_VINIT_short_in_WRITE
S3-ced6550ae9,G-X;G-R,S,False,S,False,False,True,4,7,,,,DATA_and_VINIT_short_in_WRITE
S3-d1006974a0,G-X;G-R,S,False,S,False,True,False,5,7,,,,DATA_and_VINIT_short_in_WRITE
S3-c5a06eada5,G-X;G-R,S,False,S,False,True,True,6,8,,,,control_groups_gt_5
S3-1c1e8a70ca,G-X;G-R,S,False,S,True,False,False,5,6,,,,DATA_and_VINIT_short_in_WRITE
S3-367c8f7d0a,G-X;G-R,S,False,S,True,False,True,5,7,,,,DATA_and_VINIT_short_in_WRITE
S3-b350f96017,G-X;G-R,S,False,S,True,True,False,6,7,,,,control_groups_gt_5
S3-d487decac3,G-X;G-R,S,False,S,True,True,True,7,8,,,,control_groups_gt_5
S3-4bb624fac8,G-X;G-R,S,False,X,False,False,False,4,6,0.7692307692307693,-0.23076923076922995,-1.0,VTH_lost_across_phases
S3-e586b70202,G-X;G-R,S,False,X,False,False,True,4,7,0.7692307692307693,-0.23076923076922995,-1.0,VTH_lost_across_phases
S3-ab02141f2c,G-X;G-R,S,False,X,False,True,False,5,7,0.7692307692307693,-0.23076923076922995,-1.0,VTH_lost_across_phases
S3-0896a99465,G-X;G-R,S,False,X,False,True,True,6,8,,,,control_groups_gt_5
S3-1eee9dc5b6,G-X;G-R,S,False,X,True,False,False,5,6,0.0,-0.23076923076922973,-0.23076923076923017,no_intrinsic_DATA_compression
S3-64c65fbc00,G-X;G-R,S,False,X,True,False,True,5,7,0.0,-0.23076923076922973,-0.23076923076923017,no_intrinsic_DATA_compression
S3-7abed9c5f8,G-X;G-R,S,False,X,True,True,False,6,7,,,,control_groups_gt_5
S3-cfb263ec4e,G-X;G-R,S,False,X,True,True,True,7,8,,,,control_groups_gt_5
S3-f5ec67a446,G-X;G-R,S,True,G,False,False,False,5,6,0.9999999999999996,-0.9999999999999998,-1.0,no_intrinsic_DATA_compression
S3-d9806cc5aa,G-X;G-R,S,True,G,False,False,True,5,7,0.9999999999999996,-0.9999999999999998,-1.0,no_intrinsic_DATA_compression
S3-a3b61ff989,G-X;G-R,S,True,G,False,True,False,6,7,,,,control_groups_gt_5
S3-6a68ec8d69,G-X;G-R,S,True,G,False,True,True,7,8,,,,control_groups_gt_5
S3-d569ac7de6,G-X;G-R,S,True,G,True,False,False,5,6,0.23076923076923028,-0.4082840236686378,-0.23076923076922817,compression_only_after_WRITE
S3-3f79bf2341,G-X;G-R,S,True,G,True,False,True,5,7,0.23076923076923028,-0.4082840236686378,-0.23076923076922817,compression_only_after_WRITE
S3-0ce3355f33,G-X;G-R,S,True,G,True,True,False,6,7,,,,control_groups_gt_5
S3-dcf4af6be0,G-X;G-R,S,True,G,True,True,True,7,8,,,,control_groups_gt_5
S3-941d354e47,G-X;G-R,S,True,S,False,False,False,5,6,,,,DATA_and_VINIT_short_in_WRITE
S3-400b5a2c01,G-X;G-R,S,True,S,False,False,True,5,7,,,,DATA_and_VINIT_short_in_WRITE
S3-fa8d8db902,G-X;G-R,S,True,S,False,True,False,6,7,,,,control_groups_gt_5
S3-4d714642b7,G-X;G-R,S,True,S,False,True,True,7,8,,,,control_groups_gt_5
S3-6edc7e396c,G-X;G-R,S,True,S,True,False,False,5,6,,,,DATA_and_VINIT_short_in_WRITE
S3-5754256c15,G-X;G-R,S,True,S,True,False,True,5,7,,,,DATA_and_VINIT_short_in_WRITE
S3-bfdc9dfb8b,G-X;G-R,S,True,S,True,True,False,6,7,,,,control_groups_gt_5
S3-dc069d7274,G-X;G-R,S,True,S,True,True,True,7,8,,,,control_groups_gt_5
S3-5f8a8d1a16,G-X;G-R,S,True,X,False,False,False,5,6,0.7692307692307693,-0.2307692307692295,-0.9999999999999999,VTH_lost_across_phases
S3-df1514d4f0,G-X;G-R,S,True,X,False,False,True,5,7,0.7692307692307693,-0.2307692307692295,-0.9999999999999999,VTH_lost_across_phases
S3-b16f589f01,G-X;G-R,S,True,X,False,True,False,6,7,,,,control_groups_gt_5
S3-7923d52682,G-X;G-R,S,True,X,False,True,True,7,8,,,,control_groups_gt_5
S3-6605780ea2,G-X;G-R,S,True,X,True,False,False,5,6,0.0,-0.2307692307692295,-0.2307692307692295,no_intrinsic_DATA_compression
S3-fdcb0dd11a,G-X;G-R,S,True,X,True,False,True,5,7,0.0,-0.2307692307692295,-0.2307692307692295,no_intrinsic_DATA_compression
S3-62efcef5a9,G-X;G-R,S,True,X,True,True,False,6,7,,,,control_groups_gt_5
S3-4daf8e4ad3,G-X;G-R,S,True,X,True,True,True,7,8,,,,control_groups_gt_5
S3-9d4e828884,G-X;G-R,G,False,G,False,False,False,4,6,0.9999999999999996,-1.0,-1.0,no_intrinsic_DATA_compression
S3-73249712b6,G-X;G-R,G,False,G,False,False,True,4,7,0.9999999999999996,-1.0,-1.0,no_intrinsic_DATA_compression
S3-c6079d984f,G-X;G-R,G,False,G,False,True,False,5,7,0.9999999999999996,-1.0,-1.0,no_intrinsic_DATA_compression
S3-d5337e0ca6,G-X;G-R,G,False,G,False,True,True,6,8,,,,control_groups_gt_5
S3-251add0e1c,G-X;G-R,G,False,G,True,False,False,5,6,0.9999999999999996,-1.0,-1.0000000000000044,no_intrinsic_DATA_compression
S3-c0110925a4,G-X;G-R,G,False,G,True,False,True,5,7,0.9999999999999996,-1.0,-1.0000000000000044,no_intrinsic_DATA_compression
S3-9e1b9f0500,G-X;G-R,G,False,G,True,True,False,6,7,,,,control_groups_gt_5
S3-aee298e4b1,G-X;G-R,G,False,G,True,True,True,7,8,,,,control_groups_gt_5
S3-cd9656b009,G-X;G-R,G,False,S,False,False,False,4,6,,,,DATA_and_VINIT_short_in_WRITE
S3-28e6edd72a,G-X;G-R,G,False,S,False,False,True,4,7,,,,DATA_and_VINIT_short_in_WRITE
S3-b23add05cc,G-X;G-R,G,False,S,False,True,False,5,7,,,,DATA_and_VINIT_short_in_WRITE
S3-253d0f3fd5,G-X;G-R,G,False,S,False,True,True,6,8,,,,control_groups_gt_5
S3-01201c799e,G-X;G-R,G,False,S,True,False,False,5,6,,,,DATA_and_VINIT_short_in_WRITE
S3-8d047fec8a,G-X;G-R,G,False,S,True,False,True,5,7,,,,DATA_and_VINIT_short_in_WRITE
S3-660e056c93,G-X;G-R,G,False,S,True,True,False,6,7,,,,control_groups_gt_5
S3-5ecd31b9a1,G-X;G-R,G,False,S,True,True,True,7,8,,,,control_groups_gt_5
S3-c3afee6269,G-X;G-R,G,False,X,False,False,False,4,6,0.7692307692307693,-0.9999999999999999,-1.0,VTH_lost_across_phases
S3-9a2dcd7527,G-X;G-R,G,False,X,False,False,True,4,7,0.7692307692307693,-0.9999999999999999,-1.0,VTH_lost_across_phases
S3-6fc7f295a1,G-X;G-R,G,False,X,False,True,False,5,7,0.7692307692307693,-0.9999999999999999,-1.0,VTH_lost_across_phases
S3-60abf9bad0,G-X;G-R,G,False,X,False,True,True,6,8,,,,control_groups_gt_5
S3-6dc4ab3527,G-X;G-R,G,False,X,True,False,False,5,6,0.7692307692307693,-0.9999999999999999,-1.000000000000004,VTH_lost_across_phases
S3-cd59cd3f2b,G-X;G-R,G,False,X,True,False,True,5,7,0.7692307692307693,-0.9999999999999999,-1.000000000000004,VTH_lost_across_phases
S3-ecd996cd62,G-X;G-R,G,False,X,True,True,False,6,7,,,,control_groups_gt_5
S3-abf8ad5fe6,G-X;G-R,G,False,X,True,True,True,7,8,,,,control_groups_gt_5
S3-b3673f8e1c,G-X;G-R,G,True,G,False,False,False,5,6,0.9999999999999996,-1.0,-1.0,no_intrinsic_DATA_compression
S3-33afb2e328,G-X;G-R,G,True,G,False,False,True,5,7,0.9999999999999996,-1.0,-1.0,no_intrinsic_DATA_compression
S3-13a203ab62,G-X;G-R,G,True,G,False,True,False,6,7,,,,control_groups_gt_5
S3-4bd637fa4d,G-X;G-R,G,True,G,False,True,True,7,8,,,,control_groups_gt_5
S3-55ecd680a2,G-X;G-R,G,True,G,True,False,False,5,6,0.9999999999999996,-1.0,-1.0000000000000044,no_intrinsic_DATA_compression
S3-dcbf7e2b5d,G-X;G-R,G,True,G,True,False,True,5,7,0.9999999999999996,-1.0,-1.0000000000000044,no_intrinsic_DATA_compression
S3-38e8ad863c,G-X;G-R,G,True,G,True,True,False,6,7,,,,control_groups_gt_5
S3-be488db1e6,G-X;G-R,G,True,G,True,True,True,7,8,,,,control_groups_gt_5
S3-01397c0cec,G-X;G-R,G,True,S,False,False,False,5,6,,,,DATA_and_VINIT_short_in_WRITE
S3-ed2a865dd7,G-X;G-R,G,True,S,False,False,True,5,7,,,,DATA_and_VINIT_short_in_WRITE
S3-9fdf15c6d9,G-X;G-R,G,True,S,False,True,False,6,7,,,,control_groups_gt_5
S3-50ce10dff3,G-X;G-R,G,True,S,False,True,True,7,8,,,,control_groups_gt_5
S3-0ce681d1db,G-X;G-R,G,True,S,True,False,False,5,6,,,,DATA_and_VINIT_short_in_WRITE
S3-8d82243f7e,G-X;G-R,G,True,S,True,False,True,5,7,,,,DATA_and_VINIT_short_in_WRITE
S3-8e6f396cdc,G-X;G-R,G,True,S,True,True,False,6,7,,,,control_groups_gt_5
S3-1aae561b94,G-X;G-R,G,True,S,True,True,True,7,8,,,,control_groups_gt_5
S3-3aefb8f377,G-X;G-R,G,True,X,False,False,False,5,6,0.7692307692307693,-1.0000000000000013,-0.9999999999999998,VTH_lost_across_phases
S3-c44c338a95,G-X;G-R,G,True,X,False,False,True,5,7,0.7692307692307693,-1.0000000000000013,-0.9999999999999998,VTH_lost_across_phases
S3-155dbf8ddb,G-X;G-R,G,True,X,False,True,False,6,7,,,,control_groups_gt_5
S3-5592bae350,G-X;G-R,G,True,X,False,True,True,7,8,,,,control_groups_gt_5
S3-738f3eae93,G-X;G-R,G,True,X,True,False,False,5,6,0.7692307692307693,-1.0000000000000013,-1.0000000000000042,VTH_lost_across_phases
S3-bec843f780,G-X;G-R,G,True,X,True,False,True,5,7,0.7692307692307693,-1.0000000000000013,-1.0000000000000042,VTH_lost_across_phases
S3-2118de1fac,G-X;G-R,G,True,X,True,True,False,6,7,,,,control_groups_gt_5
S3-52dc0c0414,G-X;G-R,G,True,X,True,True,True,7,8,,,,control_groups_gt_5
S3-4d38f0bac9,G-X;S-X,R,False,G,False,False,False,4,6,1.0000000000000002,-1.0000000000000002,-6.661338147750939e-16,no_intrinsic_DATA_compression
S3-172ea1be76,G-X;S-X,R,False,G,False,False,True,4,7,1.0000000000000002,-1.0000000000000002,-6.661338147750939e-16,no_intrinsic_DATA_compression
S3-71a1667fdc,G-X;S-X,R,False,G,False,True,False,5,7,1.0000000000000002,-1.0000000000000002,-6.661338147750939e-16,no_intrinsic_DATA_compression
S3-e566f6523c,G-X;S-X,R,False,G,False,True,True,6,8,,,,control_groups_gt_5
S3-83b4d85d59,G-X;S-X,R,False,G,True,False,False,5,6,0.23076923076923125,-1.230769230769231,-0.9999999999999984,compression_only_after_WRITE
S3-efd786b824,G-X;S-X,R,False,G,True,False,True,5,7,0.23076923076923125,-1.230769230769231,-0.9999999999999984,compression_only_after_WRITE
S3-fa05f610cf,G-X;S-X,R,False,G,True,True,False,6,7,,,,control_groups_gt_5
S3-7dfcb67224,G-X;S-X,R,False,G,True,True,True,7,8,,,,control_groups_gt_5
S3-dd88c58689,G-X;S-X,R,False,S,False,False,False,4,6,,,,DATA_and_VINIT_short_in_WRITE
S3-80b5b4977f,G-X;S-X,R,False,S,False,False,True,4,7,,,,DATA_and_VINIT_short_in_WRITE
S3-d1463d0d9e,G-X;S-X,R,False,S,False,True,False,5,7,,,,DATA_and_VINIT_short_in_WRITE
S3-d3ed62e4d2,G-X;S-X,R,False,S,False,True,True,6,8,,,,control_groups_gt_5
S3-faecd83446,G-X;S-X,R,False,S,True,False,False,5,6,,,,DATA_and_VINIT_short_in_WRITE
S3-d364c51da9,G-X;S-X,R,False,S,True,False,True,5,7,,,,DATA_and_VINIT_short_in_WRITE
S3-54121d98d7,G-X;S-X,R,False,S,True,True,False,6,7,,,,control_groups_gt_5
S3-4a544e0436,G-X;S-X,R,False,S,True,True,True,7,8,,,,control_groups_gt_5
S3-403dd5d636,G-X;S-X,R,False,X,False,False,False,4,6,0.9999999999999997,-1.0000000000000013,-6.661338147750939e-16,no_intrinsic_DATA_compression
S3-e8b5b5028b,G-X;S-X,R,False,X,False,False,True,4,7,0.9999999999999997,-1.0000000000000013,-6.661338147750939e-16,no_intrinsic_DATA_compression
S3-ede17131b3,G-X;S-X,R,False,X,False,True,False,5,7,0.9999999999999997,-1.0000000000000013,-6.661338147750939e-16,no_intrinsic_DATA_compression
S3-a21583a0dc,G-X;S-X,R,False,X,False,True,True,6,8,,,,control_groups_gt_5
S3-ee7eff3f53,G-X;S-X,R,False,X,True,False,False,5,6,-3.706457181729207e-16,-1.0000000000000009,-0.9999999999999996,no_intrinsic_DATA_compression
S3-8ee433246b,G-X;S-X,R,False,X,True,False,True,5,7,-3.706457181729207e-16,-1.0000000000000009,-0.9999999999999996,no_intrinsic_DATA_compression
S3-1f46fad842,G-X;S-X,R,False,X,True,True,False,6,7,,,,control_groups_gt_5
S3-38bac84077,G-X;S-X,R,False,X,True,True,True,7,8,,,,control_groups_gt_5
S3-309dc07f7b,G-X;S-X,R,True,G,False,False,False,5,6,1.0000000000000002,-1.0,-6.661338147750939e-16,no_intrinsic_DATA_compression
S3-eaa310a9b3,G-X;S-X,R,True,G,False,False,True,5,7,1.0000000000000002,-1.0,-6.661338147750939e-16,no_intrinsic_DATA_compression
S3-a8797c7a69,G-X;S-X,R,True,G,False,True,False,6,7,,,,control_groups_gt_5
S3-1e6436864d,G-X;S-X,R,True,G,False,True,True,7,8,,,,control_groups_gt_5
S3-49af4449c8,G-X;S-X,R,True,G,True,False,False,5,6,0.23076923076923125,-1.0000000000000007,-1.0000000000000002,compression_only_after_WRITE
S3-67a6cd81cf,G-X;S-X,R,True,G,True,False,True,5,7,0.23076923076923125,-1.0000000000000007,-1.0000000000000002,compression_only_after_WRITE
S3-1c43edca7e,G-X;S-X,R,True,G,True,True,False,6,7,,,,control_groups_gt_5
S3-d36cd12a02,G-X;S-X,R,True,G,True,True,True,7,8,,,,control_groups_gt_5
S3-494017475a,G-X;S-X,R,True,S,False,False,False,5,6,,,,DATA_and_VINIT_short_in_WRITE
S3-3106407bf4,G-X;S-X,R,True,S,False,False,True,5,7,,,,DATA_and_VINIT_short_in_WRITE
S3-469339aff6,G-X;S-X,R,True,S,False,True,False,6,7,,,,control_groups_gt_5
S3-87299189ec,G-X;S-X,R,True,S,False,True,True,7,8,,,,control_groups_gt_5
S3-f73d99cc7b,G-X;S-X,R,True,S,True,False,False,5,6,,,,DATA_and_VINIT_short_in_WRITE
S3-77f283deb8,G-X;S-X,R,True,S,True,False,True,5,7,,,,DATA_and_VINIT_short_in_WRITE
S3-314850acd4,G-X;S-X,R,True,S,True,True,False,6,7,,,,control_groups_gt_5
S3-e97ee53607,G-X;S-X,R,True,S,True,True,True,7,8,,,,control_groups_gt_5
S3-8626e4ffee,G-X;S-X,R,True,X,False,False,False,5,6,0.9999999999999997,-1.0000000000000007,-5.551115123125783e-16,no_intrinsic_DATA_compression
S3-01c9e6a3cd,G-X;S-X,R,True,X,False,False,True,5,7,0.9999999999999997,-1.0000000000000007,-5.551115123125783e-16,no_intrinsic_DATA_compression
S3-aa15b0dc45,G-X;S-X,R,True,X,False,True,False,6,7,,,,control_groups_gt_5
S3-448f811844,G-X;S-X,R,True,X,False,True,True,7,8,,,,control_groups_gt_5
S3-83624368cf,G-X;S-X,R,True,X,True,False,False,5,6,-3.706457181729207e-16,-1.0000000000000007,-0.9999999999999996,no_intrinsic_DATA_compression
S3-8214bcf3b4,G-X;S-X,R,True,X,True,False,True,5,7,-3.706457181729207e-16,-1.0000000000000007,-0.9999999999999996,no_intrinsic_DATA_compression
S3-aec758cd0c,G-X;S-X,R,True,X,True,True,False,6,7,,,,control_groups_gt_5
S3-95ddd82554,G-X;S-X,R,True,X,True,True,True,7,8,,,,control_groups_gt_5
S3-18e661c543,G-X;S-X,S,False,G,False,False,False,4,6,1.0000000000000002,-1.0000000000000002,-6.661338147750939e-16,no_intrinsic_DATA_compression
S3-caefa3c3b4,G-X;S-X,S,False,G,False,False,True,4,7,1.0000000000000002,-1.0000000000000002,-6.661338147750939e-16,no_intrinsic_DATA_compression
S3-7035d0eec8,G-X;S-X,S,False,G,False,True,False,5,7,1.0000000000000002,-1.0000000000000002,-6.661338147750939e-16,no_intrinsic_DATA_compression
S3-a48e27cacf,G-X;S-X,S,False,G,False,True,True,6,8,,,,control_groups_gt_5
S3-64e5b28e87,G-X;S-X,S,False,G,True,False,False,5,6,0.23076923076923136,-0.23076923076923073,-4.440892098500626e-16,compression_only_after_WRITE
S3-47b109e82d,G-X;S-X,S,False,G,True,False,True,5,7,0.23076923076923136,-0.23076923076923073,-4.440892098500626e-16,compression_only_after_WRITE
S3-d0e764f1cf,G-X;S-X,S,False,G,True,True,False,6,7,,,,control_groups_gt_5
S3-93ebe0cdbb,G-X;S-X,S,False,G,True,True,True,7,8,,,,control_groups_gt_5
S3-9a5972ffd4,G-X;S-X,S,False,S,False,False,False,4,6,,,,DATA_and_VINIT_short_in_WRITE
S3-43c919cd56,G-X;S-X,S,False,S,False,False,True,4,7,,,,DATA_and_VINIT_short_in_WRITE
S3-71f0ede5b6,G-X;S-X,S,False,S,False,True,False,5,7,,,,DATA_and_VINIT_short_in_WRITE
S3-80f597e3d3,G-X;S-X,S,False,S,False,True,True,6,8,,,,control_groups_gt_5
S3-61861181b3,G-X;S-X,S,False,S,True,False,False,5,6,,,,DATA_and_VINIT_short_in_WRITE
S3-e27ba9ab2b,G-X;S-X,S,False,S,True,False,True,5,7,,,,DATA_and_VINIT_short_in_WRITE
S3-40c1a1739a,G-X;S-X,S,False,S,True,True,False,6,7,,,,control_groups_gt_5
S3-075ce2d695,G-X;S-X,S,False,S,True,True,True,7,8,,,,control_groups_gt_5
S3-3ab833d7db,G-X;S-X,S,False,X,False,False,False,4,6,0.9999999999999997,0.0,-6.661338147750939e-16,no_intrinsic_DATA_compression
S3-a313fe01fd,G-X;S-X,S,False,X,False,False,True,4,7,0.9999999999999997,0.0,-6.661338147750939e-16,no_intrinsic_DATA_compression
S3-560d521e92,G-X;S-X,S,False,X,False,True,False,5,7,0.9999999999999997,0.0,-6.661338147750939e-16,no_intrinsic_DATA_compression
S3-6ed644a403,G-X;S-X,S,False,X,False,True,True,6,8,,,,control_groups_gt_5
S3-13c6d7b456,G-X;S-X,S,False,X,True,False,False,5,6,-1.2526270261791241e-17,0.0,3.3306690738754696e-16,no_intrinsic_DATA_compression
S3-863dc6e322,G-X;S-X,S,False,X,True,False,True,5,7,-1.2526270261791241e-17,0.0,3.3306690738754696e-16,no_intrinsic_DATA_compression
S3-194cb109b7,G-X;S-X,S,False,X,True,True,False,6,7,,,,control_groups_gt_5
S3-c01b7fff21,G-X;S-X,S,False,X,True,True,True,7,8,,,,control_groups_gt_5
S3-c65843a5f2,G-X;S-X,S,True,G,False,False,False,5,6,1.0000000000000002,-1.0000000000000002,-6.661338147750939e-16,no_intrinsic_DATA_compression
S3-566edfca4f,G-X;S-X,S,True,G,False,False,True,5,7,1.0000000000000002,-1.0000000000000002,-6.661338147750939e-16,no_intrinsic_DATA_compression
S3-e2c645d2a5,G-X;S-X,S,True,G,False,True,False,6,7,,,,control_groups_gt_5
S3-dbdfc3dd7e,G-X;S-X,S,True,G,False,True,True,7,8,,,,control_groups_gt_5
S3-622d051f23,G-X;S-X,S,True,G,True,False,False,5,6,0.23076923076923136,-0.2307692307692314,-4.440892098500626e-16,compression_only_after_WRITE
S3-4210ea431a,G-X;S-X,S,True,G,True,False,True,5,7,0.23076923076923136,-0.2307692307692314,-4.440892098500626e-16,compression_only_after_WRITE
S3-de839ed515,G-X;S-X,S,True,G,True,True,False,6,7,,,,control_groups_gt_5
S3-73f98578d0,G-X;S-X,S,True,G,True,True,True,7,8,,,,control_groups_gt_5
S3-26d43b1947,G-X;S-X,S,True,S,False,False,False,5,6,,,,DATA_and_VINIT_short_in_WRITE
S3-a57624c8df,G-X;S-X,S,True,S,False,False,True,5,7,,,,DATA_and_VINIT_short_in_WRITE
S3-dcc36ed418,G-X;S-X,S,True,S,False,True,False,6,7,,,,control_groups_gt_5
S3-8cb8d0ca6c,G-X;S-X,S,True,S,False,True,True,7,8,,,,control_groups_gt_5
S3-c2d5364531,G-X;S-X,S,True,S,True,False,False,5,6,,,,DATA_and_VINIT_short_in_WRITE
S3-725d32ae01,G-X;S-X,S,True,S,True,False,True,5,7,,,,DATA_and_VINIT_short_in_WRITE
S3-a5f172642f,G-X;S-X,S,True,S,True,True,False,6,7,,,,control_groups_gt_5
S3-66eb8a7813,G-X;S-X,S,True,S,True,True,True,7,8,,,,control_groups_gt_5
S3-f84b5d78bd,G-X;S-X,S,True,X,False,False,False,5,6,0.9999999999999997,-1.1102230246251565e-16,-6.661338147750939e-16,no_intrinsic_DATA_compression
S3-38e6a850c6,G-X;S-X,S,True,X,False,False,True,5,7,0.9999999999999997,-1.1102230246251565e-16,-6.661338147750939e-16,no_intrinsic_DATA_compression
S3-a12f767cbb,G-X;S-X,S,True,X,False,True,False,6,7,,,,control_groups_gt_5
S3-bf4090563a,G-X;S-X,S,True,X,False,True,True,7,8,,,,control_groups_gt_5
S3-658e183941,G-X;S-X,S,True,X,True,False,False,5,6,-1.2526270261791241e-17,-1.1102230246251565e-16,3.3306690738754696e-16,no_intrinsic_DATA_compression
S3-70d3bd3b87,G-X;S-X,S,True,X,True,False,True,5,7,-1.2526270261791241e-17,-1.1102230246251565e-16,3.3306690738754696e-16,no_intrinsic_DATA_compression
S3-44bc9affc6,G-X;S-X,S,True,X,True,True,False,6,7,,,,control_groups_gt_5
S3-d9b9de1d37,G-X;S-X,S,True,X,True,True,True,7,8,,,,control_groups_gt_5
S3-00fc587365,G-X;S-X,G,False,G,False,False,False,4,6,1.0000000000000002,-1.0000000000000004,-6.661338147750939e-16,no_intrinsic_DATA_compression
S3-5cec098b64,G-X;S-X,G,False,G,False,False,True,4,7,1.0000000000000002,-1.0000000000000004,-6.661338147750939e-16,no_intrinsic_DATA_compression
S3-29fb54af8b,G-X;S-X,G,False,G,False,True,False,5,7,1.0000000000000002,-1.0000000000000004,-6.661338147750939e-16,no_intrinsic_DATA_compression
S3-5af8d6b372,G-X;S-X,G,False,G,False,True,True,6,8,,,,control_groups_gt_5
S3-4e6fd24c62,G-X;S-X,G,False,G,True,False,False,5,6,0.7692307692307688,-0.7692307692307687,1.6653345369377348e-15,compression_only_after_WRITE
S3-2db6f1e300,G-X;S-X,G,False,G,True,False,True,5,7,0.7692307692307688,-0.7692307692307687,1.6653345369377348e-15,compression_only_after_WRITE
S3-a88f94aeb4,G-X;S-X,G,False,G,True,True,False,6,7,,,,control_groups_gt_5
S3-66c76bbdd2,G-X;S-X,G,False,G,True,True,True,7,8,,,,control_groups_gt_5
S3-b3f2091e9d,G-X;S-X,G,False,S,False,False,False,4,6,,,,DATA_and_VINIT_short_in_WRITE
S3-b6cdb62ffa,G-X;S-X,G,False,S,False,False,True,4,7,,,,DATA_and_VINIT_short_in_WRITE
S3-16cd762a99,G-X;S-X,G,False,S,False,True,False,5,7,,,,DATA_and_VINIT_short_in_WRITE
S3-a3caa79527,G-X;S-X,G,False,S,False,True,True,6,8,,,,control_groups_gt_5
S3-0eb847d586,G-X;S-X,G,False,S,True,False,False,5,6,,,,DATA_and_VINIT_short_in_WRITE
S3-040996e285,G-X;S-X,G,False,S,True,False,True,5,7,,,,DATA_and_VINIT_short_in_WRITE
S3-867ca1a0e4,G-X;S-X,G,False,S,True,True,False,6,7,,,,control_groups_gt_5
S3-5f65e524b9,G-X;S-X,G,False,S,True,True,True,7,8,,,,control_groups_gt_5
S3-8efb7030e4,G-X;S-X,G,False,X,False,False,False,4,6,0.9999999999999997,-1.0000000000000009,-6.661338147750939e-16,no_intrinsic_DATA_compression
S3-11e8188d7c,G-X;S-X,G,False,X,False,False,True,4,7,0.9999999999999997,-1.0000000000000009,-6.661338147750939e-16,no_intrinsic_DATA_compression
S3-27ddba484e,G-X;S-X,G,False,X,False,True,False,5,7,0.9999999999999997,-1.0000000000000009,-6.661338147750939e-16,no_intrinsic_DATA_compression
S3-4a1b69e2e9,G-X;S-X,G,False,X,False,True,True,6,8,,,,control_groups_gt_5
S3-ae5e18d12f,G-X;S-X,G,False,X,True,False,False,5,6,1.0,-0.9999999999999999,3.552713678800501e-15,no_intrinsic_DATA_compression
S3-784dbffb55,G-X;S-X,G,False,X,True,False,True,5,7,1.0,-0.9999999999999999,3.552713678800501e-15,no_intrinsic_DATA_compression
S3-f4d7e7cafa,G-X;S-X,G,False,X,True,True,False,6,7,,,,control_groups_gt_5
S3-dd786293e5,G-X;S-X,G,False,X,True,True,True,7,8,,,,control_groups_gt_5
S3-4f7107f9e2,G-X;S-X,G,True,G,False,False,False,5,6,1.0000000000000002,-1.0000000000000007,-6.661338147750939e-16,no_intrinsic_DATA_compression
S3-9af5ab0531,G-X;S-X,G,True,G,False,False,True,5,7,1.0000000000000002,-1.0000000000000007,-6.661338147750939e-16,no_intrinsic_DATA_compression
S3-9ef227e902,G-X;S-X,G,True,G,False,True,False,6,7,,,,control_groups_gt_5
S3-56c4858686,G-X;S-X,G,True,G,False,True,True,7,8,,,,control_groups_gt_5
S3-bcb744d225,G-X;S-X,G,True,G,True,False,False,5,6,0.7692307692307688,-0.7692307692307687,2.6645352591003757e-15,compression_only_after_WRITE
S3-32aee3b675,G-X;S-X,G,True,G,True,False,True,5,7,0.7692307692307688,-0.7692307692307687,2.6645352591003757e-15,compression_only_after_WRITE
S3-08141d86b7,G-X;S-X,G,True,G,True,True,False,6,7,,,,control_groups_gt_5
S3-1e6b0f0a76,G-X;S-X,G,True,G,True,True,True,7,8,,,,control_groups_gt_5
S3-a5337449f2,G-X;S-X,G,True,S,False,False,False,5,6,,,,DATA_and_VINIT_short_in_WRITE
S3-ce29769754,G-X;S-X,G,True,S,False,False,True,5,7,,,,DATA_and_VINIT_short_in_WRITE
S3-ddcb17c23d,G-X;S-X,G,True,S,False,True,False,6,7,,,,control_groups_gt_5
S3-775fb0d756,G-X;S-X,G,True,S,False,True,True,7,8,,,,control_groups_gt_5
S3-119cc33234,G-X;S-X,G,True,S,True,False,False,5,6,,,,DATA_and_VINIT_short_in_WRITE
S3-d1f12e86e5,G-X;S-X,G,True,S,True,False,True,5,7,,,,DATA_and_VINIT_short_in_WRITE
S3-14f9968cb0,G-X;S-X,G,True,S,True,True,False,6,7,,,,control_groups_gt_5
S3-280c91498b,G-X;S-X,G,True,S,True,True,True,7,8,,,,control_groups_gt_5
S3-2d7a46e457,G-X;S-X,G,True,X,False,False,False,5,6,0.9999999999999997,-1.0000000000000004,-6.661338147750939e-16,no_intrinsic_DATA_compression
S3-81633f842e,G-X;S-X,G,True,X,False,False,True,5,7,0.9999999999999997,-1.0000000000000004,-6.661338147750939e-16,no_intrinsic_DATA_compression
S3-71768af82f,G-X;S-X,G,True,X,False,True,False,6,7,,,,control_groups_gt_5
S3-d99a86e351,G-X;S-X,G,True,X,False,True,True,7,8,,,,control_groups_gt_5
S3-4eb9c48305,G-X;S-X,G,True,X,True,False,False,5,6,1.0,-1.0000000000000002,3.3306690738754696e-15,no_intrinsic_DATA_compression
S3-bfcd9bad43,G-X;S-X,G,True,X,True,False,True,5,7,1.0,-1.0000000000000002,3.3306690738754696e-15,no_intrinsic_DATA_compression
S3-d442b92d4e,G-X;S-X,G,True,X,True,True,False,6,7,,,,control_groups_gt_5
S3-c3bf229bc5,G-X;S-X,G,True,X,True,True,True,7,8,,,,control_groups_gt_5
S3-3791888b2a,G-X;S-R,R,False,G,False,False,False,4,6,1.0,-1.0,-0.9999999999999998,no_intrinsic_DATA_compression
S3-f39473c53f,G-X;S-R,R,False,G,False,False,True,4,7,1.0,-1.0,-0.9999999999999998,no_intrinsic_DATA_compression
S3-8268aa2c1f,G-X;S-R,R,False,G,False,True,False,5,7,1.0,-1.0,-0.9999999999999998,no_intrinsic_DATA_compression
S3-3ad551f66c,G-X;S-R,R,False,G,False,True,True,6,8,,,,control_groups_gt_5
S3-29638c84e9,G-X;S-R,R,False,G,True,False,False,5,6,0.0,-1.0000000000000016,-1.0,no_intrinsic_DATA_compression
S3-f2e4746a2d,G-X;S-R,R,False,G,True,False,True,5,7,0.0,-1.0000000000000016,-1.0,no_intrinsic_DATA_compression
S3-28d28a6d16,G-X;S-R,R,False,G,True,True,False,6,7,,,,control_groups_gt_5
S3-568e0a5c05,G-X;S-R,R,False,G,True,True,True,7,8,,,,control_groups_gt_5
S3-12a67f74c3,G-X;S-R,R,False,S,False,False,False,4,6,,,,DATA_and_VINIT_short_in_WRITE
S3-01fcce19a5,G-X;S-R,R,False,S,False,False,True,4,7,,,,DATA_and_VINIT_short_in_WRITE
S3-401d736d91,G-X;S-R,R,False,S,False,True,False,5,7,,,,DATA_and_VINIT_short_in_WRITE
S3-554435c6e4,G-X;S-R,R,False,S,False,True,True,6,8,,,,control_groups_gt_5
S3-8bbfd5e823,G-X;S-R,R,False,S,True,False,False,5,6,,,,DATA_and_VINIT_short_in_WRITE
S3-0907bcc944,G-X;S-R,R,False,S,True,False,True,5,7,,,,DATA_and_VINIT_short_in_WRITE
S3-0e1a0fea96,G-X;S-R,R,False,S,True,True,False,6,7,,,,control_groups_gt_5
S3-9af6a35748,G-X;S-R,R,False,S,True,True,True,7,8,,,,control_groups_gt_5
S3-8d2f0e27fd,G-X;S-R,R,False,X,False,False,False,4,6,1.0,-1.0000000000000016,-0.9999999999999999,no_intrinsic_DATA_compression
S3-799650c7bf,G-X;S-R,R,False,X,False,False,True,4,7,1.0,-1.0000000000000016,-0.9999999999999999,no_intrinsic_DATA_compression
S3-d138221db9,G-X;S-R,R,False,X,False,True,False,5,7,1.0,-1.0000000000000016,-0.9999999999999999,no_intrinsic_DATA_compression
S3-080e9ec377,G-X;S-R,R,False,X,False,True,True,6,8,,,,control_groups_gt_5
S3-9d42c4ec6f,G-X;S-R,R,False,X,True,False,False,5,6,-8.881784197001252e-16,-1.0000000000000016,-1.0,no_intrinsic_DATA_compression
S3-273122a99f,G-X;S-R,R,False,X,True,False,True,5,7,-8.881784197001252e-16,-1.0000000000000016,-1.0,no_intrinsic_DATA_compression
S3-ce992edeff,G-X;S-R,R,False,X,True,True,False,6,7,,,,control_groups_gt_5
S3-7d814d26aa,G-X;S-R,R,False,X,True,True,True,7,8,,,,control_groups_gt_5
S3-10dce42e6e,G-X;S-R,R,True,G,False,False,False,5,6,1.0,-1.0,-0.9999999999999998,no_intrinsic_DATA_compression
S3-b4379dcb58,G-X;S-R,R,True,G,False,False,True,5,7,1.0,-1.0,-0.9999999999999998,no_intrinsic_DATA_compression
S3-b07052f534,G-X;S-R,R,True,G,False,True,False,6,7,,,,control_groups_gt_5
S3-b7c5a10db4,G-X;S-R,R,True,G,False,True,True,7,8,,,,control_groups_gt_5
S3-a8b8447147,G-X;S-R,R,True,G,True,False,False,5,6,0.0,-1.0000000000000018,-1.0,no_intrinsic_DATA_compression
S3-e723fe1913,G-X;S-R,R,True,G,True,False,True,5,7,0.0,-1.0000000000000018,-1.0,no_intrinsic_DATA_compression
S3-04e45614cf,G-X;S-R,R,True,G,True,True,False,6,7,,,,control_groups_gt_5
S3-5e35497c5f,G-X;S-R,R,True,G,True,True,True,7,8,,,,control_groups_gt_5
S3-d30e503c87,G-X;S-R,R,True,S,False,False,False,5,6,,,,DATA_and_VINIT_short_in_WRITE
S3-17dc528c46,G-X;S-R,R,True,S,False,False,True,5,7,,,,DATA_and_VINIT_short_in_WRITE
S3-543c6137f3,G-X;S-R,R,True,S,False,True,False,6,7,,,,control_groups_gt_5
S3-3e2519ebc3,G-X;S-R,R,True,S,False,True,True,7,8,,,,control_groups_gt_5
S3-b2974e6249,G-X;S-R,R,True,S,True,False,False,5,6,,,,DATA_and_VINIT_short_in_WRITE
S3-46a0cbca7f,G-X;S-R,R,True,S,True,False,True,5,7,,,,DATA_and_VINIT_short_in_WRITE
S3-6779a6ac32,G-X;S-R,R,True,S,True,True,False,6,7,,,,control_groups_gt_5
S3-efc804fdbc,G-X;S-R,R,True,S,True,True,True,7,8,,,,control_groups_gt_5
S3-6322b600f9,G-X;S-R,R,True,X,False,False,False,5,6,1.0,-1.0000000000000018,-0.9999999999999998,no_intrinsic_DATA_compression
S3-89c351ac0b,G-X;S-R,R,True,X,False,False,True,5,7,1.0,-1.0000000000000018,-0.9999999999999998,no_intrinsic_DATA_compression
S3-b4b4960711,G-X;S-R,R,True,X,False,True,False,6,7,,,,control_groups_gt_5
S3-614ee8fc77,G-X;S-R,R,True,X,False,True,True,7,8,,,,control_groups_gt_5
S3-f806aae4d4,G-X;S-R,R,True,X,True,False,False,5,6,-8.881784197001252e-16,-1.0000000000000018,-1.0000000000000004,no_intrinsic_DATA_compression
S3-702eaa73e7,G-X;S-R,R,True,X,True,False,True,5,7,-8.881784197001252e-16,-1.0000000000000018,-1.0000000000000004,no_intrinsic_DATA_compression
S3-c111e59596,G-X;S-R,R,True,X,True,True,False,6,7,,,,control_groups_gt_5
S3-6b57fd291f,G-X;S-R,R,True,X,True,True,True,7,8,,,,control_groups_gt_5
S3-d3b448221c,G-X;S-R,S,False,G,False,False,False,4,6,1.0,-1.0,-0.9999999999999998,no_intrinsic_DATA_compression
S3-1a88dbe9c3,G-X;S-R,S,False,G,False,False,True,4,7,1.0,-1.0,-0.9999999999999998,no_intrinsic_DATA_compression
S3-5edd704023,G-X;S-R,S,False,G,False,True,False,5,7,1.0,-1.0,-0.9999999999999998,no_intrinsic_DATA_compression
S3-42f8f74faa,G-X;S-R,S,False,G,False,True,True,6,8,,,,control_groups_gt_5
S3-7551b612af,G-X;S-R,S,False,G,True,False,False,5,6,6.661338147750939e-16,-1.2212453270876722e-15,-8.881784197001252e-16,no_intrinsic_DATA_compression
S3-9006192f89,G-X;S-R,S,False,G,True,False,True,5,7,6.661338147750939e-16,-1.2212453270876722e-15,-8.881784197001252e-16,no_intrinsic_DATA_compression
S3-157d4d9e9b,G-X;S-R,S,False,G,True,True,False,6,7,,,,control_groups_gt_5
S3-b37b294e6b,G-X;S-R,S,False,G,True,True,True,7,8,,,,control_groups_gt_5
S3-b5713edf5a,G-X;S-R,S,False,S,False,False,False,4,6,,,,DATA_and_VINIT_short_in_WRITE
S3-37061f5c5e,G-X;S-R,S,False,S,False,False,True,4,7,,,,DATA_and_VINIT_short_in_WRITE
S3-1b16aa1105,G-X;S-R,S,False,S,False,True,False,5,7,,,,DATA_and_VINIT_short_in_WRITE
S3-e0e22a7ad5,G-X;S-R,S,False,S,False,True,True,6,8,,,,control_groups_gt_5
S3-7531bb17ff,G-X;S-R,S,False,S,True,False,False,5,6,,,,DATA_and_VINIT_short_in_WRITE
S3-9224bcaff8,G-X;S-R,S,False,S,True,False,True,5,7,,,,DATA_and_VINIT_short_in_WRITE
S3-2e00cd1450,G-X;S-R,S,False,S,True,True,False,6,7,,,,control_groups_gt_5
S3-d1e103183d,G-X;S-R,S,False,S,True,True,True,7,8,,,,control_groups_gt_5
S3-58d6404c41,G-X;S-R,S,False,X,False,False,False,4,6,1.0,-6.661338147750939e-16,-0.9999999999999999,no_intrinsic_DATA_compression
S3-d8dea9ac6b,G-X;S-R,S,False,X,False,False,True,4,7,1.0,-6.661338147750939e-16,-0.9999999999999999,no_intrinsic_DATA_compression
S3-492664b910,G-X;S-R,S,False,X,False,True,False,5,7,1.0,-6.661338147750939e-16,-0.9999999999999999,no_intrinsic_DATA_compression
S3-aed5ff1635,G-X;S-R,S,False,X,False,True,True,6,8,,,,control_groups_gt_5
S3-dfb3022da0,G-X;S-R,S,False,X,True,False,False,5,6,-2.220446049250313e-16,-1.2212453270876722e-15,-8.881784197001252e-16,no_intrinsic_DATA_compression
S3-37e7669280,G-X;S-R,S,False,X,True,False,True,5,7,-2.220446049250313e-16,-1.2212453270876722e-15,-8.881784197001252e-16,no_intrinsic_DATA_compression
S3-af69f5d752,G-X;S-R,S,False,X,True,True,False,6,7,,,,control_groups_gt_5
S3-aa1be695fe,G-X;S-R,S,False,X,True,True,True,7,8,,,,control_groups_gt_5
S3-79b91e6a27,G-X;S-R,S,True,G,False,False,False,5,6,1.0,-1.0,-0.9999999999999998,no_intrinsic_DATA_compression
S3-48e73a963a,G-X;S-R,S,True,G,False,False,True,5,7,1.0,-1.0,-0.9999999999999998,no_intrinsic_DATA_compression
S3-96e0763cf4,G-X;S-R,S,True,G,False,True,False,6,7,,,,control_groups_gt_5
S3-c9dc6c5a91,G-X;S-R,S,True,G,False,True,True,7,8,,,,control_groups_gt_5
S3-c207996ce8,G-X;S-R,S,True,G,True,False,False,5,6,6.661338147750939e-16,-1.2212453270876722e-15,-1.7763568394002505e-15,no_intrinsic_DATA_compression
S3-b89d20b416,G-X;S-R,S,True,G,True,False,True,5,7,6.661338147750939e-16,-1.2212453270876722e-15,-1.7763568394002505e-15,no_intrinsic_DATA_compression
S3-129307c297,G-X;S-R,S,True,G,True,True,False,6,7,,,,control_groups_gt_5
S3-e2c6b86fea,G-X;S-R,S,True,G,True,True,True,7,8,,,,control_groups_gt_5
S3-450d014d5a,G-X;S-R,S,True,S,False,False,False,5,6,,,,DATA_and_VINIT_short_in_WRITE
S3-8bce03d1b6,G-X;S-R,S,True,S,False,False,True,5,7,,,,DATA_and_VINIT_short_in_WRITE
S3-552234e4e7,G-X;S-R,S,True,S,False,True,False,6,7,,,,control_groups_gt_5
S3-93344d16fd,G-X;S-R,S,True,S,False,True,True,7,8,,,,control_groups_gt_5
S3-a9889803ee,G-X;S-R,S,True,S,True,False,False,5,6,,,,DATA_and_VINIT_short_in_WRITE
S3-ede44997fd,G-X;S-R,S,True,S,True,False,True,5,7,,,,DATA_and_VINIT_short_in_WRITE
S3-b1ca28b68a,G-X;S-R,S,True,S,True,True,False,6,7,,,,control_groups_gt_5
S3-ef215cca23,G-X;S-R,S,True,S,True,True,True,7,8,,,,control_groups_gt_5
S3-8c80542f36,G-X;S-R,S,True,X,False,False,False,5,6,1.0,-9.992007221626409e-16,-0.9999999999999998,no_intrinsic_DATA_compression
S3-0d049cfeaa,G-X;S-R,S,True,X,False,False,True,5,7,1.0,-9.992007221626409e-16,-0.9999999999999998,no_intrinsic_DATA_compression
S3-1106f53ef0,G-X;S-R,S,True,X,False,True,False,6,7,,,,control_groups_gt_5
S3-692f33e0c1,G-X;S-R,S,True,X,False,True,True,7,8,,,,control_groups_gt_5
S3-297551cfe3,G-X;S-R,S,True,X,True,False,False,5,6,-2.220446049250313e-16,-9.992007221626409e-16,-7.771561172376096e-16,no_intrinsic_DATA_compression
S3-c26d699801,G-X;S-R,S,True,X,True,False,True,5,7,-2.220446049250313e-16,-9.992007221626409e-16,-7.771561172376096e-16,no_intrinsic_DATA_compression
S3-c9d44a28e3,G-X;S-R,S,True,X,True,True,False,6,7,,,,control_groups_gt_5
S3-03dbfe3f64,G-X;S-R,S,True,X,True,True,True,7,8,,,,control_groups_gt_5
S3-a82c5c54cc,G-X;S-R,G,False,G,False,False,False,4,6,1.0,-1.0,-0.9999999999999998,no_intrinsic_DATA_compression
S3-081448f702,G-X;S-R,G,False,G,False,False,True,4,7,1.0,-1.0,-0.9999999999999998,no_intrinsic_DATA_compression
S3-b9dab7da3e,G-X;S-R,G,False,G,False,True,False,5,7,1.0,-1.0,-0.9999999999999998,no_intrinsic_DATA_compression
S3-ac4f24832c,G-X;S-R,G,False,G,False,True,True,6,8,,,,control_groups_gt_5
S3-ed42449554,G-X;S-R,G,False,G,True,False,False,5,6,1.0,-0.9999999999999994,-0.9999999999999996,no_intrinsic_DATA_compression
S3-7b618fd4b0,G-X;S-R,G,False,G,True,False,True,5,7,1.0,-0.9999999999999994,-0.9999999999999996,no_intrinsic_DATA_compression
S3-30c69e9a1c,G-X;S-R,G,False,G,True,True,False,6,7,,,,control_groups_gt_5
S3-cfb24f07cb,G-X;S-R,G,False,G,True,True,True,7,8,,,,control_groups_gt_5
S3-46353e315e,G-X;S-R,G,False,S,False,False,False,4,6,,,,DATA_and_VINIT_short_in_WRITE
S3-be98725352,G-X;S-R,G,False,S,False,False,True,4,7,,,,DATA_and_VINIT_short_in_WRITE
S3-674e8429c9,G-X;S-R,G,False,S,False,True,False,5,7,,,,DATA_and_VINIT_short_in_WRITE
S3-eeb6870a1a,G-X;S-R,G,False,S,False,True,True,6,8,,,,control_groups_gt_5
S3-28baa013ea,G-X;S-R,G,False,S,True,False,False,5,6,,,,DATA_and_VINIT_short_in_WRITE
S3-3c3316afe0,G-X;S-R,G,False,S,True,False,True,5,7,,,,DATA_and_VINIT_short_in_WRITE
S3-e6b4bfaf80,G-X;S-R,G,False,S,True,True,False,6,7,,,,control_groups_gt_5
S3-0159e34802,G-X;S-R,G,False,S,True,True,True,7,8,,,,control_groups_gt_5
S3-cce6e1cca9,G-X;S-R,G,False,X,False,False,False,4,6,1.0,-1.000000000000001,-0.9999999999999998,no_intrinsic_DATA_compression
S3-52522f85f4,G-X;S-R,G,False,X,False,False,True,4,7,1.0,-1.000000000000001,-0.9999999999999998,no_intrinsic_DATA_compression
S3-d273c4defd,G-X;S-R,G,False,X,False,True,False,5,7,1.0,-1.000000000000001,-0.9999999999999998,no_intrinsic_DATA_compression
S3-a3a3aad7ab,G-X;S-R,G,False,X,False,True,True,6,8,,,,control_groups_gt_5
S3-63ac8533ba,G-X;S-R,G,False,X,True,False,False,5,6,1.0000000000000002,-1.0000000000000007,-1.0,no_intrinsic_DATA_compression
S3-d1de451202,G-X;S-R,G,False,X,True,False,True,5,7,1.0000000000000002,-1.0000000000000007,-1.0,no_intrinsic_DATA_compression
S3-f013b3556e,G-X;S-R,G,False,X,True,True,False,6,7,,,,control_groups_gt_5
S3-b2a07323d0,G-X;S-R,G,False,X,True,True,True,7,8,,,,control_groups_gt_5
S3-59c5a15724,G-X;S-R,G,True,G,False,False,False,5,6,1.0,-1.0,-0.9999999999999998,no_intrinsic_DATA_compression
S3-64a015a362,G-X;S-R,G,True,G,False,False,True,5,7,1.0,-1.0,-0.9999999999999998,no_intrinsic_DATA_compression
S3-9e2c15b005,G-X;S-R,G,True,G,False,True,False,6,7,,,,control_groups_gt_5
S3-746cd7fc36,G-X;S-R,G,True,G,False,True,True,7,8,,,,control_groups_gt_5
S3-614216abbe,G-X;S-R,G,True,G,True,False,False,5,6,1.0,-1.0,-0.9999999999999999,no_intrinsic_DATA_compression
S3-beb8b6bc87,G-X;S-R,G,True,G,True,False,True,5,7,1.0,-1.0,-0.9999999999999999,no_intrinsic_DATA_compression
S3-a97609d9fc,G-X;S-R,G,True,G,True,True,False,6,7,,,,control_groups_gt_5
S3-b56cea2989,G-X;S-R,G,True,G,True,True,True,7,8,,,,control_groups_gt_5
S3-b9c03678b8,G-X;S-R,G,True,S,False,False,False,5,6,,,,DATA_and_VINIT_short_in_WRITE
S3-002a1f441c,G-X;S-R,G,True,S,False,False,True,5,7,,,,DATA_and_VINIT_short_in_WRITE
S3-5d6ab58b60,G-X;S-R,G,True,S,False,True,False,6,7,,,,control_groups_gt_5
S3-b7c6300afb,G-X;S-R,G,True,S,False,True,True,7,8,,,,control_groups_gt_5
S3-06f9f646f7,G-X;S-R,G,True,S,True,False,False,5,6,,,,DATA_and_VINIT_short_in_WRITE
S3-fb2df475af,G-X;S-R,G,True,S,True,False,True,5,7,,,,DATA_and_VINIT_short_in_WRITE
S3-1a5ff6822d,G-X;S-R,G,True,S,True,True,False,6,7,,,,control_groups_gt_5
S3-a586356f5b,G-X;S-R,G,True,S,True,True,True,7,8,,,,control_groups_gt_5
S3-b753259dd4,G-X;S-R,G,True,X,False,False,False,5,6,1.0,-1.0,-0.9999999999999998,no_intrinsic_DATA_compression
S3-d88c7ce51f,G-X;S-R,G,True,X,False,False,True,5,7,1.0,-1.0,-0.9999999999999998,no_intrinsic_DATA_compression
S3-73dd0f6743,G-X;S-R,G,True,X,False,True,False,6,7,,,,control_groups_gt_5
S3-e83cb51096,G-X;S-R,G,True,X,False,True,True,7,8,,,,control_groups_gt_5
S3-81786c6284,G-X;S-R,G,True,X,True,False,False,5,6,1.0000000000000002,-1.0,-1.0,no_intrinsic_DATA_compression
S3-3966f1c357,G-X;S-R,G,True,X,True,False,True,5,7,1.0000000000000002,-1.0,-1.0,no_intrinsic_DATA_compression
S3-a4438a4260,G-X;S-R,G,True,X,True,True,False,6,7,,,,control_groups_gt_5
S3-baf9e13b99,G-X;S-R,G,True,X,True,True,True,7,8,,,,control_groups_gt_5
S3-e4ffaf5f60,G-X;X-R,R,False,G,False,False,False,4,6,1.0000000000000004,-1.0,-1.0,no_intrinsic_DATA_compression
S3-3da7ed4026,G-X;X-R,R,False,G,False,False,True,4,7,1.0000000000000004,-1.0,-1.0,no_intrinsic_DATA_compression
S3-6e1849fe33,G-X;X-R,R,False,G,False,True,False,5,7,1.0000000000000004,-1.0,-1.0,no_intrinsic_DATA_compression
S3-87940fc148,G-X;X-R,R,False,G,False,True,True,6,8,,,,control_groups_gt_5
S3-b3f9bd65b9,G-X;X-R,R,False,G,True,False,False,5,6,0.23076923076923117,-0.9999999999999999,-1.0000000000000007,compression_only_after_WRITE
S3-464cb582b5,G-X;X-R,R,False,G,True,False,True,5,7,0.23076923076923117,-0.9999999999999999,-1.0000000000000007,compression_only_after_WRITE
S3-1aa68fddd5,G-X;X-R,R,False,G,True,True,False,6,7,,,,control_groups_gt_5
S3-02ed841158,G-X;X-R,R,False,G,True,True,True,7,8,,,,control_groups_gt_5
S3-18ca7034bb,G-X;X-R,R,False,S,False,False,False,4,6,,,,DATA_and_VINIT_short_in_WRITE
S3-b3d1867876,G-X;X-R,R,False,S,False,False,True,4,7,,,,DATA_and_VINIT_short_in_WRITE
S3-d7e912b81d,G-X;X-R,R,False,S,False,True,False,5,7,,,,DATA_and_VINIT_short_in_WRITE
S3-d56f19ce55,G-X;X-R,R,False,S,False,True,True,6,8,,,,control_groups_gt_5
S3-4b3ba9065f,G-X;X-R,R,False,S,True,False,False,5,6,,,,DATA_and_VINIT_short_in_WRITE
S3-52fad26bfd,G-X;X-R,R,False,S,True,False,True,5,7,,,,DATA_and_VINIT_short_in_WRITE
S3-74b65254cb,G-X;X-R,R,False,S,True,True,False,6,7,,,,control_groups_gt_5
S3-8b4e121273,G-X;X-R,R,False,S,True,True,True,7,8,,,,control_groups_gt_5
S3-eaa8b0cba4,G-X;X-R,R,False,X,False,False,False,4,6,1.0,-0.9999999999999999,-1.0,no_intrinsic_DATA_compression
S3-d09e3e5ca6,G-X;X-R,R,False,X,False,False,True,4,7,1.0,-0.9999999999999999,-1.0,no_intrinsic_DATA_compression
S3-837ac7d52e,G-X;X-R,R,False,X,False,True,False,5,7,1.0,-0.9999999999999999,-1.0,no_intrinsic_DATA_compression
S3-43f5fb928d,G-X;X-R,R,False,X,False,True,True,6,8,,,,control_groups_gt_5
S3-8a817c059f,G-X;X-R,R,False,X,True,False,False,5,6,0.0,-0.9999999999999999,-1.0000000000000013,no_intrinsic_DATA_compression
S3-d91886b38d,G-X;X-R,R,False,X,True,False,True,5,7,0.0,-0.9999999999999999,-1.0000000000000013,no_intrinsic_DATA_compression
S3-4bc95cfb3f,G-X;X-R,R,False,X,True,True,False,6,7,,,,control_groups_gt_5
S3-443ecc813b,G-X;X-R,R,False,X,True,True,True,7,8,,,,control_groups_gt_5
S3-a3e6d635b5,G-X;X-R,R,True,G,False,False,False,5,6,1.0000000000000004,-1.0,-1.0,no_intrinsic_DATA_compression
S3-024e705c34,G-X;X-R,R,True,G,False,False,True,5,7,1.0000000000000004,-1.0,-1.0,no_intrinsic_DATA_compression
S3-6e7c2586c5,G-X;X-R,R,True,G,False,True,False,6,7,,,,control_groups_gt_5
S3-98632ac321,G-X;X-R,R,True,G,False,True,True,7,8,,,,control_groups_gt_5
S3-57b3b1dbd6,G-X;X-R,R,True,G,True,False,False,5,6,0.23076923076923117,-1.0000000000000004,-1.0000000000000007,compression_only_after_WRITE
S3-d685d8e339,G-X;X-R,R,True,G,True,False,True,5,7,0.23076923076923117,-1.0000000000000004,-1.0000000000000007,compression_only_after_WRITE
S3-7499e7e772,G-X;X-R,R,True,G,True,True,False,6,7,,,,control_groups_gt_5
S3-a29a49cb7a,G-X;X-R,R,True,G,True,True,True,7,8,,,,control_groups_gt_5
S3-77eee3a1c7,G-X;X-R,R,True,S,False,False,False,5,6,,,,DATA_and_VINIT_short_in_WRITE
S3-bc4ce2675e,G-X;X-R,R,True,S,False,False,True,5,7,,,,DATA_and_VINIT_short_in_WRITE
S3-cec257aa18,G-X;X-R,R,True,S,False,True,False,6,7,,,,control_groups_gt_5
S3-3866acf55d,G-X;X-R,R,True,S,False,True,True,7,8,,,,control_groups_gt_5
S3-f076a81829,G-X;X-R,R,True,S,True,False,False,5,6,,,,DATA_and_VINIT_short_in_WRITE
S3-45c9a985c6,G-X;X-R,R,True,S,True,False,True,5,7,,,,DATA_and_VINIT_short_in_WRITE
S3-b1f8669d17,G-X;X-R,R,True,S,True,True,False,6,7,,,,control_groups_gt_5
S3-f4a12c5c1d,G-X;X-R,R,True,S,True,True,True,7,8,,,,control_groups_gt_5
S3-0e150ae5b3,G-X;X-R,R,True,X,False,False,False,5,6,1.0,-1.0000000000000007,-1.0,no_intrinsic_DATA_compression
S3-d0899f7af7,G-X;X-R,R,True,X,False,False,True,5,7,1.0,-1.0000000000000007,-1.0,no_intrinsic_DATA_compression
S3-a806708aa5,G-X;X-R,R,True,X,False,True,False,6,7,,,,control_groups_gt_5
S3-b71ccadefa,G-X;X-R,R,True,X,False,True,True,7,8,,,,control_groups_gt_5
S3-3478f2f906,G-X;X-R,R,True,X,True,False,False,5,6,0.0,-1.0000000000000007,-0.9999999999999996,no_intrinsic_DATA_compression
S3-fdf27adb2d,G-X;X-R,R,True,X,True,False,True,5,7,0.0,-1.0000000000000007,-0.9999999999999996,no_intrinsic_DATA_compression
S3-d2d9e9a521,G-X;X-R,R,True,X,True,True,False,6,7,,,,control_groups_gt_5
S3-8f6c0eee85,G-X;X-R,R,True,X,True,True,True,7,8,,,,control_groups_gt_5
S3-9e7323218f,G-X;X-R,S,False,G,False,False,False,4,6,1.0000000000000004,-1.0,-1.0,no_intrinsic_DATA_compression
S3-792cf6b151,G-X;X-R,S,False,G,False,False,True,4,7,1.0000000000000004,-1.0,-1.0,no_intrinsic_DATA_compression
S3-c957f82c68,G-X;X-R,S,False,G,False,True,False,5,7,1.0000000000000004,-1.0,-1.0,no_intrinsic_DATA_compression
S3-9f6ea4d639,G-X;X-R,S,False,G,False,True,True,6,8,,,,control_groups_gt_5
S3-4171d61f64,G-X;X-R,S,False,G,True,False,False,5,6,0.2307692307692315,6.661338147750939e-16,-7.771561172376096e-16,compression_only_after_WRITE
S3-4f653667c7,G-X;X-R,S,False,G,True,False,True,5,7,0.2307692307692315,6.661338147750939e-16,-7.771561172376096e-16,compression_only_after_WRITE
S3-b862af009f,G-X;X-R,S,False,G,True,True,False,6,7,,,,control_groups_gt_5
S3-0efacd0516,G-X;X-R,S,False,G,True,True,True,7,8,,,,control_groups_gt_5
S3-bdebebd421,G-X;X-R,S,False,S,False,False,False,4,6,,,,DATA_and_VINIT_short_in_WRITE
S3-e34fecefcc,G-X;X-R,S,False,S,False,False,True,4,7,,,,DATA_and_VINIT_short_in_WRITE
S3-5c22c6d2dc,G-X;X-R,S,False,S,False,True,False,5,7,,,,DATA_and_VINIT_short_in_WRITE
S3-b5fd13499d,G-X;X-R,S,False,S,False,True,True,6,8,,,,control_groups_gt_5
S3-cde5b3f283,G-X;X-R,S,False,S,True,False,False,5,6,,,,DATA_and_VINIT_short_in_WRITE
S3-c626b26a7a,G-X;X-R,S,False,S,True,False,True,5,7,,,,DATA_and_VINIT_short_in_WRITE
S3-ee69638905,G-X;X-R,S,False,S,True,True,False,6,7,,,,control_groups_gt_5
S3-62034b3277,G-X;X-R,S,False,S,True,True,True,7,8,,,,control_groups_gt_5
S3-9c3318b142,G-X;X-R,S,False,X,False,False,False,4,6,1.0,8.881784197001252e-16,-1.0,no_intrinsic_DATA_compression
S3-0014a82f8d,G-X;X-R,S,False,X,False,False,True,4,7,1.0,8.881784197001252e-16,-1.0,no_intrinsic_DATA_compression
S3-98677c08bb,G-X;X-R,S,False,X,False,True,False,5,7,1.0,8.881784197001252e-16,-1.0,no_intrinsic_DATA_compression
S3-3785c4e66e,G-X;X-R,S,False,X,False,True,True,6,8,,,,control_groups_gt_5
S3-914045b1c9,G-X;X-R,S,False,X,True,False,False,5,6,5.551115123125783e-16,8.881784197001252e-16,9.992007221626409e-16,no_intrinsic_DATA_compression
S3-b172203df3,G-X;X-R,S,False,X,True,False,True,5,7,5.551115123125783e-16,8.881784197001252e-16,9.992007221626409e-16,no_intrinsic_DATA_compression
S3-4a030d4d6c,G-X;X-R,S,False,X,True,True,False,6,7,,,,control_groups_gt_5
S3-9c371863da,G-X;X-R,S,False,X,True,True,True,7,8,,,,control_groups_gt_5
S3-c75cd409af,G-X;X-R,S,True,G,False,False,False,5,6,1.0000000000000004,-1.0000000000000002,-1.0,no_intrinsic_DATA_compression
S3-49588c7d17,G-X;X-R,S,True,G,False,False,True,5,7,1.0000000000000004,-1.0000000000000002,-1.0,no_intrinsic_DATA_compression
S3-d218b01a75,G-X;X-R,S,True,G,False,True,False,6,7,,,,control_groups_gt_5
S3-10f5af539d,G-X;X-R,S,True,G,False,True,True,7,8,,,,control_groups_gt_5
S3-042888c1bb,G-X;X-R,S,True,G,True,False,False,5,6,0.2307692307692315,-0.23076923076923095,-2.220446049250313e-16,compression_only_after_WRITE
S3-07f8b9e232,G-X;X-R,S,True,G,True,False,True,5,7,0.2307692307692315,-0.23076923076923095,-2.220446049250313e-16,compression_only_after_WRITE
S3-4babe53b32,G-X;X-R,S,True,G,True,True,False,6,7,,,,control_groups_gt_5
S3-2d5b52d66d,G-X;X-R,S,True,G,True,True,True,7,8,,,,control_groups_gt_5
S3-c74d3794e1,G-X;X-R,S,True,S,False,False,False,5,6,,,,DATA_and_VINIT_short_in_WRITE
S3-7378fa34ee,G-X;X-R,S,True,S,False,False,True,5,7,,,,DATA_and_VINIT_short_in_WRITE
S3-37056259fd,G-X;X-R,S,True,S,False,True,False,6,7,,,,control_groups_gt_5
S3-4d57bc4266,G-X;X-R,S,True,S,False,True,True,7,8,,,,control_groups_gt_5
S3-d2694d7be2,G-X;X-R,S,True,S,True,False,False,5,6,,,,DATA_and_VINIT_short_in_WRITE
S3-3546b86889,G-X;X-R,S,True,S,True,False,True,5,7,,,,DATA_and_VINIT_short_in_WRITE
S3-4466337f03,G-X;X-R,S,True,S,True,True,False,6,7,,,,control_groups_gt_5
S3-3fed2073a5,G-X;X-R,S,True,S,True,True,True,7,8,,,,control_groups_gt_5
S3-1e207a9fe2,G-X;X-R,S,True,X,False,False,False,5,6,1.0,6.661338147750939e-16,-1.0,no_intrinsic_DATA_compression
S3-4217fb2f93,G-X;X-R,S,True,X,False,False,True,5,7,1.0,6.661338147750939e-16,-1.0,no_intrinsic_DATA_compression
S3-4025b90a83,G-X;X-R,S,True,X,False,True,False,6,7,,,,control_groups_gt_5
S3-7abfe71284,G-X;X-R,S,True,X,False,True,True,7,8,,,,control_groups_gt_5
S3-4e517bebdb,G-X;X-R,S,True,X,True,False,False,5,6,5.551115123125783e-16,6.661338147750939e-16,-8.881784197001252e-16,no_intrinsic_DATA_compression
S3-792d25ea02,G-X;X-R,S,True,X,True,False,True,5,7,5.551115123125783e-16,6.661338147750939e-16,-8.881784197001252e-16,no_intrinsic_DATA_compression
S3-e95e524e3a,G-X;X-R,S,True,X,True,True,False,6,7,,,,control_groups_gt_5
S3-c1e57db4e2,G-X;X-R,S,True,X,True,True,True,7,8,,,,control_groups_gt_5
S3-d8f96c659a,G-X;X-R,G,False,G,False,False,False,4,6,1.0000000000000004,-1.0,-1.0,no_intrinsic_DATA_compression
S3-7dcce814b7,G-X;X-R,G,False,G,False,False,True,4,7,1.0000000000000004,-1.0,-1.0,no_intrinsic_DATA_compression
S3-b63423f4ec,G-X;X-R,G,False,G,False,True,False,5,7,1.0000000000000004,-1.0,-1.0,no_intrinsic_DATA_compression
S3-2f94c664fa,G-X;X-R,G,False,G,False,True,True,6,8,,,,control_groups_gt_5
S3-fd766f462f,G-X;X-R,G,False,G,True,False,False,5,6,0.769230769230769,-1.0000000000000004,-0.9999999999999898,compression_only_after_WRITE
S3-232737681d,G-X;X-R,G,False,G,True,False,True,5,7,0.769230769230769,-1.0000000000000004,-0.9999999999999898,compression_only_after_WRITE
S3-65401313d6,G-X;X-R,G,False,G,True,True,False,6,7,,,,control_groups_gt_5
S3-b272086527,G-X;X-R,G,False,G,True,True,True,7,8,,,,control_groups_gt_5
S3-921a14da74,G-X;X-R,G,False,S,False,False,False,4,6,,,,DATA_and_VINIT_short_in_WRITE
S3-ccdf0549aa,G-X;X-R,G,False,S,False,False,True,4,7,,,,DATA_and_VINIT_short_in_WRITE
S3-5205e05292,G-X;X-R,G,False,S,False,True,False,5,7,,,,DATA_and_VINIT_short_in_WRITE
S3-1649e67e96,G-X;X-R,G,False,S,False,True,True,6,8,,,,control_groups_gt_5
S3-1f2857da29,G-X;X-R,G,False,S,True,False,False,5,6,,,,DATA_and_VINIT_short_in_WRITE
S3-2495629c48,G-X;X-R,G,False,S,True,False,True,5,7,,,,DATA_and_VINIT_short_in_WRITE
S3-f18dbc7338,G-X;X-R,G,False,S,True,True,False,6,7,,,,control_groups_gt_5
S3-b8be987745,G-X;X-R,G,False,S,True,True,True,7,8,,,,control_groups_gt_5
S3-0b29123364,G-X;X-R,G,False,X,False,False,False,4,6,1.0,-0.9999999999999996,-1.0,no_intrinsic_DATA_compression
S3-bba5b3cfd3,G-X;X-R,G,False,X,False,False,True,4,7,1.0,-0.9999999999999996,-1.0,no_intrinsic_DATA_compression
S3-dcaba1a37a,G-X;X-R,G,False,X,False,True,False,5,7,1.0,-0.9999999999999996,-1.0,no_intrinsic_DATA_compression
S3-c0c5251803,G-X;X-R,G,False,X,False,True,True,6,8,,,,control_groups_gt_5
S3-79ed1dc021,G-X;X-R,G,False,X,True,False,False,5,6,1.0,-1.0,-0.9999999999999898,no_intrinsic_DATA_compression
S3-12ec1759b3,G-X;X-R,G,False,X,True,False,True,5,7,1.0,-1.0,-0.9999999999999898,no_intrinsic_DATA_compression
S3-095e6bad51,G-X;X-R,G,False,X,True,True,False,6,7,,,,control_groups_gt_5
S3-bbcdd62523,G-X;X-R,G,False,X,True,True,True,7,8,,,,control_groups_gt_5
S3-87ea22e0fc,G-X;X-R,G,True,G,False,False,False,5,6,1.0000000000000004,-1.0,-1.0,no_intrinsic_DATA_compression
S3-7b38d290db,G-X;X-R,G,True,G,False,False,True,5,7,1.0000000000000004,-1.0,-1.0,no_intrinsic_DATA_compression
S3-198c597a60,G-X;X-R,G,True,G,False,True,False,6,7,,,,control_groups_gt_5
S3-546fd51f3c,G-X;X-R,G,True,G,False,True,True,7,8,,,,control_groups_gt_5
S3-e8711b79e5,G-X;X-R,G,True,G,True,False,False,5,6,0.769230769230769,-0.9999999999999977,-0.999999999999989,compression_only_after_WRITE
S3-a98edcbce8,G-X;X-R,G,True,G,True,False,True,5,7,0.769230769230769,-0.9999999999999977,-0.999999999999989,compression_only_after_WRITE
S3-9b030b1a34,G-X;X-R,G,True,G,True,True,False,6,7,,,,control_groups_gt_5
S3-37234d3738,G-X;X-R,G,True,G,True,True,True,7,8,,,,control_groups_gt_5
S3-e9df42dfc2,G-X;X-R,G,True,S,False,False,False,5,6,,,,DATA_and_VINIT_short_in_WRITE
S3-bb3b915eb5,G-X;X-R,G,True,S,False,False,True,5,7,,,,DATA_and_VINIT_short_in_WRITE
S3-0219eeefc1,G-X;X-R,G,True,S,False,True,False,6,7,,,,control_groups_gt_5
S3-5655f033f0,G-X;X-R,G,True,S,False,True,True,7,8,,,,control_groups_gt_5
S3-cc1d4084fe,G-X;X-R,G,True,S,True,False,False,5,6,,,,DATA_and_VINIT_short_in_WRITE
S3-7ff60ff7aa,G-X;X-R,G,True,S,True,False,True,5,7,,,,DATA_and_VINIT_short_in_WRITE
S3-65638db470,G-X;X-R,G,True,S,True,True,False,6,7,,,,control_groups_gt_5
S3-17da9fcb5e,G-X;X-R,G,True,S,True,True,True,7,8,,,,control_groups_gt_5
S3-6662538ce2,G-X;X-R,G,True,X,False,False,False,5,6,1.0,-1.0,-1.0,no_intrinsic_DATA_compression
S3-06e2097d27,G-X;X-R,G,True,X,False,False,True,5,7,1.0,-1.0,-1.0,no_intrinsic_DATA_compression
S3-25ba554de1,G-X;X-R,G,True,X,False,True,False,6,7,,,,control_groups_gt_5
S3-1c22a2a36c,G-X;X-R,G,True,X,False,True,True,7,8,,,,control_groups_gt_5
S3-1c224a9515,G-X;X-R,G,True,X,True,False,False,5,6,1.0,-1.0,-0.9999999999999898,no_intrinsic_DATA_compression
S3-622320b3f3,G-X;X-R,G,True,X,True,False,True,5,7,1.0,-1.0,-0.9999999999999898,no_intrinsic_DATA_compression
S3-28348b03b9,G-X;X-R,G,True,X,True,True,False,6,7,,,,control_groups_gt_5
S3-00d9472585,G-X;X-R,G,True,X,True,True,True,7,8,,,,control_groups_gt_5
S3-a3e9aa297d,G-R;S-X,R,False,G,False,False,False,4,6,0.9999999999999998,-1.0,-1.0000000000000002,no_intrinsic_DATA_compression
S3-39a82a5eb4,G-R;S-X,R,False,G,False,False,True,4,7,0.9999999999999998,-1.0,-1.0000000000000002,no_intrinsic_DATA_compression
S3-51c1b96563,G-R;S-X,R,False,G,False,True,False,5,7,0.9999999999999998,-1.0,-1.0000000000000002,no_intrinsic_DATA_compression
S3-0211da305d,G-R;S-X,R,False,G,False,True,True,6,8,,,,control_groups_gt_5
S3-c12e609de6,G-R;S-X,R,False,G,True,False,False,5,6,0.9999999999999998,-1.0000000000000024,-1.000000000000001,no_intrinsic_DATA_compression
S3-4e78fd6e60,G-R;S-X,R,False,G,True,False,True,5,7,0.9999999999999998,-1.0000000000000024,-1.000000000000001,no_intrinsic_DATA_compression
S3-f16ba404a6,G-R;S-X,R,False,G,True,True,False,6,7,,,,control_groups_gt_5
S3-3bbb42a7c3,G-R;S-X,R,False,G,True,True,True,7,8,,,,control_groups_gt_5
S3-c5c9f0b38d,G-R;S-X,R,False,S,False,False,False,4,6,,,,DATA_and_VINIT_short_in_WRITE
S3-742450020e,G-R;S-X,R,False,S,False,False,True,4,7,,,,DATA_and_VINIT_short_in_WRITE
S3-04de4c9ea7,G-R;S-X,R,False,S,False,True,False,5,7,,,,DATA_and_VINIT_short_in_WRITE
S3-8e2083864c,G-R;S-X,R,False,S,False,True,True,6,8,,,,control_groups_gt_5
S3-1563922019,G-R;S-X,R,False,S,True,False,False,5,6,,,,DATA_and_VINIT_short_in_WRITE
S3-b08748875e,G-R;S-X,R,False,S,True,False,True,5,7,,,,DATA_and_VINIT_short_in_WRITE
S3-52eab31115,G-R;S-X,R,False,S,True,True,False,6,7,,,,control_groups_gt_5
S3-412a216df6,G-R;S-X,R,False,S,True,True,True,7,8,,,,control_groups_gt_5
S3-5726cde5c8,G-R;S-X,R,False,X,False,False,False,4,6,3.944304526105059e-31,-1.0,-1.0000000000000002,no_intrinsic_DATA_compression
S3-a13aa52350,G-R;S-X,R,False,X,False,False,True,4,7,3.944304526105059e-31,-1.0,-1.0000000000000002,no_intrinsic_DATA_compression
S3-c3fd6ed6c3,G-R;S-X,R,False,X,False,True,False,5,7,3.944304526105059e-31,-1.0,-1.0000000000000002,no_intrinsic_DATA_compression
S3-362c8fadb1,G-R;S-X,R,False,X,False,True,True,6,8,,,,control_groups_gt_5
S3-278a251e0e,G-R;S-X,R,False,X,True,False,False,5,6,-2.4018013711891272e-15,-1.0,-1.000000000000002,no_intrinsic_DATA_compression
S3-0cfe188f82,G-R;S-X,R,False,X,True,False,True,5,7,-2.4018013711891272e-15,-1.0,-1.000000000000002,no_intrinsic_DATA_compression
S3-163f91478e,G-R;S-X,R,False,X,True,True,False,6,7,,,,control_groups_gt_5
S3-21620aa11e,G-R;S-X,R,False,X,True,True,True,7,8,,,,control_groups_gt_5
S3-5420c6f609,G-R;S-X,R,True,G,False,False,False,5,6,0.9999999999999998,-1.0,-1.0000000000000002,no_intrinsic_DATA_compression
S3-3702af92dc,G-R;S-X,R,True,G,False,False,True,5,7,0.9999999999999998,-1.0,-1.0000000000000002,no_intrinsic_DATA_compression
S3-9781d85aa7,G-R;S-X,R,True,G,False,True,False,6,7,,,,control_groups_gt_5
S3-d69d1d3e25,G-R;S-X,R,True,G,False,True,True,7,8,,,,control_groups_gt_5
S3-b159df89fa,G-R;S-X,R,True,G,True,False,False,5,6,0.9999999999999998,-1.0,-1.0000000000000024,no_intrinsic_DATA_compression
S3-39ef783b9b,G-R;S-X,R,True,G,True,False,True,5,7,0.9999999999999998,-1.0,-1.0000000000000024,no_intrinsic_DATA_compression
S3-d6d7c54a35,G-R;S-X,R,True,G,True,True,False,6,7,,,,control_groups_gt_5
S3-7b3eef71c8,G-R;S-X,R,True,G,True,True,True,7,8,,,,control_groups_gt_5
S3-8475b6e346,G-R;S-X,R,True,S,False,False,False,5,6,,,,DATA_and_VINIT_short_in_WRITE
S3-5735862e52,G-R;S-X,R,True,S,False,False,True,5,7,,,,DATA_and_VINIT_short_in_WRITE
S3-9a80edd6db,G-R;S-X,R,True,S,False,True,False,6,7,,,,control_groups_gt_5
S3-b83229df7d,G-R;S-X,R,True,S,False,True,True,7,8,,,,control_groups_gt_5
S3-4a07b61c40,G-R;S-X,R,True,S,True,False,False,5,6,,,,DATA_and_VINIT_short_in_WRITE
S3-7427065a18,G-R;S-X,R,True,S,True,False,True,5,7,,,,DATA_and_VINIT_short_in_WRITE
S3-61744badff,G-R;S-X,R,True,S,True,True,False,6,7,,,,control_groups_gt_5
S3-b9df0f61b3,G-R;S-X,R,True,S,True,True,True,7,8,,,,control_groups_gt_5
S3-af393ce2e1,G-R;S-X,R,True,X,False,False,False,5,6,3.944304526105059e-31,-1.0,-1.0,no_intrinsic_DATA_compression
S3-d7febe60c5,G-R;S-X,R,True,X,False,False,True,5,7,3.944304526105059e-31,-1.0,-1.0,no_intrinsic_DATA_compression
S3-0116d01e6c,G-R;S-X,R,True,X,False,True,False,6,7,,,,control_groups_gt_5
S3-ffb85dce93,G-R;S-X,R,True,X,False,True,True,7,8,,,,control_groups_gt_5
S3-99dc21ea4a,G-R;S-X,R,True,X,True,False,False,5,6,-2.4018013711891272e-15,-1.0,-1.0000000000000018,no_intrinsic_DATA_compression
S3-135711504b,G-R;S-X,R,True,X,True,False,True,5,7,-2.4018013711891272e-15,-1.0,-1.0000000000000018,no_intrinsic_DATA_compression
S3-a6cc7ba6da,G-R;S-X,R,True,X,True,True,False,6,7,,,,control_groups_gt_5
S3-d98a2ab2bf,G-R;S-X,R,True,X,True,True,True,7,8,,,,control_groups_gt_5
S3-2f09a2843d,G-R;S-X,S,False,G,False,False,False,4,6,0.9999999999999998,-1.0,-1.0000000000000002,no_intrinsic_DATA_compression
S3-d08604531b,G-R;S-X,S,False,G,False,False,True,4,7,0.9999999999999998,-1.0,-1.0000000000000002,no_intrinsic_DATA_compression
S3-97409e7dd5,G-R;S-X,S,False,G,False,True,False,5,7,0.9999999999999998,-1.0,-1.0000000000000002,no_intrinsic_DATA_compression
S3-053cccfbd3,G-R;S-X,S,False,G,False,True,True,6,8,,,,control_groups_gt_5
S3-70712c71db,G-R;S-X,S,False,G,True,False,False,5,6,0.9999999999999998,-1.0,-0.9999999999999998,no_intrinsic_DATA_compression
S3-954c8cbded,G-R;S-X,S,False,G,True,False,True,5,7,0.9999999999999998,-1.0,-0.9999999999999998,no_intrinsic_DATA_compression
S3-f07d8ee016,G-R;S-X,S,False,G,True,True,False,6,7,,,,control_groups_gt_5
S3-a64c7408a3,G-R;S-X,S,False,G,True,True,True,7,8,,,,control_groups_gt_5
S3-78ebaceb09,G-R;S-X,S,False,S,False,False,False,4,6,,,,DATA_and_VINIT_short_in_WRITE
S3-95b6d2669c,G-R;S-X,S,False,S,False,False,True,4,7,,,,DATA_and_VINIT_short_in_WRITE
S3-f04349f139,G-R;S-X,S,False,S,False,True,False,5,7,,,,DATA_and_VINIT_short_in_WRITE
S3-8ffa15b943,G-R;S-X,S,False,S,False,True,True,6,8,,,,control_groups_gt_5
S3-29857e8486,G-R;S-X,S,False,S,True,False,False,5,6,,,,DATA_and_VINIT_short_in_WRITE
S3-da7f632648,G-R;S-X,S,False,S,True,False,True,5,7,,,,DATA_and_VINIT_short_in_WRITE
S3-ca957e7271,G-R;S-X,S,False,S,True,True,False,6,7,,,,control_groups_gt_5
S3-6dfc65e912,G-R;S-X,S,False,S,True,True,True,7,8,,,,control_groups_gt_5
S3-3921da35c4,G-R;S-X,S,False,X,False,False,False,4,6,3.944304526105059e-31,-1.0,-1.0000000000000002,no_intrinsic_DATA_compression
S3-a15975f2fc,G-R;S-X,S,False,X,False,False,True,4,7,3.944304526105059e-31,-1.0,-1.0000000000000002,no_intrinsic_DATA_compression
S3-1ced90ae59,G-R;S-X,S,False,X,False,True,False,5,7,3.944304526105059e-31,-1.0,-1.0000000000000002,no_intrinsic_DATA_compression
S3-d412f39046,G-R;S-X,S,False,X,False,True,True,6,8,,,,control_groups_gt_5
S3-7fc838a8c9,G-R;S-X,S,False,X,True,False,False,5,6,1.0547184699206842e-16,-1.0,-0.9999999999999998,no_intrinsic_DATA_compression
S3-7e192306b3,G-R;S-X,S,False,X,True,False,True,5,7,1.0547184699206842e-16,-1.0,-0.9999999999999998,no_intrinsic_DATA_compression
S3-27652f4e13,G-R;S-X,S,False,X,True,True,False,6,7,,,,control_groups_gt_5
S3-67a18cd93f,G-R;S-X,S,False,X,True,True,True,7,8,,,,control_groups_gt_5
S3-8ea7094637,G-R;S-X,S,True,G,False,False,False,5,6,0.9999999999999998,-1.0,-1.0000000000000002,no_intrinsic_DATA_compression
S3-d3f0910191,G-R;S-X,S,True,G,False,False,True,5,7,0.9999999999999998,-1.0,-1.0000000000000002,no_intrinsic_DATA_compression
S3-a5c13a23aa,G-R;S-X,S,True,G,False,True,False,6,7,,,,control_groups_gt_5
S3-e5730bb08c,G-R;S-X,S,True,G,False,True,True,7,8,,,,control_groups_gt_5
S3-2773f13ee2,G-R;S-X,S,True,G,True,False,False,5,6,0.9999999999999998,-1.0,-0.9999999999999997,no_intrinsic_DATA_compression
S3-f17514eb16,G-R;S-X,S,True,G,True,False,True,5,7,0.9999999999999998,-1.0,-0.9999999999999997,no_intrinsic_DATA_compression
S3-c1028662f7,G-R;S-X,S,True,G,True,True,False,6,7,,,,control_groups_gt_5
S3-2edf7a0988,G-R;S-X,S,True,G,True,True,True,7,8,,,,control_groups_gt_5
S3-c630227568,G-R;S-X,S,True,S,False,False,False,5,6,,,,DATA_and_VINIT_short_in_WRITE
S3-6d5e3d0673,G-R;S-X,S,True,S,False,False,True,5,7,,,,DATA_and_VINIT_short_in_WRITE
S3-6201cb19b3,G-R;S-X,S,True,S,False,True,False,6,7,,,,control_groups_gt_5
S3-b40e666826,G-R;S-X,S,True,S,False,True,True,7,8,,,,control_groups_gt_5
S3-7423eac178,G-R;S-X,S,True,S,True,False,False,5,6,,,,DATA_and_VINIT_short_in_WRITE
S3-555070b809,G-R;S-X,S,True,S,True,False,True,5,7,,,,DATA_and_VINIT_short_in_WRITE
S3-ea2805d1a4,G-R;S-X,S,True,S,True,True,False,6,7,,,,control_groups_gt_5
S3-2b0470838f,G-R;S-X,S,True,S,True,True,True,7,8,,,,control_groups_gt_5
S3-6e56aac3dd,G-R;S-X,S,True,X,False,False,False,5,6,3.944304526105059e-31,-1.0,-1.0000000000000002,no_intrinsic_DATA_compression
S3-4885eb4fe1,G-R;S-X,S,True,X,False,False,True,5,7,3.944304526105059e-31,-1.0,-1.0000000000000002,no_intrinsic_DATA_compression
S3-68b9c058c1,G-R;S-X,S,True,X,False,True,False,6,7,,,,control_groups_gt_5
S3-73baea618c,G-R;S-X,S,True,X,False,True,True,7,8,,,,control_groups_gt_5
S3-579b45a337,G-R;S-X,S,True,X,True,False,False,5,6,1.0547184699206842e-16,-1.0,-0.9999999999999998,no_intrinsic_DATA_compression
S3-acb28822d2,G-R;S-X,S,True,X,True,False,True,5,7,1.0547184699206842e-16,-1.0,-0.9999999999999998,no_intrinsic_DATA_compression
S3-5dc6e2f52f,G-R;S-X,S,True,X,True,True,False,6,7,,,,control_groups_gt_5
S3-6e390d4ecb,G-R;S-X,S,True,X,True,True,True,7,8,,,,control_groups_gt_5
S3-c5cd547ba7,G-R;S-X,G,False,G,False,False,False,4,6,0.9999999999999998,-1.0,-1.0000000000000002,no_intrinsic_DATA_compression
S3-24094532bc,G-R;S-X,G,False,G,False,False,True,4,7,0.9999999999999998,-1.0,-1.0000000000000002,no_intrinsic_DATA_compression
S3-5551567892,G-R;S-X,G,False,G,False,True,False,5,7,0.9999999999999998,-1.0,-1.0000000000000002,no_intrinsic_DATA_compression
S3-990e4acfb9,G-R;S-X,G,False,G,False,True,True,6,8,,,,control_groups_gt_5
S3-4c6ccf44b0,G-R;S-X,G,False,G,True,False,False,5,6,0.7692307692307692,-0.7692307692307688,-0.76923076923077,compression_only_after_WRITE
S3-a28333c98e,G-R;S-X,G,False,G,True,False,True,5,7,0.7692307692307692,-0.7692307692307688,-0.76923076923077,compression_only_after_WRITE
S3-16f440dd97,G-R;S-X,G,False,G,True,True,False,6,7,,,,control_groups_gt_5
S3-bffa127b5a,G-R;S-X,G,False,G,True,True,True,7,8,,,,control_groups_gt_5
S3-1392deefab,G-R;S-X,G,False,S,False,False,False,4,6,,,,DATA_and_VINIT_short_in_WRITE
S3-3e3cb0a9da,G-R;S-X,G,False,S,False,False,True,4,7,,,,DATA_and_VINIT_short_in_WRITE
S3-5df88be727,G-R;S-X,G,False,S,False,True,False,5,7,,,,DATA_and_VINIT_short_in_WRITE
S3-3b8b0a25de,G-R;S-X,G,False,S,False,True,True,6,8,,,,control_groups_gt_5
S3-b85a1ee838,G-R;S-X,G,False,S,True,False,False,5,6,,,,DATA_and_VINIT_short_in_WRITE
S3-b408c8ed06,G-R;S-X,G,False,S,True,False,True,5,7,,,,DATA_and_VINIT_short_in_WRITE
S3-f1a6f92562,G-R;S-X,G,False,S,True,True,False,6,7,,,,control_groups_gt_5
S3-5d3aa5d668,G-R;S-X,G,False,S,True,True,True,7,8,,,,control_groups_gt_5
S3-28387a4e37,G-R;S-X,G,False,X,False,False,False,4,6,3.944304526105059e-31,-0.9999999999999989,-1.0000000000000002,no_intrinsic_DATA_compression
S3-86b3aff522,G-R;S-X,G,False,X,False,False,True,4,7,3.944304526105059e-31,-0.9999999999999989,-1.0000000000000002,no_intrinsic_DATA_compression
S3-2ccfa0d6bb,G-R;S-X,G,False,X,False,True,False,5,7,3.944304526105059e-31,-0.9999999999999989,-1.0000000000000002,no_intrinsic_DATA_compression
S3-15f76a4657,G-R;S-X,G,False,X,False,True,True,6,8,,,,control_groups_gt_5
S3-18c5897c01,G-R;S-X,G,False,X,True,False,False,5,6,0.23076923076923095,-0.999999999999999,-0.7692307692307703,compression_only_after_WRITE
S3-be335da66e,G-R;S-X,G,False,X,True,False,True,5,7,0.23076923076923095,-0.999999999999999,-0.7692307692307703,compression_only_after_WRITE
S3-6639ffabae,G-R;S-X,G,False,X,True,True,False,6,7,,,,control_groups_gt_5
S3-9b78bb6374,G-R;S-X,G,False,X,True,True,True,7,8,,,,control_groups_gt_5
S3-37daf3b671,G-R;S-X,G,True,G,False,False,False,5,6,0.9999999999999998,-1.0,-1.0000000000000002,no_intrinsic_DATA_compression
S3-fa8fe8d9ac,G-R;S-X,G,True,G,False,False,True,5,7,0.9999999999999998,-1.0,-1.0000000000000002,no_intrinsic_DATA_compression
S3-aa672a8945,G-R;S-X,G,True,G,False,True,False,6,7,,,,control_groups_gt_5
S3-89ff76af04,G-R;S-X,G,True,G,False,True,True,7,8,,,,control_groups_gt_5
S3-de6788e678,G-R;S-X,G,True,G,True,False,False,5,6,0.7692307692307692,-0.9467455621301772,-0.7692307692307705,compression_only_after_WRITE
S3-e3efb66f0c,G-R;S-X,G,True,G,True,False,True,5,7,0.7692307692307692,-0.9467455621301772,-0.7692307692307705,compression_only_after_WRITE
S3-f8e07ffbf2,G-R;S-X,G,True,G,True,True,False,6,7,,,,control_groups_gt_5
S3-578da2508f,G-R;S-X,G,True,G,True,True,True,7,8,,,,control_groups_gt_5
S3-7ee30afca5,G-R;S-X,G,True,S,False,False,False,5,6,,,,DATA_and_VINIT_short_in_WRITE
S3-6fda6fd088,G-R;S-X,G,True,S,False,False,True,5,7,,,,DATA_and_VINIT_short_in_WRITE
S3-b6936b808b,G-R;S-X,G,True,S,False,True,False,6,7,,,,control_groups_gt_5
S3-7aa600c9b9,G-R;S-X,G,True,S,False,True,True,7,8,,,,control_groups_gt_5
S3-cd87e3e8be,G-R;S-X,G,True,S,True,False,False,5,6,,,,DATA_and_VINIT_short_in_WRITE
S3-bf7d70b6e8,G-R;S-X,G,True,S,True,False,True,5,7,,,,DATA_and_VINIT_short_in_WRITE
S3-b6148b61c0,G-R;S-X,G,True,S,True,True,False,6,7,,,,control_groups_gt_5
S3-c66b5a1b02,G-R;S-X,G,True,S,True,True,True,7,8,,,,control_groups_gt_5
S3-9b6273f8d1,G-R;S-X,G,True,X,False,False,False,5,6,3.944304526105059e-31,-0.7692307692307689,-1.0000000000000004,no_intrinsic_DATA_compression
S3-6797e32718,G-R;S-X,G,True,X,False,False,True,5,7,3.944304526105059e-31,-0.7692307692307689,-1.0000000000000004,no_intrinsic_DATA_compression
S3-c83e83627c,G-R;S-X,G,True,X,False,True,False,6,7,,,,control_groups_gt_5
S3-dcae143e73,G-R;S-X,G,True,X,False,True,True,7,8,,,,control_groups_gt_5
S3-4cd84e4128,G-R;S-X,G,True,X,True,False,False,5,6,0.23076923076923095,-0.8224852071005915,-0.7692307692307705,compression_only_after_WRITE
S3-ed30a5096b,G-R;S-X,G,True,X,True,False,True,5,7,0.23076923076923095,-0.8224852071005915,-0.7692307692307705,compression_only_after_WRITE
S3-59d213671c,G-R;S-X,G,True,X,True,True,False,6,7,,,,control_groups_gt_5
S3-ab6bf537b0,G-R;S-X,G,True,X,True,True,True,7,8,,,,control_groups_gt_5
S3-e9c7beb372,G-R;S-R,R,False,G,False,False,False,4,6,0.9999999999999998,-1.0,-0.9999999999999998,no_intrinsic_DATA_compression
S3-2097cd4c09,G-R;S-R,R,False,G,False,False,True,4,7,0.9999999999999998,-1.0,-0.9999999999999998,no_intrinsic_DATA_compression
S3-476f7e3fb5,G-R;S-R,R,False,G,False,True,False,5,7,0.9999999999999998,-1.0,-0.9999999999999998,no_intrinsic_DATA_compression
S3-2c43871fd0,G-R;S-R,R,False,G,False,True,True,6,8,,,,control_groups_gt_5
S3-861cdb543b,G-R;S-R,R,False,G,True,False,False,5,6,0.9999999999999998,-1.0,-0.9999999999999998,no_intrinsic_DATA_compression
S3-d326612d94,G-R;S-R,R,False,G,True,False,True,5,7,0.9999999999999998,-1.0,-0.9999999999999998,no_intrinsic_DATA_compression
S3-824a432e3b,G-R;S-R,R,False,G,True,True,False,6,7,,,,control_groups_gt_5
S3-fee89929b1,G-R;S-R,R,False,G,True,True,True,7,8,,,,control_groups_gt_5
S3-2dd96f76b4,G-R;S-R,R,False,S,False,False,False,4,6,,,,DATA_and_VINIT_short_in_WRITE
S3-a9ed40e876,G-R;S-R,R,False,S,False,False,True,4,7,,,,DATA_and_VINIT_short_in_WRITE
S3-d007a8760e,G-R;S-R,R,False,S,False,True,False,5,7,,,,DATA_and_VINIT_short_in_WRITE
S3-f5dab20f5e,G-R;S-R,R,False,S,False,True,True,6,8,,,,control_groups_gt_5
S3-d5ab05adfb,G-R;S-R,R,False,S,True,False,False,5,6,,,,DATA_and_VINIT_short_in_WRITE
S3-5de56c8355,G-R;S-R,R,False,S,True,False,True,5,7,,,,DATA_and_VINIT_short_in_WRITE
S3-3a7b3efbc2,G-R;S-R,R,False,S,True,True,False,6,7,,,,control_groups_gt_5
S3-cad1da205e,G-R;S-R,R,False,S,True,True,True,7,8,,,,control_groups_gt_5
S3-5f67ecea4c,G-R;S-R,R,False,X,False,False,False,4,6,0.0,-1.0,-0.9999999999999998,no_intrinsic_DATA_compression
S3-3c11f1e31c,G-R;S-R,R,False,X,False,False,True,4,7,0.0,-1.0,-0.9999999999999998,no_intrinsic_DATA_compression
S3-0ab5fd99f3,G-R;S-R,R,False,X,False,True,False,5,7,0.0,-1.0,-0.9999999999999998,no_intrinsic_DATA_compression
S3-1b609e2b92,G-R;S-R,R,False,X,False,True,True,6,8,,,,control_groups_gt_5
S3-77ba03c880,G-R;S-R,R,False,X,True,False,False,5,6,0.0,-1.0,-0.9999999999999998,no_intrinsic_DATA_compression
S3-1026cd74cd,G-R;S-R,R,False,X,True,False,True,5,7,0.0,-1.0,-0.9999999999999998,no_intrinsic_DATA_compression
S3-1cb1fb03be,G-R;S-R,R,False,X,True,True,False,6,7,,,,control_groups_gt_5
S3-ad26700d56,G-R;S-R,R,False,X,True,True,True,7,8,,,,control_groups_gt_5
S3-ef82eb121a,G-R;S-R,R,True,G,False,False,False,5,6,0.9999999999999998,-1.0,-0.9999999999999998,no_intrinsic_DATA_compression
S3-ac56ba88cd,G-R;S-R,R,True,G,False,False,True,5,7,0.9999999999999998,-1.0,-0.9999999999999998,no_intrinsic_DATA_compression
S3-1d53e8c922,G-R;S-R,R,True,G,False,True,False,6,7,,,,control_groups_gt_5
S3-5ec4012790,G-R;S-R,R,True,G,False,True,True,7,8,,,,control_groups_gt_5
S3-25bdb6f524,G-R;S-R,R,True,G,True,False,False,5,6,0.9999999999999998,-1.0,-0.9999999999999998,no_intrinsic_DATA_compression
S3-fdfd594a14,G-R;S-R,R,True,G,True,False,True,5,7,0.9999999999999998,-1.0,-0.9999999999999998,no_intrinsic_DATA_compression
S3-6caba05e63,G-R;S-R,R,True,G,True,True,False,6,7,,,,control_groups_gt_5
S3-dbf846bff5,G-R;S-R,R,True,G,True,True,True,7,8,,,,control_groups_gt_5
S3-166c74ba5c,G-R;S-R,R,True,S,False,False,False,5,6,,,,DATA_and_VINIT_short_in_WRITE
S3-adbfb9190e,G-R;S-R,R,True,S,False,False,True,5,7,,,,DATA_and_VINIT_short_in_WRITE
S3-a6e5613e17,G-R;S-R,R,True,S,False,True,False,6,7,,,,control_groups_gt_5
S3-cdb93f1f9d,G-R;S-R,R,True,S,False,True,True,7,8,,,,control_groups_gt_5
S3-cc2aeaed50,G-R;S-R,R,True,S,True,False,False,5,6,,,,DATA_and_VINIT_short_in_WRITE
S3-7cf4ebd6f9,G-R;S-R,R,True,S,True,False,True,5,7,,,,DATA_and_VINIT_short_in_WRITE
S3-fa2b4408a7,G-R;S-R,R,True,S,True,True,False,6,7,,,,control_groups_gt_5
S3-eb75bc984f,G-R;S-R,R,True,S,True,True,True,7,8,,,,control_groups_gt_5
S3-e2f75cdc4a,G-R;S-R,R,True,X,False,False,False,5,6,0.0,-1.0,-0.9999999999999998,no_intrinsic_DATA_compression
S3-d5e6586c46,G-R;S-R,R,True,X,False,False,True,5,7,0.0,-1.0,-0.9999999999999998,no_intrinsic_DATA_compression
S3-665a2cbf68,G-R;S-R,R,True,X,False,True,False,6,7,,,,control_groups_gt_5
S3-f7a8f6e08d,G-R;S-R,R,True,X,False,True,True,7,8,,,,control_groups_gt_5
S3-170ba09473,G-R;S-R,R,True,X,True,False,False,5,6,0.0,-1.0,-0.9999999999999998,no_intrinsic_DATA_compression
S3-7590fcfc0f,G-R;S-R,R,True,X,True,False,True,5,7,0.0,-1.0,-0.9999999999999998,no_intrinsic_DATA_compression
S3-e54730d3fa,G-R;S-R,R,True,X,True,True,False,6,7,,,,control_groups_gt_5
S3-c2356bfcc6,G-R;S-R,R,True,X,True,True,True,7,8,,,,control_groups_gt_5
S3-fb65c5aec5,G-R;S-R,S,False,G,False,False,False,4,6,0.9999999999999998,-1.0,-0.9999999999999998,no_intrinsic_DATA_compression
S3-7a58b824c4,G-R;S-R,S,False,G,False,False,True,4,7,0.9999999999999998,-1.0,-0.9999999999999998,no_intrinsic_DATA_compression
S3-b8b1070417,G-R;S-R,S,False,G,False,True,False,5,7,0.9999999999999998,-1.0,-0.9999999999999998,no_intrinsic_DATA_compression
S3-fc84226d6a,G-R;S-R,S,False,G,False,True,True,6,8,,,,control_groups_gt_5
S3-6d655dcef2,G-R;S-R,S,False,G,True,False,False,5,6,0.9999999999999998,-1.0,-1.0,no_intrinsic_DATA_compression
S3-1b00cad175,G-R;S-R,S,False,G,True,False,True,5,7,0.9999999999999998,-1.0,-1.0,no_intrinsic_DATA_compression
S3-0ad7a83c46,G-R;S-R,S,False,G,True,True,False,6,7,,,,control_groups_gt_5
S3-0de3e7ca3e,G-R;S-R,S,False,G,True,True,True,7,8,,,,control_groups_gt_5
S3-3491f55f8c,G-R;S-R,S,False,S,False,False,False,4,6,,,,DATA_and_VINIT_short_in_WRITE
S3-03afa786df,G-R;S-R,S,False,S,False,False,True,4,7,,,,DATA_and_VINIT_short_in_WRITE
S3-1f0dd2da58,G-R;S-R,S,False,S,False,True,False,5,7,,,,DATA_and_VINIT_short_in_WRITE
S3-91c8751237,G-R;S-R,S,False,S,False,True,True,6,8,,,,control_groups_gt_5
S3-9e77dc11e8,G-R;S-R,S,False,S,True,False,False,5,6,,,,DATA_and_VINIT_short_in_WRITE
S3-2ca634ee4e,G-R;S-R,S,False,S,True,False,True,5,7,,,,DATA_and_VINIT_short_in_WRITE
S3-3cdc35494a,G-R;S-R,S,False,S,True,True,False,6,7,,,,control_groups_gt_5
S3-259f32fbbf,G-R;S-R,S,False,S,True,True,True,7,8,,,,control_groups_gt_5
S3-5027dbe9b4,G-R;S-R,S,False,X,False,False,False,4,6,0.0,-1.0,-0.9999999999999998,no_intrinsic_DATA_compression
S3-6230b1ef8b,G-R;S-R,S,False,X,False,False,True,4,7,0.0,-1.0,-0.9999999999999998,no_intrinsic_DATA_compression
S3-738dd552f5,G-R;S-R,S,False,X,False,True,False,5,7,0.0,-1.0,-0.9999999999999998,no_intrinsic_DATA_compression
S3-0fcf8d9afd,G-R;S-R,S,False,X,False,True,True,6,8,,,,control_groups_gt_5
S3-8f8714501a,G-R;S-R,S,False,X,True,False,False,5,6,7.679573242503619e-17,-1.0,-1.0000000000000002,no_intrinsic_DATA_compression
S3-231053768e,G-R;S-R,S,False,X,True,False,True,5,7,7.679573242503619e-17,-1.0,-1.0000000000000002,no_intrinsic_DATA_compression
S3-22184a82ff,G-R;S-R,S,False,X,True,True,False,6,7,,,,control_groups_gt_5
S3-3f2fa48bda,G-R;S-R,S,False,X,True,True,True,7,8,,,,control_groups_gt_5
S3-cfd4874672,G-R;S-R,S,True,G,False,False,False,5,6,0.9999999999999998,-1.0,-0.9999999999999998,no_intrinsic_DATA_compression
S3-caf7eb0442,G-R;S-R,S,True,G,False,False,True,5,7,0.9999999999999998,-1.0,-0.9999999999999998,no_intrinsic_DATA_compression
S3-bb8cf5a311,G-R;S-R,S,True,G,False,True,False,6,7,,,,control_groups_gt_5
S3-75ddfd61ef,G-R;S-R,S,True,G,False,True,True,7,8,,,,control_groups_gt_5
S3-6173413378,G-R;S-R,S,True,G,True,False,False,5,6,0.9999999999999998,-1.0,-1.0000000000000004,no_intrinsic_DATA_compression
S3-d6b1a61118,G-R;S-R,S,True,G,True,False,True,5,7,0.9999999999999998,-1.0,-1.0000000000000004,no_intrinsic_DATA_compression
S3-ebb2bd0681,G-R;S-R,S,True,G,True,True,False,6,7,,,,control_groups_gt_5
S3-6d79857bf0,G-R;S-R,S,True,G,True,True,True,7,8,,,,control_groups_gt_5
S3-ed9ad27432,G-R;S-R,S,True,S,False,False,False,5,6,,,,DATA_and_VINIT_short_in_WRITE
S3-bdc2c57df8,G-R;S-R,S,True,S,False,False,True,5,7,,,,DATA_and_VINIT_short_in_WRITE
S3-fbb2004ff8,G-R;S-R,S,True,S,False,True,False,6,7,,,,control_groups_gt_5
S3-f1e99394a1,G-R;S-R,S,True,S,False,True,True,7,8,,,,control_groups_gt_5
S3-8ff1bc270a,G-R;S-R,S,True,S,True,False,False,5,6,,,,DATA_and_VINIT_short_in_WRITE
S3-0f62058162,G-R;S-R,S,True,S,True,False,True,5,7,,,,DATA_and_VINIT_short_in_WRITE
S3-90836aa24e,G-R;S-R,S,True,S,True,True,False,6,7,,,,control_groups_gt_5
S3-309d7213f0,G-R;S-R,S,True,S,True,True,True,7,8,,,,control_groups_gt_5
S3-e74cbe51a3,G-R;S-R,S,True,X,False,False,False,5,6,0.0,-1.0,-0.9999999999999998,no_intrinsic_DATA_compression
S3-d1feb95748,G-R;S-R,S,True,X,False,False,True,5,7,0.0,-1.0,-0.9999999999999998,no_intrinsic_DATA_compression
S3-b1eabb4487,G-R;S-R,S,True,X,False,True,False,6,7,,,,control_groups_gt_5
S3-f91ded2fc7,G-R;S-R,S,True,X,False,True,True,7,8,,,,control_groups_gt_5
S3-f0baf3958e,G-R;S-R,S,True,X,True,False,False,5,6,7.679573242503619e-17,-1.0,-1.0000000000000002,no_intrinsic_DATA_compression
S3-87748fdd18,G-R;S-R,S,True,X,True,False,True,5,7,7.679573242503619e-17,-1.0,-1.0000000000000002,no_intrinsic_DATA_compression
S3-a240869fcb,G-R;S-R,S,True,X,True,True,False,6,7,,,,control_groups_gt_5
S3-febfca588b,G-R;S-R,S,True,X,True,True,True,7,8,,,,control_groups_gt_5
S3-785735f1c2,G-R;S-R,G,False,G,False,False,False,4,6,0.9999999999999998,-1.0,-0.9999999999999998,no_intrinsic_DATA_compression
S3-a4a65a588a,G-R;S-R,G,False,G,False,False,True,4,7,0.9999999999999998,-1.0,-0.9999999999999998,no_intrinsic_DATA_compression
S3-fa16248770,G-R;S-R,G,False,G,False,True,False,5,7,0.9999999999999998,-1.0,-0.9999999999999998,no_intrinsic_DATA_compression
S3-bd46f2fad6,G-R;S-R,G,False,G,False,True,True,6,8,,,,control_groups_gt_5
S3-d2c3d1cb1b,G-R;S-R,G,False,G,True,False,False,5,6,0.9999999999999994,-1.0,-1.0000000000000004,no_intrinsic_DATA_compression
S3-f6c72035de,G-R;S-R,G,False,G,True,False,True,5,7,0.9999999999999994,-1.0,-1.0000000000000004,no_intrinsic_DATA_compression
S3-a9267925cd,G-R;S-R,G,False,G,True,True,False,6,7,,,,control_groups_gt_5
S3-df2fe3b29a,G-R;S-R,G,False,G,True,True,True,7,8,,,,control_groups_gt_5
S3-51bce6c318,G-R;S-R,G,False,S,False,False,False,4,6,,,,DATA_and_VINIT_short_in_WRITE
S3-6957db1a75,G-R;S-R,G,False,S,False,False,True,4,7,,,,DATA_and_VINIT_short_in_WRITE
S3-e5defa5551,G-R;S-R,G,False,S,False,True,False,5,7,,,,DATA_and_VINIT_short_in_WRITE
S3-44f77292c1,G-R;S-R,G,False,S,False,True,True,6,8,,,,control_groups_gt_5
S3-76f366e047,G-R;S-R,G,False,S,True,False,False,5,6,,,,DATA_and_VINIT_short_in_WRITE
S3-b22b93e746,G-R;S-R,G,False,S,True,False,True,5,7,,,,DATA_and_VINIT_short_in_WRITE
S3-166c2cf3dd,G-R;S-R,G,False,S,True,True,False,6,7,,,,control_groups_gt_5
S3-c1fc80b6ba,G-R;S-R,G,False,S,True,True,True,7,8,,,,control_groups_gt_5
S3-754b2f6524,G-R;S-R,G,False,X,False,False,False,4,6,0.0,-0.9999999999999998,-1.0,no_intrinsic_DATA_compression
S3-3b13588086,G-R;S-R,G,False,X,False,False,True,4,7,0.0,-0.9999999999999998,-1.0,no_intrinsic_DATA_compression
S3-08b360674f,G-R;S-R,G,False,X,False,True,False,5,7,0.0,-0.9999999999999998,-1.0,no_intrinsic_DATA_compression
S3-20c8113b77,G-R;S-R,G,False,X,False,True,True,6,8,,,,control_groups_gt_5
S3-cb590c426c,G-R;S-R,G,False,X,True,False,False,5,6,3.14018491736755e-16,-0.9999999999999998,-1.0000000000000004,no_intrinsic_DATA_compression
S3-fab66b7391,G-R;S-R,G,False,X,True,False,True,5,7,3.14018491736755e-16,-0.9999999999999998,-1.0000000000000004,no_intrinsic_DATA_compression
S3-6b8e083520,G-R;S-R,G,False,X,True,True,False,6,7,,,,control_groups_gt_5
S3-aa73f45728,G-R;S-R,G,False,X,True,True,True,7,8,,,,control_groups_gt_5
S3-d598042220,G-R;S-R,G,True,G,False,False,False,5,6,0.9999999999999998,-1.0,-0.9999999999999998,no_intrinsic_DATA_compression
S3-4be3942b4a,G-R;S-R,G,True,G,False,False,True,5,7,0.9999999999999998,-1.0,-0.9999999999999998,no_intrinsic_DATA_compression
S3-cfd01d9fe4,G-R;S-R,G,True,G,False,True,False,6,7,,,,control_groups_gt_5
S3-07ca9bb283,G-R;S-R,G,True,G,False,True,True,7,8,,,,control_groups_gt_5
S3-46e9a53715,G-R;S-R,G,True,G,True,False,False,5,6,0.9999999999999994,-1.0,-1.0000000000000004,no_intrinsic_DATA_compression
S3-3853ddb098,G-R;S-R,G,True,G,True,False,True,5,7,0.9999999999999994,-1.0,-1.0000000000000004,no_intrinsic_DATA_compression
S3-a2f26ee605,G-R;S-R,G,True,G,True,True,False,6,7,,,,control_groups_gt_5
S3-a0db59f51f,G-R;S-R,G,True,G,True,True,True,7,8,,,,control_groups_gt_5
S3-066804aaff,G-R;S-R,G,True,S,False,False,False,5,6,,,,DATA_and_VINIT_short_in_WRITE
S3-c62efb927a,G-R;S-R,G,True,S,False,False,True,5,7,,,,DATA_and_VINIT_short_in_WRITE
S3-f8e6e5899f,G-R;S-R,G,True,S,False,True,False,6,7,,,,control_groups_gt_5
S3-da3268a34d,G-R;S-R,G,True,S,False,True,True,7,8,,,,control_groups_gt_5
S3-404c2075df,G-R;S-R,G,True,S,True,False,False,5,6,,,,DATA_and_VINIT_short_in_WRITE
S3-6759a50fb5,G-R;S-R,G,True,S,True,False,True,5,7,,,,DATA_and_VINIT_short_in_WRITE
S3-8ea168a847,G-R;S-R,G,True,S,True,True,False,6,7,,,,control_groups_gt_5
S3-c76d06f5cf,G-R;S-R,G,True,S,True,True,True,7,8,,,,control_groups_gt_5
S3-a24472cd79,G-R;S-R,G,True,X,False,False,False,5,6,0.0,-1.0000000000000002,-0.9999999999999996,no_intrinsic_DATA_compression
S3-8e9be9bff9,G-R;S-R,G,True,X,False,False,True,5,7,0.0,-1.0000000000000002,-0.9999999999999996,no_intrinsic_DATA_compression
S3-9f71b56045,G-R;S-R,G,True,X,False,True,False,6,7,,,,control_groups_gt_5
S3-30b5add68d,G-R;S-R,G,True,X,False,True,True,7,8,,,,control_groups_gt_5
S3-718474141a,G-R;S-R,G,True,X,True,False,False,5,6,3.14018491736755e-16,-1.0000000000000002,-1.0000000000000004,no_intrinsic_DATA_compression
S3-c858b31301,G-R;S-R,G,True,X,True,False,True,5,7,3.14018491736755e-16,-1.0000000000000002,-1.0000000000000004,no_intrinsic_DATA_compression
S3-450e97a6b1,G-R;S-R,G,True,X,True,True,False,6,7,,,,control_groups_gt_5
S3-6c815f2618,G-R;S-R,G,True,X,True,True,True,7,8,,,,control_groups_gt_5
S3-149cf5b450,G-R;X-R,R,False,G,False,False,False,4,6,0.9999999999999998,-1.0,-1.0,no_intrinsic_DATA_compression
S3-bfc58e466f,G-R;X-R,R,False,G,False,False,True,4,7,0.9999999999999998,-1.0,-1.0,no_intrinsic_DATA_compression
S3-6e471d59fc,G-R;X-R,R,False,G,False,True,False,5,7,0.9999999999999998,-1.0,-1.0,no_intrinsic_DATA_compression
S3-7171a633d4,G-R;X-R,R,False,G,False,True,True,6,8,,,,control_groups_gt_5
S3-4b8552270a,G-R;X-R,R,False,G,True,False,False,5,6,0.9999999999999998,-1.0,-1.0,no_intrinsic_DATA_compression
S3-af08460331,G-R;X-R,R,False,G,True,False,True,5,7,0.9999999999999998,-1.0,-1.0,no_intrinsic_DATA_compression
S3-eb8fe715eb,G-R;X-R,R,False,G,True,True,False,6,7,,,,control_groups_gt_5
S3-239c409bd9,G-R;X-R,R,False,G,True,True,True,7,8,,,,control_groups_gt_5
S3-d415cf6320,G-R;X-R,R,False,S,False,False,False,4,6,,,,DATA_and_VINIT_short_in_WRITE
S3-c554875f60,G-R;X-R,R,False,S,False,False,True,4,7,,,,DATA_and_VINIT_short_in_WRITE
S3-c84707e515,G-R;X-R,R,False,S,False,True,False,5,7,,,,DATA_and_VINIT_short_in_WRITE
S3-836116f503,G-R;X-R,R,False,S,False,True,True,6,8,,,,control_groups_gt_5
S3-fd8b97eb42,G-R;X-R,R,False,S,True,False,False,5,6,,,,DATA_and_VINIT_short_in_WRITE
S3-b6683112f6,G-R;X-R,R,False,S,True,False,True,5,7,,,,DATA_and_VINIT_short_in_WRITE
S3-ae07a8d1e5,G-R;X-R,R,False,S,True,True,False,6,7,,,,control_groups_gt_5
S3-2033cac346,G-R;X-R,R,False,S,True,True,True,7,8,,,,control_groups_gt_5
S3-d0ecf3c4a5,G-R;X-R,R,False,X,False,False,False,4,6,0.0,-1.0,-1.0,no_intrinsic_DATA_compression
S3-2d18e0c1c0,G-R;X-R,R,False,X,False,False,True,4,7,0.0,-1.0,-1.0,no_intrinsic_DATA_compression
S3-7b8cc6f63e,G-R;X-R,R,False,X,False,True,False,5,7,0.0,-1.0,-1.0,no_intrinsic_DATA_compression
S3-cea0b50787,G-R;X-R,R,False,X,False,True,True,6,8,,,,control_groups_gt_5
S3-b5d4398f42,G-R;X-R,R,False,X,True,False,False,5,6,0.0,-1.0,-1.0,no_intrinsic_DATA_compression
S3-aa259c74e7,G-R;X-R,R,False,X,True,False,True,5,7,0.0,-1.0,-1.0,no_intrinsic_DATA_compression
S3-c0643d5d20,G-R;X-R,R,False,X,True,True,False,6,7,,,,control_groups_gt_5
S3-5e89bcfe24,G-R;X-R,R,False,X,True,True,True,7,8,,,,control_groups_gt_5
S3-84d588d075,G-R;X-R,R,True,G,False,False,False,5,6,0.9999999999999998,-1.0,-1.0,no_intrinsic_DATA_compression
S3-15f7c2cca3,G-R;X-R,R,True,G,False,False,True,5,7,0.9999999999999998,-1.0,-1.0,no_intrinsic_DATA_compression
S3-9777cbd0e4,G-R;X-R,R,True,G,False,True,False,6,7,,,,control_groups_gt_5
S3-7de6383089,G-R;X-R,R,True,G,False,True,True,7,8,,,,control_groups_gt_5
S3-1969f4bab5,G-R;X-R,R,True,G,True,False,False,5,6,0.9999999999999998,-1.0,-1.0,no_intrinsic_DATA_compression
S3-8b5e11af81,G-R;X-R,R,True,G,True,False,True,5,7,0.9999999999999998,-1.0,-1.0,no_intrinsic_DATA_compression
S3-8e7a7333ee,G-R;X-R,R,True,G,True,True,False,6,7,,,,control_groups_gt_5
S3-20cf45efeb,G-R;X-R,R,True,G,True,True,True,7,8,,,,control_groups_gt_5
S3-be193dfd3c,G-R;X-R,R,True,S,False,False,False,5,6,,,,DATA_and_VINIT_short_in_WRITE
S3-847efcd4ec,G-R;X-R,R,True,S,False,False,True,5,7,,,,DATA_and_VINIT_short_in_WRITE
S3-0ab4a5398d,G-R;X-R,R,True,S,False,True,False,6,7,,,,control_groups_gt_5
S3-95c169fc84,G-R;X-R,R,True,S,False,True,True,7,8,,,,control_groups_gt_5
S3-8619024e6a,G-R;X-R,R,True,S,True,False,False,5,6,,,,DATA_and_VINIT_short_in_WRITE
S3-c42e76865f,G-R;X-R,R,True,S,True,False,True,5,7,,,,DATA_and_VINIT_short_in_WRITE
S3-6db6c3d46f,G-R;X-R,R,True,S,True,True,False,6,7,,,,control_groups_gt_5
S3-fe8120e54a,G-R;X-R,R,True,S,True,True,True,7,8,,,,control_groups_gt_5
S3-3f198a2b8d,G-R;X-R,R,True,X,False,False,False,5,6,0.0,-1.0,-1.0,no_intrinsic_DATA_compression
S3-46455da07d,G-R;X-R,R,True,X,False,False,True,5,7,0.0,-1.0,-1.0,no_intrinsic_DATA_compression
S3-ec2bd59d84,G-R;X-R,R,True,X,False,True,False,6,7,,,,control_groups_gt_5
S3-0982233801,G-R;X-R,R,True,X,False,True,True,7,8,,,,control_groups_gt_5
S3-db02907182,G-R;X-R,R,True,X,True,False,False,5,6,0.0,-1.0,-1.0,no_intrinsic_DATA_compression
S3-d7cf3efd2f,G-R;X-R,R,True,X,True,False,True,5,7,0.0,-1.0,-1.0,no_intrinsic_DATA_compression
S3-7d40449b18,G-R;X-R,R,True,X,True,True,False,6,7,,,,control_groups_gt_5
S3-c93c9f5d80,G-R;X-R,R,True,X,True,True,True,7,8,,,,control_groups_gt_5
S3-84b484e56d,G-R;X-R,S,False,G,False,False,False,4,6,0.9999999999999998,-1.0,-1.0,no_intrinsic_DATA_compression
S3-7395e967bf,G-R;X-R,S,False,G,False,False,True,4,7,0.9999999999999998,-1.0,-1.0,no_intrinsic_DATA_compression
S3-5fe5ab3ed9,G-R;X-R,S,False,G,False,True,False,5,7,0.9999999999999998,-1.0,-1.0,no_intrinsic_DATA_compression
S3-3886ac2c9e,G-R;X-R,S,False,G,False,True,True,6,8,,,,control_groups_gt_5
S3-a43cf1fe00,G-R;X-R,S,False,G,True,False,False,5,6,0.9999999999999998,-1.0,-0.9999999999999993,no_intrinsic_DATA_compression
S3-ff0b6789ea,G-R;X-R,S,False,G,True,False,True,5,7,0.9999999999999998,-1.0,-0.9999999999999993,no_intrinsic_DATA_compression
S3-7d9ee83d32,G-R;X-R,S,False,G,True,True,False,6,7,,,,control_groups_gt_5
S3-ee3892d68f,G-R;X-R,S,False,G,True,True,True,7,8,,,,control_groups_gt_5
S3-d19bad32dd,G-R;X-R,S,False,S,False,False,False,4,6,,,,DATA_and_VINIT_short_in_WRITE
S3-097081f24e,G-R;X-R,S,False,S,False,False,True,4,7,,,,DATA_and_VINIT_short_in_WRITE
S3-bfdfc2b3f5,G-R;X-R,S,False,S,False,True,False,5,7,,,,DATA_and_VINIT_short_in_WRITE
S3-1a23b72ce6,G-R;X-R,S,False,S,False,True,True,6,8,,,,control_groups_gt_5
S3-28f1fa9ddd,G-R;X-R,S,False,S,True,False,False,5,6,,,,DATA_and_VINIT_short_in_WRITE
S3-3af7aa7a9b,G-R;X-R,S,False,S,True,False,True,5,7,,,,DATA_and_VINIT_short_in_WRITE
S3-fafb66eac2,G-R;X-R,S,False,S,True,True,False,6,7,,,,control_groups_gt_5
S3-a6b67db98c,G-R;X-R,S,False,S,True,True,True,7,8,,,,control_groups_gt_5
S3-661d96513f,G-R;X-R,S,False,X,False,False,False,4,6,0.0,-1.0,-1.0,no_intrinsic_DATA_compression
S3-de91cbe201,G-R;X-R,S,False,X,False,False,True,4,7,0.0,-1.0,-1.0,no_intrinsic_DATA_compression
S3-67c887c03d,G-R;X-R,S,False,X,False,True,False,5,7,0.0,-1.0,-1.0,no_intrinsic_DATA_compression
S3-084f361667,G-R;X-R,S,False,X,False,True,True,6,8,,,,control_groups_gt_5
S3-f338d82be4,G-R;X-R,S,False,X,True,False,False,5,6,-3.925231146709437e-17,-1.0,-0.9999999999999996,no_intrinsic_DATA_compression
S3-12dee0525a,G-R;X-R,S,False,X,True,False,True,5,7,-3.925231146709437e-17,-1.0,-0.9999999999999996,no_intrinsic_DATA_compression
S3-58ee3d5c14,G-R;X-R,S,False,X,True,True,False,6,7,,,,control_groups_gt_5
S3-62248c367c,G-R;X-R,S,False,X,True,True,True,7,8,,,,control_groups_gt_5
S3-3e646bec78,G-R;X-R,S,True,G,False,False,False,5,6,0.9999999999999998,-1.0,-1.0,no_intrinsic_DATA_compression
S3-427107ee5b,G-R;X-R,S,True,G,False,False,True,5,7,0.9999999999999998,-1.0,-1.0,no_intrinsic_DATA_compression
S3-3fc35fb2e1,G-R;X-R,S,True,G,False,True,False,6,7,,,,control_groups_gt_5
S3-cacfbdd4ac,G-R;X-R,S,True,G,False,True,True,7,8,,,,control_groups_gt_5
S3-39e84056dc,G-R;X-R,S,True,G,True,False,False,5,6,0.9999999999999998,-1.0,-0.9999999999999994,no_intrinsic_DATA_compression
S3-b70fed23c5,G-R;X-R,S,True,G,True,False,True,5,7,0.9999999999999998,-1.0,-0.9999999999999994,no_intrinsic_DATA_compression
S3-9cb5d93571,G-R;X-R,S,True,G,True,True,False,6,7,,,,control_groups_gt_5
S3-e33646263a,G-R;X-R,S,True,G,True,True,True,7,8,,,,control_groups_gt_5
S3-1918672374,G-R;X-R,S,True,S,False,False,False,5,6,,,,DATA_and_VINIT_short_in_WRITE
S3-3b500b5eac,G-R;X-R,S,True,S,False,False,True,5,7,,,,DATA_and_VINIT_short_in_WRITE
S3-f5fecf7cda,G-R;X-R,S,True,S,False,True,False,6,7,,,,control_groups_gt_5
S3-6a25376b3d,G-R;X-R,S,True,S,False,True,True,7,8,,,,control_groups_gt_5
S3-f2cd5fcb1d,G-R;X-R,S,True,S,True,False,False,5,6,,,,DATA_and_VINIT_short_in_WRITE
S3-1ff4c38ce0,G-R;X-R,S,True,S,True,False,True,5,7,,,,DATA_and_VINIT_short_in_WRITE
S3-a71a4e649d,G-R;X-R,S,True,S,True,True,False,6,7,,,,control_groups_gt_5
S3-652b56f47b,G-R;X-R,S,True,S,True,True,True,7,8,,,,control_groups_gt_5
S3-eb4d6d3909,G-R;X-R,S,True,X,False,False,False,5,6,0.0,-1.0,-1.0,no_intrinsic_DATA_compression
S3-04a0dda5ee,G-R;X-R,S,True,X,False,False,True,5,7,0.0,-1.0,-1.0,no_intrinsic_DATA_compression
S3-daf0154b9f,G-R;X-R,S,True,X,False,True,False,6,7,,,,control_groups_gt_5
S3-f985cdfde0,G-R;X-R,S,True,X,False,True,True,7,8,,,,control_groups_gt_5
S3-7bfb637219,G-R;X-R,S,True,X,True,False,False,5,6,-3.925231146709437e-17,-1.0,-0.9999999999999993,no_intrinsic_DATA_compression
S3-a1106ab78d,G-R;X-R,S,True,X,True,False,True,5,7,-3.925231146709437e-17,-1.0,-0.9999999999999993,no_intrinsic_DATA_compression
S3-b83a2e917f,G-R;X-R,S,True,X,True,True,False,6,7,,,,control_groups_gt_5
S3-3198ea9fd7,G-R;X-R,S,True,X,True,True,True,7,8,,,,control_groups_gt_5
S3-df7e89bbfb,G-R;X-R,G,False,G,False,False,False,4,6,0.9999999999999998,-1.0,-1.0,no_intrinsic_DATA_compression
S3-b7bb370e44,G-R;X-R,G,False,G,False,False,True,4,7,0.9999999999999998,-1.0,-1.0,no_intrinsic_DATA_compression
S3-20bc1e970c,G-R;X-R,G,False,G,False,True,False,5,7,0.9999999999999998,-1.0,-1.0,no_intrinsic_DATA_compression
S3-427e36f1a7,G-R;X-R,G,False,G,False,True,True,6,8,,,,control_groups_gt_5
S3-047b50718e,G-R;X-R,G,False,G,True,False,False,5,6,0.769230769230769,-1.0,-1.0000000000000009,compression_only_after_WRITE
S3-276c95bc71,G-R;X-R,G,False,G,True,False,True,5,7,0.769230769230769,-1.0,-1.0000000000000009,compression_only_after_WRITE
S3-96bddafe89,G-R;X-R,G,False,G,True,True,False,6,7,,,,control_groups_gt_5
S3-4193bac779,G-R;X-R,G,False,G,True,True,True,7,8,,,,control_groups_gt_5
S3-94e959af3d,G-R;X-R,G,False,S,False,False,False,4,6,,,,DATA_and_VINIT_short_in_WRITE
S3-260b14407f,G-R;X-R,G,False,S,False,False,True,4,7,,,,DATA_and_VINIT_short_in_WRITE
S3-afbbbdc116,G-R;X-R,G,False,S,False,True,False,5,7,,,,DATA_and_VINIT_short_in_WRITE
S3-028e951199,G-R;X-R,G,False,S,False,True,True,6,8,,,,control_groups_gt_5
S3-a124995b7d,G-R;X-R,G,False,S,True,False,False,5,6,,,,DATA_and_VINIT_short_in_WRITE
S3-949a6d493d,G-R;X-R,G,False,S,True,False,True,5,7,,,,DATA_and_VINIT_short_in_WRITE
S3-6a829fd295,G-R;X-R,G,False,S,True,True,False,6,7,,,,control_groups_gt_5
S3-1ce88014c8,G-R;X-R,G,False,S,True,True,True,7,8,,,,control_groups_gt_5
S3-4af04184b2,G-R;X-R,G,False,X,False,False,False,4,6,0.0,-1.0000000000000002,-1.0,no_intrinsic_DATA_compression
S3-ac06b39419,G-R;X-R,G,False,X,False,False,True,4,7,0.0,-1.0000000000000002,-1.0,no_intrinsic_DATA_compression
S3-64a689803f,G-R;X-R,G,False,X,False,True,False,5,7,0.0,-1.0000000000000002,-1.0,no_intrinsic_DATA_compression
S3-52c5880508,G-R;X-R,G,False,X,False,True,True,6,8,,,,control_groups_gt_5
S3-68404cc0d7,G-R;X-R,G,False,X,True,False,False,5,6,0.2307692307692309,-1.0000000000000002,-1.0,compression_only_after_WRITE
S3-b3081bdcbe,G-R;X-R,G,False,X,True,False,True,5,7,0.2307692307692309,-1.0000000000000002,-1.0,compression_only_after_WRITE
S3-6138b1d3fe,G-R;X-R,G,False,X,True,True,False,6,7,,,,control_groups_gt_5
S3-2128eca5d3,G-R;X-R,G,False,X,True,True,True,7,8,,,,control_groups_gt_5
S3-906c361bde,G-R;X-R,G,True,G,False,False,False,5,6,0.9999999999999998,-1.0,-1.0,no_intrinsic_DATA_compression
S3-f4f260ef3d,G-R;X-R,G,True,G,False,False,True,5,7,0.9999999999999998,-1.0,-1.0,no_intrinsic_DATA_compression
S3-f2365322d9,G-R;X-R,G,True,G,False,True,False,6,7,,,,control_groups_gt_5
S3-e5f4fecc73,G-R;X-R,G,True,G,False,True,True,7,8,,,,control_groups_gt_5
S3-c78f449da6,G-R;X-R,G,True,G,True,False,False,5,6,0.769230769230769,-1.0,-1.0000000000000007,compression_only_after_WRITE
S3-4c9066b1a1,G-R;X-R,G,True,G,True,False,True,5,7,0.769230769230769,-1.0,-1.0000000000000007,compression_only_after_WRITE
S3-e9f77f9b01,G-R;X-R,G,True,G,True,True,False,6,7,,,,control_groups_gt_5
S3-20d547777c,G-R;X-R,G,True,G,True,True,True,7,8,,,,control_groups_gt_5
S3-7e7ea11c37,G-R;X-R,G,True,S,False,False,False,5,6,,,,DATA_and_VINIT_short_in_WRITE
S3-bbceb55321,G-R;X-R,G,True,S,False,False,True,5,7,,,,DATA_and_VINIT_short_in_WRITE
S3-14526c5d5b,G-R;X-R,G,True,S,False,True,False,6,7,,,,control_groups_gt_5
S3-6c3dbc9b35,G-R;X-R,G,True,S,False,True,True,7,8,,,,control_groups_gt_5
S3-c304c04c24,G-R;X-R,G,True,S,True,False,False,5,6,,,,DATA_and_VINIT_short_in_WRITE
S3-18529242d2,G-R;X-R,G,True,S,True,False,True,5,7,,,,DATA_and_VINIT_short_in_WRITE
S3-ddcd0b0414,G-R;X-R,G,True,S,True,True,False,6,7,,,,control_groups_gt_5
S3-2b19f6e763,G-R;X-R,G,True,S,True,True,True,7,8,,,,control_groups_gt_5
S3-dfc47d466c,G-R;X-R,G,True,X,False,False,False,5,6,0.0,-1.0000000000000007,-1.0,no_intrinsic_DATA_compression
S3-2ab15abe8c,G-R;X-R,G,True,X,False,False,True,5,7,0.0,-1.0000000000000007,-1.0,no_intrinsic_DATA_compression
S3-b64adf8b45,G-R;X-R,G,True,X,False,True,False,6,7,,,,control_groups_gt_5
S3-76ffddea86,G-R;X-R,G,True,X,False,True,True,7,8,,,,control_groups_gt_5
S3-410eb8f251,G-R;X-R,G,True,X,True,False,False,5,6,0.2307692307692309,-1.0000000000000004,-1.0000000000000007,compression_only_after_WRITE
S3-466e42f02d,G-R;X-R,G,True,X,True,False,True,5,7,0.2307692307692309,-1.0000000000000004,-1.0000000000000007,compression_only_after_WRITE
S3-129a800633,G-R;X-R,G,True,X,True,True,False,6,7,,,,control_groups_gt_5
S3-0c08524921,G-R;X-R,G,True,X,True,True,True,7,8,,,,control_groups_gt_5
S3-7d9c67159f,S-X;S-R,R,False,G,False,False,False,4,6,0.9999999999999999,-1.0,-1.0,no_intrinsic_DATA_compression
S3-f6b3d69512,S-X;S-R,R,False,G,False,False,True,4,7,0.9999999999999999,-1.0,-1.0,no_intrinsic_DATA_compression
S3-af3ff5076e,S-X;S-R,R,False,G,False,True,False,5,7,0.9999999999999999,-1.0,-1.0,no_intrinsic_DATA_compression
S3-1146c426e8,S-X;S-R,R,False,G,False,True,True,6,8,,,,control_groups_gt_5
S3-9708c5a7d7,S-X;S-R,R,False,G,True,False,False,5,6,0.9999999999999999,-1.0000000000000004,-0.9999999999999996,no_intrinsic_DATA_compression
S3-d98585e1ec,S-X;S-R,R,False,G,True,False,True,5,7,0.9999999999999999,-1.0000000000000004,-0.9999999999999996,no_intrinsic_DATA_compression
S3-a10eefb2cd,S-X;S-R,R,False,G,True,True,False,6,7,,,,control_groups_gt_5
S3-9042e0bed7,S-X;S-R,R,False,G,True,True,True,7,8,,,,control_groups_gt_5
S3-57ffcf9107,S-X;S-R,R,False,S,False,False,False,4,6,,,,DATA_and_VINIT_short_in_WRITE
S3-a040f965a2,S-X;S-R,R,False,S,False,False,True,4,7,,,,DATA_and_VINIT_short_in_WRITE
S3-4888f4e9fd,S-X;S-R,R,False,S,False,True,False,5,7,,,,DATA_and_VINIT_short_in_WRITE
S3-a584c252fc,S-X;S-R,R,False,S,False,True,True,6,8,,,,control_groups_gt_5
S3-f10a43fad3,S-X;S-R,R,False,S,True,False,False,5,6,,,,DATA_and_VINIT_short_in_WRITE
S3-a33b45c980,S-X;S-R,R,False,S,True,False,True,5,7,,,,DATA_and_VINIT_short_in_WRITE
S3-0dcd623d56,S-X;S-R,R,False,S,True,True,False,6,7,,,,control_groups_gt_5
S3-1b327c9777,S-X;S-R,R,False,S,True,True,True,7,8,,,,control_groups_gt_5
S3-5dfa43d310,S-X;S-R,R,False,X,False,False,False,4,6,-9.860761315262648e-32,-1.0,-1.0,no_intrinsic_DATA_compression
S3-59976d8b70,S-X;S-R,R,False,X,False,False,True,4,7,-9.860761315262648e-32,-1.0,-1.0,no_intrinsic_DATA_compression
S3-40c5aed6ae,S-X;S-R,R,False,X,False,True,False,5,7,-9.860761315262648e-32,-1.0,-1.0,no_intrinsic_DATA_compression
S3-68d7bce310,S-X;S-R,R,False,X,False,True,True,6,8,,,,control_groups_gt_5
S3-3490011c65,S-X;S-R,R,False,X,True,False,False,5,6,-2.0688918156577653e-16,-1.0,-0.9999999999999996,no_intrinsic_DATA_compression
S3-82655bab9e,S-X;S-R,R,False,X,True,False,True,5,7,-2.0688918156577653e-16,-1.0,-0.9999999999999996,no_intrinsic_DATA_compression
S3-413ea87fd7,S-X;S-R,R,False,X,True,True,False,6,7,,,,control_groups_gt_5
S3-3022f5735e,S-X;S-R,R,False,X,True,True,True,7,8,,,,control_groups_gt_5
S3-3561aaf16c,S-X;S-R,R,True,G,False,False,False,5,6,0.9999999999999999,-1.0,-1.0,no_intrinsic_DATA_compression
S3-b5d9825b61,S-X;S-R,R,True,G,False,False,True,5,7,0.9999999999999999,-1.0,-1.0,no_intrinsic_DATA_compression
S3-ff59dc40ea,S-X;S-R,R,True,G,False,True,False,6,7,,,,control_groups_gt_5
S3-77b317afec,S-X;S-R,R,True,G,False,True,True,7,8,,,,control_groups_gt_5
S3-22bac38116,S-X;S-R,R,True,G,True,False,False,5,6,0.9999999999999999,-1.0,-0.9999999999999998,no_intrinsic_DATA_compression
S3-c8a661a11f,S-X;S-R,R,True,G,True,False,True,5,7,0.9999999999999999,-1.0,-0.9999999999999998,no_intrinsic_DATA_compression
S3-7514e7ed91,S-X;S-R,R,True,G,True,True,False,6,7,,,,control_groups_gt_5
S3-c31a053a05,S-X;S-R,R,True,G,True,True,True,7,8,,,,control_groups_gt_5
S3-431b707399,S-X;S-R,R,True,S,False,False,False,5,6,,,,DATA_and_VINIT_short_in_WRITE
S3-f5667cb2d2,S-X;S-R,R,True,S,False,False,True,5,7,,,,DATA_and_VINIT_short_in_WRITE
S3-cab24e9e98,S-X;S-R,R,True,S,False,True,False,6,7,,,,control_groups_gt_5
S3-7450eaba38,S-X;S-R,R,True,S,False,True,True,7,8,,,,control_groups_gt_5
S3-e3e340d6ec,S-X;S-R,R,True,S,True,False,False,5,6,,,,DATA_and_VINIT_short_in_WRITE
S3-fc94b72322,S-X;S-R,R,True,S,True,False,True,5,7,,,,DATA_and_VINIT_short_in_WRITE
S3-a65ca54874,S-X;S-R,R,True,S,True,True,False,6,7,,,,control_groups_gt_5
S3-e6056ee2fc,S-X;S-R,R,True,S,True,True,True,7,8,,,,control_groups_gt_5
S3-5030e466e2,S-X;S-R,R,True,X,False,False,False,5,6,-9.860761315262648e-32,-1.0,-1.0,no_intrinsic_DATA_compression
S3-eac4b6d948,S-X;S-R,R,True,X,False,False,True,5,7,-9.860761315262648e-32,-1.0,-1.0,no_intrinsic_DATA_compression
S3-244d65a16c,S-X;S-R,R,True,X,False,True,False,6,7,,,,control_groups_gt_5
S3-ce41f7c353,S-X;S-R,R,True,X,False,True,True,7,8,,,,control_groups_gt_5
S3-4e9f744872,S-X;S-R,R,True,X,True,False,False,5,6,-2.0688918156577653e-16,-1.0,-0.9999999999999998,no_intrinsic_DATA_compression
S3-83ca185ac4,S-X;S-R,R,True,X,True,False,True,5,7,-2.0688918156577653e-16,-1.0,-0.9999999999999998,no_intrinsic_DATA_compression
S3-6053200719,S-X;S-R,R,True,X,True,True,False,6,7,,,,control_groups_gt_5
S3-92ca8db5db,S-X;S-R,R,True,X,True,True,True,7,8,,,,control_groups_gt_5
S3-fdeaa59363,S-X;S-R,S,False,G,False,False,False,4,6,0.9999999999999999,-1.0,-1.0,no_intrinsic_DATA_compression
S3-1c9d5339a1,S-X;S-R,S,False,G,False,False,True,4,7,0.9999999999999999,-1.0,-1.0,no_intrinsic_DATA_compression
S3-b63794ddf1,S-X;S-R,S,False,G,False,True,False,5,7,0.9999999999999999,-1.0,-1.0,no_intrinsic_DATA_compression
S3-d1621901c6,S-X;S-R,S,False,G,False,True,True,6,8,,,,control_groups_gt_5
S3-4f3db26962,S-X;S-R,S,False,G,True,False,False,5,6,0.9999999999999999,-1.0,-1.0000000000000007,no_intrinsic_DATA_compression
S3-9e06947eab,S-X;S-R,S,False,G,True,False,True,5,7,0.9999999999999999,-1.0,-1.0000000000000007,no_intrinsic_DATA_compression
S3-ed5d37cdbc,S-X;S-R,S,False,G,True,True,False,6,7,,,,control_groups_gt_5
S3-18ec384869,S-X;S-R,S,False,G,True,True,True,7,8,,,,control_groups_gt_5
S3-e28d0dd4d5,S-X;S-R,S,False,S,False,False,False,4,6,,,,DATA_and_VINIT_short_in_WRITE
S3-451b22c819,S-X;S-R,S,False,S,False,False,True,4,7,,,,DATA_and_VINIT_short_in_WRITE
S3-9032e66997,S-X;S-R,S,False,S,False,True,False,5,7,,,,DATA_and_VINIT_short_in_WRITE
S3-a31ac346d2,S-X;S-R,S,False,S,False,True,True,6,8,,,,control_groups_gt_5
S3-61dc381253,S-X;S-R,S,False,S,True,False,False,5,6,,,,DATA_and_VINIT_short_in_WRITE
S3-e19c903336,S-X;S-R,S,False,S,True,False,True,5,7,,,,DATA_and_VINIT_short_in_WRITE
S3-4ed699e11f,S-X;S-R,S,False,S,True,True,False,6,7,,,,control_groups_gt_5
S3-fde6b05898,S-X;S-R,S,False,S,True,True,True,7,8,,,,control_groups_gt_5
S3-7e48a03e01,S-X;S-R,S,False,X,False,False,False,4,6,-9.860761315262648e-32,-1.0,-1.0,no_intrinsic_DATA_compression
S3-a354fbc874,S-X;S-R,S,False,X,False,False,True,4,7,-9.860761315262648e-32,-1.0,-1.0,no_intrinsic_DATA_compression
S3-bb86ffbfda,S-X;S-R,S,False,X,False,True,False,5,7,-9.860761315262648e-32,-1.0,-1.0,no_intrinsic_DATA_compression
S3-bf1ff3677a,S-X;S-R,S,False,X,False,True,True,6,8,,,,control_groups_gt_5
S3-06ca4755df,S-X;S-R,S,False,X,True,False,False,5,6,4.0858749848602e-16,-1.0,-1.0000000000000004,no_intrinsic_DATA_compression
S3-c9e9c11c6d,S-X;S-R,S,False,X,True,False,True,5,7,4.0858749848602e-16,-1.0,-1.0000000000000004,no_intrinsic_DATA_compression
S3-172ad3c261,S-X;S-R,S,False,X,True,True,False,6,7,,,,control_groups_gt_5
S3-519dc99134,S-X;S-R,S,False,X,True,True,True,7,8,,,,control_groups_gt_5
S3-f1304dcc76,S-X;S-R,S,True,G,False,False,False,5,6,0.9999999999999999,-1.0,-1.0,no_intrinsic_DATA_compression
S3-7d1e9dd575,S-X;S-R,S,True,G,False,False,True,5,7,0.9999999999999999,-1.0,-1.0,no_intrinsic_DATA_compression
S3-986d6785a7,S-X;S-R,S,True,G,False,True,False,6,7,,,,control_groups_gt_5
S3-403b72c957,S-X;S-R,S,True,G,False,True,True,7,8,,,,control_groups_gt_5
S3-eefd7b0c78,S-X;S-R,S,True,G,True,False,False,5,6,0.9999999999999999,-1.0,-1.0000000000000002,no_intrinsic_DATA_compression
S3-a30bdc5910,S-X;S-R,S,True,G,True,False,True,5,7,0.9999999999999999,-1.0,-1.0000000000000002,no_intrinsic_DATA_compression
S3-d3bbb2f641,S-X;S-R,S,True,G,True,True,False,6,7,,,,control_groups_gt_5
S3-83ca0814b4,S-X;S-R,S,True,G,True,True,True,7,8,,,,control_groups_gt_5
S3-c966fa7623,S-X;S-R,S,True,S,False,False,False,5,6,,,,DATA_and_VINIT_short_in_WRITE
S3-e8f79e3913,S-X;S-R,S,True,S,False,False,True,5,7,,,,DATA_and_VINIT_short_in_WRITE
S3-412d6d07d3,S-X;S-R,S,True,S,False,True,False,6,7,,,,control_groups_gt_5
S3-ace7a5bfc1,S-X;S-R,S,True,S,False,True,True,7,8,,,,control_groups_gt_5
S3-17b3a428c6,S-X;S-R,S,True,S,True,False,False,5,6,,,,DATA_and_VINIT_short_in_WRITE
S3-62660f391c,S-X;S-R,S,True,S,True,False,True,5,7,,,,DATA_and_VINIT_short_in_WRITE
S3-613cec0dbc,S-X;S-R,S,True,S,True,True,False,6,7,,,,control_groups_gt_5
S3-cb4c9c0bbe,S-X;S-R,S,True,S,True,True,True,7,8,,,,control_groups_gt_5
S3-908d718502,S-X;S-R,S,True,X,False,False,False,5,6,-9.860761315262648e-32,-1.0,-1.0,no_intrinsic_DATA_compression
S3-7a0bb70bda,S-X;S-R,S,True,X,False,False,True,5,7,-9.860761315262648e-32,-1.0,-1.0,no_intrinsic_DATA_compression
S3-246709f685,S-X;S-R,S,True,X,False,True,False,6,7,,,,control_groups_gt_5
S3-47c61e39df,S-X;S-R,S,True,X,False,True,True,7,8,,,,control_groups_gt_5
S3-ed509b1de1,S-X;S-R,S,True,X,True,False,False,5,6,4.0858749848602e-16,-1.0,-1.0000000000000004,no_intrinsic_DATA_compression
S3-d95fd2c1ea,S-X;S-R,S,True,X,True,False,True,5,7,4.0858749848602e-16,-1.0,-1.0000000000000004,no_intrinsic_DATA_compression
S3-144c34f10c,S-X;S-R,S,True,X,True,True,False,6,7,,,,control_groups_gt_5
S3-24b483faf6,S-X;S-R,S,True,X,True,True,True,7,8,,,,control_groups_gt_5
S3-9d97666248,S-X;S-R,G,False,G,False,False,False,4,6,0.9999999999999999,-1.0,-1.0,no_intrinsic_DATA_compression
S3-91831e0d85,S-X;S-R,G,False,G,False,False,True,4,7,0.9999999999999999,-1.0,-1.0,no_intrinsic_DATA_compression
S3-21ea387246,S-X;S-R,G,False,G,False,True,False,5,7,0.9999999999999999,-1.0,-1.0,no_intrinsic_DATA_compression
S3-53c0531f7d,S-X;S-R,G,False,G,False,True,True,6,8,,,,control_groups_gt_5
S3-3d84c539b9,S-X;S-R,G,False,G,True,False,False,5,6,2.0742446621574116e-17,4.440892098500626e-16,4.440892098500626e-16,no_intrinsic_DATA_compression
S3-08e21fb104,S-X;S-R,G,False,G,True,False,True,5,7,2.0742446621574116e-17,4.440892098500626e-16,4.440892098500626e-16,no_intrinsic_DATA_compression
S3-c22ca2391a,S-X;S-R,G,False,G,True,True,False,6,7,,,,control_groups_gt_5
S3-3174daaffa,S-X;S-R,G,False,G,True,True,True,7,8,,,,control_groups_gt_5
S3-47bdd85dee,S-X;S-R,G,False,S,False,False,False,4,6,,,,DATA_and_VINIT_short_in_WRITE
S3-39f4d613fa,S-X;S-R,G,False,S,False,False,True,4,7,,,,DATA_and_VINIT_short_in_WRITE
S3-c4ef560273,S-X;S-R,G,False,S,False,True,False,5,7,,,,DATA_and_VINIT_short_in_WRITE
S3-7e45e52fce,S-X;S-R,G,False,S,False,True,True,6,8,,,,control_groups_gt_5
S3-babc6aff29,S-X;S-R,G,False,S,True,False,False,5,6,,,,DATA_and_VINIT_short_in_WRITE
S3-adb925b0f3,S-X;S-R,G,False,S,True,False,True,5,7,,,,DATA_and_VINIT_short_in_WRITE
S3-1978ce8ca0,S-X;S-R,G,False,S,True,True,False,6,7,,,,control_groups_gt_5
S3-93085e6f26,S-X;S-R,G,False,S,True,True,True,7,8,,,,control_groups_gt_5
S3-7e0c835bec,S-X;S-R,G,False,X,False,False,False,4,6,-9.860761315262648e-32,-0.9999999999999999,-1.0,no_intrinsic_DATA_compression
S3-64bfbb9a17,S-X;S-R,G,False,X,False,False,True,4,7,-9.860761315262648e-32,-0.9999999999999999,-1.0,no_intrinsic_DATA_compression
S3-7f1b9e43c8,S-X;S-R,G,False,X,False,True,False,5,7,-9.860761315262648e-32,-0.9999999999999999,-1.0,no_intrinsic_DATA_compression
S3-dde678b94c,S-X;S-R,G,False,X,False,True,True,6,8,,,,control_groups_gt_5
S3-8bf8b313d5,S-X;S-R,G,False,X,True,False,False,5,6,1.0000000000000004,-1.0000000000000007,1.5543122344752192e-15,no_intrinsic_DATA_compression
S3-79e410efcc,S-X;S-R,G,False,X,True,False,True,5,7,1.0000000000000004,-1.0000000000000007,1.5543122344752192e-15,no_intrinsic_DATA_compression
S3-320ca88274,S-X;S-R,G,False,X,True,True,False,6,7,,,,control_groups_gt_5
S3-8ee7b22978,S-X;S-R,G,False,X,True,True,True,7,8,,,,control_groups_gt_5
S3-f82d774327,S-X;S-R,G,True,G,False,False,False,5,6,0.9999999999999999,-1.0,-1.0,no_intrinsic_DATA_compression
S3-5422e4c09f,S-X;S-R,G,True,G,False,False,True,5,7,0.9999999999999999,-1.0,-1.0,no_intrinsic_DATA_compression
S3-7149a627d8,S-X;S-R,G,True,G,False,True,False,6,7,,,,control_groups_gt_5
S3-abbfe9f30d,S-X;S-R,G,True,G,False,True,True,7,8,,,,control_groups_gt_5
S3-b03a6c8529,S-X;S-R,G,True,G,True,False,False,5,6,2.0742446621574116e-17,0.0,-1.1102230246251565e-15,no_intrinsic_DATA_compression
S3-5f924688f3,S-X;S-R,G,True,G,True,False,True,5,7,2.0742446621574116e-17,0.0,-1.1102230246251565e-15,no_intrinsic_DATA_compression
S3-723caa859e,S-X;S-R,G,True,G,True,True,False,6,7,,,,control_groups_gt_5
S3-ffa2f749c6,S-X;S-R,G,True,G,True,True,True,7,8,,,,control_groups_gt_5
S3-184b6261d4,S-X;S-R,G,True,S,False,False,False,5,6,,,,DATA_and_VINIT_short_in_WRITE
S3-4f1aa564a4,S-X;S-R,G,True,S,False,False,True,5,7,,,,DATA_and_VINIT_short_in_WRITE
S3-ce3d1ae3c8,S-X;S-R,G,True,S,False,True,False,6,7,,,,control_groups_gt_5
S3-0c7c49181a,S-X;S-R,G,True,S,False,True,True,7,8,,,,control_groups_gt_5
S3-91cffab7f8,S-X;S-R,G,True,S,True,False,False,5,6,,,,DATA_and_VINIT_short_in_WRITE
S3-bf5535c7ce,S-X;S-R,G,True,S,True,False,True,5,7,,,,DATA_and_VINIT_short_in_WRITE
S3-835f63770c,S-X;S-R,G,True,S,True,True,False,6,7,,,,control_groups_gt_5
S3-63a4a8542a,S-X;S-R,G,True,S,True,True,True,7,8,,,,control_groups_gt_5
S3-a34d5d6ac5,S-X;S-R,G,True,X,False,False,False,5,6,-9.860761315262648e-32,1.3322676295501878e-15,-1.0,no_intrinsic_DATA_compression
S3-c9fadb8cf6,S-X;S-R,G,True,X,False,False,True,5,7,-9.860761315262648e-32,1.3322676295501878e-15,-1.0,no_intrinsic_DATA_compression
S3-0bdb8ffe06,S-X;S-R,G,True,X,False,True,False,6,7,,,,control_groups_gt_5
S3-1651ae3e72,S-X;S-R,G,True,X,False,True,True,7,8,,,,control_groups_gt_5
S3-2ab5458ff7,S-X;S-R,G,True,X,True,False,False,5,6,1.0000000000000004,-1.0000000000000002,4.440892098500626e-16,no_intrinsic_DATA_compression
S3-346bff535e,S-X;S-R,G,True,X,True,False,True,5,7,1.0000000000000004,-1.0000000000000002,4.440892098500626e-16,no_intrinsic_DATA_compression
S3-4f6f826074,S-X;S-R,G,True,X,True,True,False,6,7,,,,control_groups_gt_5
S3-2af9b377a0,S-X;S-R,G,True,X,True,True,True,7,8,,,,control_groups_gt_5
S3-baba4ac07f,S-X;X-R,R,False,G,False,False,False,4,6,0.9999999999999999,-1.0,-1.0000000000000007,no_intrinsic_DATA_compression
S3-cdb510be62,S-X;X-R,R,False,G,False,False,True,4,7,0.9999999999999999,-1.0,-1.0000000000000007,no_intrinsic_DATA_compression
S3-1fbebaee6b,S-X;X-R,R,False,G,False,True,False,5,7,0.9999999999999999,-1.0,-1.0000000000000007,no_intrinsic_DATA_compression
S3-ea794e2ec3,S-X;X-R,R,False,G,False,True,True,6,8,,,,control_groups_gt_5
S3-7ca7735a81,S-X;X-R,R,False,G,True,False,False,5,6,0.9999999999999999,-0.9999999999999999,-0.9999999999999998,no_intrinsic_DATA_compression
S3-94cf576468,S-X;X-R,R,False,G,True,False,True,5,7,0.9999999999999999,-0.9999999999999999,-0.9999999999999998,no_intrinsic_DATA_compression
S3-a63821d257,S-X;X-R,R,False,G,True,True,False,6,7,,,,control_groups_gt_5
S3-52012d6026,S-X;X-R,R,False,G,True,True,True,7,8,,,,control_groups_gt_5
S3-ca16c93d48,S-X;X-R,R,False,S,False,False,False,4,6,,,,DATA_and_VINIT_short_in_WRITE
S3-6288dc0f47,S-X;X-R,R,False,S,False,False,True,4,7,,,,DATA_and_VINIT_short_in_WRITE
S3-a55a0e28ff,S-X;X-R,R,False,S,False,True,False,5,7,,,,DATA_and_VINIT_short_in_WRITE
S3-12b34c7e82,S-X;X-R,R,False,S,False,True,True,6,8,,,,control_groups_gt_5
S3-4031a36ee6,S-X;X-R,R,False,S,True,False,False,5,6,,,,DATA_and_VINIT_short_in_WRITE
S3-8a349a0109,S-X;X-R,R,False,S,True,False,True,5,7,,,,DATA_and_VINIT_short_in_WRITE
S3-0b9f0ea0ba,S-X;X-R,R,False,S,True,True,False,6,7,,,,control_groups_gt_5
S3-8f513378b5,S-X;X-R,R,False,S,True,True,True,7,8,,,,control_groups_gt_5
S3-025f522532,S-X;X-R,R,False,X,False,False,False,4,6,1.4791141972893971e-31,-1.0,-1.0000000000000009,no_intrinsic_DATA_compression
S3-a426b8bb4a,S-X;X-R,R,False,X,False,False,True,4,7,1.4791141972893971e-31,-1.0,-1.0000000000000009,no_intrinsic_DATA_compression
S3-20c0d5c7e2,S-X;X-R,R,False,X,False,True,False,5,7,1.4791141972893971e-31,-1.0,-1.0000000000000009,no_intrinsic_DATA_compression
S3-7a4a96f303,S-X;X-R,R,False,X,False,True,True,6,8,,,,control_groups_gt_5
S3-ff99248c54,S-X;X-R,R,False,X,True,False,False,5,6,1.5026934545224956e-16,-1.0,-1.0,no_intrinsic_DATA_compression
S3-24531df3bd,S-X;X-R,R,False,X,True,False,True,5,7,1.5026934545224956e-16,-1.0,-1.0,no_intrinsic_DATA_compression
S3-1f54149189,S-X;X-R,R,False,X,True,True,False,6,7,,,,control_groups_gt_5
S3-3dd2ec469c,S-X;X-R,R,False,X,True,True,True,7,8,,,,control_groups_gt_5
S3-755b165774,S-X;X-R,R,True,G,False,False,False,5,6,0.9999999999999999,-1.0,-1.0000000000000007,no_intrinsic_DATA_compression
S3-dcc847d1ba,S-X;X-R,R,True,G,False,False,True,5,7,0.9999999999999999,-1.0,-1.0000000000000007,no_intrinsic_DATA_compression
S3-f1effb53a9,S-X;X-R,R,True,G,False,True,False,6,7,,,,control_groups_gt_5
S3-ed2eeb5755,S-X;X-R,R,True,G,False,True,True,7,8,,,,control_groups_gt_5
S3-1d7d9611dc,S-X;X-R,R,True,G,True,False,False,5,6,0.9999999999999999,-1.0,-1.0000000000000004,no_intrinsic_DATA_compression
S3-8e3b738c1e,S-X;X-R,R,True,G,True,False,True,5,7,0.9999999999999999,-1.0,-1.0000000000000004,no_intrinsic_DATA_compression
S3-97c2ccad7b,S-X;X-R,R,True,G,True,True,False,6,7,,,,control_groups_gt_5
S3-97865b7b46,S-X;X-R,R,True,G,True,True,True,7,8,,,,control_groups_gt_5
S3-da53225623,S-X;X-R,R,True,S,False,False,False,5,6,,,,DATA_and_VINIT_short_in_WRITE
S3-9a74afff86,S-X;X-R,R,True,S,False,False,True,5,7,,,,DATA_and_VINIT_short_in_WRITE
S3-3181758a20,S-X;X-R,R,True,S,False,True,False,6,7,,,,control_groups_gt_5
S3-efa8560eba,S-X;X-R,R,True,S,False,True,True,7,8,,,,control_groups_gt_5
S3-e48899834b,S-X;X-R,R,True,S,True,False,False,5,6,,,,DATA_and_VINIT_short_in_WRITE
S3-1ae22ecae2,S-X;X-R,R,True,S,True,False,True,5,7,,,,DATA_and_VINIT_short_in_WRITE
S3-89b8bb545f,S-X;X-R,R,True,S,True,True,False,6,7,,,,control_groups_gt_5
S3-7284a0d9a1,S-X;X-R,R,True,S,True,True,True,7,8,,,,control_groups_gt_5
S3-7fbc51d3d9,S-X;X-R,R,True,X,False,False,False,5,6,1.4791141972893971e-31,-1.0,-1.0000000000000004,no_intrinsic_DATA_compression
S3-f5cb984496,S-X;X-R,R,True,X,False,False,True,5,7,1.4791141972893971e-31,-1.0,-1.0000000000000004,no_intrinsic_DATA_compression
S3-47f47a5097,S-X;X-R,R,True,X,False,True,False,6,7,,,,control_groups_gt_5
S3-b916f0a5a1,S-X;X-R,R,True,X,False,True,True,7,8,,,,control_groups_gt_5
S3-94dc39166c,S-X;X-R,R,True,X,True,False,False,5,6,1.5026934545224956e-16,-1.0,-1.0000000000000004,no_intrinsic_DATA_compression
S3-c53fce3eee,S-X;X-R,R,True,X,True,False,True,5,7,1.5026934545224956e-16,-1.0,-1.0000000000000004,no_intrinsic_DATA_compression
S3-3dead5b627,S-X;X-R,R,True,X,True,True,False,6,7,,,,control_groups_gt_5
S3-dd5752eac2,S-X;X-R,R,True,X,True,True,True,7,8,,,,control_groups_gt_5
S3-5c73ce44c5,S-X;X-R,S,False,G,False,False,False,4,6,0.9999999999999999,-1.0,-1.0000000000000007,no_intrinsic_DATA_compression
S3-31a990f22f,S-X;X-R,S,False,G,False,False,True,4,7,0.9999999999999999,-1.0,-1.0000000000000007,no_intrinsic_DATA_compression
S3-0ae59f1e16,S-X;X-R,S,False,G,False,True,False,5,7,0.9999999999999999,-1.0,-1.0000000000000007,no_intrinsic_DATA_compression
S3-18e8cd454c,S-X;X-R,S,False,G,False,True,True,6,8,,,,control_groups_gt_5
S3-012ca03366,S-X;X-R,S,False,G,True,False,False,5,6,0.9999999999999999,-1.0,-0.9999999999999999,no_intrinsic_DATA_compression
S3-b723e24aab,S-X;X-R,S,False,G,True,False,True,5,7,0.9999999999999999,-1.0,-0.9999999999999999,no_intrinsic_DATA_compression
S3-4d31f6da92,S-X;X-R,S,False,G,True,True,False,6,7,,,,control_groups_gt_5
S3-8442e1a894,S-X;X-R,S,False,G,True,True,True,7,8,,,,control_groups_gt_5
S3-7bb34c3158,S-X;X-R,S,False,S,False,False,False,4,6,,,,DATA_and_VINIT_short_in_WRITE
S3-7576278dcb,S-X;X-R,S,False,S,False,False,True,4,7,,,,DATA_and_VINIT_short_in_WRITE
S3-b6c9ec68a9,S-X;X-R,S,False,S,False,True,False,5,7,,,,DATA_and_VINIT_short_in_WRITE
S3-0d0588453f,S-X;X-R,S,False,S,False,True,True,6,8,,,,control_groups_gt_5
S3-07cfa85293,S-X;X-R,S,False,S,True,False,False,5,6,,,,DATA_and_VINIT_short_in_WRITE
S3-08ffa19ae9,S-X;X-R,S,False,S,True,False,True,5,7,,,,DATA_and_VINIT_short_in_WRITE
S3-b51c3012d0,S-X;X-R,S,False,S,True,True,False,6,7,,,,control_groups_gt_5
S3-b35bca90bd,S-X;X-R,S,False,S,True,True,True,7,8,,,,control_groups_gt_5
S3-5989c984bd,S-X;X-R,S,False,X,False,False,False,4,6,1.4791141972893971e-31,-1.0,-1.0000000000000009,no_intrinsic_DATA_compression
S3-6935ae2971,S-X;X-R,S,False,X,False,False,True,4,7,1.4791141972893971e-31,-1.0,-1.0000000000000009,no_intrinsic_DATA_compression
S3-72e7af722a,S-X;X-R,S,False,X,False,True,False,5,7,1.4791141972893971e-31,-1.0,-1.0000000000000009,no_intrinsic_DATA_compression
S3-cd4263ff92,S-X;X-R,S,False,X,False,True,True,6,8,,,,control_groups_gt_5
S3-78d3fba87c,S-X;X-R,S,False,X,True,False,False,5,6,4.169686975837125e-17,-1.0,-0.9999999999999996,no_intrinsic_DATA_compression
S3-d1df105d10,S-X;X-R,S,False,X,True,False,True,5,7,4.169686975837125e-17,-1.0,-0.9999999999999996,no_intrinsic_DATA_compression
S3-3efab1ad2e,S-X;X-R,S,False,X,True,True,False,6,7,,,,control_groups_gt_5
S3-e5017c7771,S-X;X-R,S,False,X,True,True,True,7,8,,,,control_groups_gt_5
S3-ed1377e737,S-X;X-R,S,True,G,False,False,False,5,6,0.9999999999999999,-1.0,-1.0000000000000007,no_intrinsic_DATA_compression
S3-aa5269413a,S-X;X-R,S,True,G,False,False,True,5,7,0.9999999999999999,-1.0,-1.0000000000000007,no_intrinsic_DATA_compression
S3-3572116cd4,S-X;X-R,S,True,G,False,True,False,6,7,,,,control_groups_gt_5
S3-1f032b8994,S-X;X-R,S,True,G,False,True,True,7,8,,,,control_groups_gt_5
S3-ebebbb7482,S-X;X-R,S,True,G,True,False,False,5,6,0.9999999999999999,-1.0,-0.9999999999999998,no_intrinsic_DATA_compression
S3-a940d0fe17,S-X;X-R,S,True,G,True,False,True,5,7,0.9999999999999999,-1.0,-0.9999999999999998,no_intrinsic_DATA_compression
S3-419dc21209,S-X;X-R,S,True,G,True,True,False,6,7,,,,control_groups_gt_5
S3-baefac4046,S-X;X-R,S,True,G,True,True,True,7,8,,,,control_groups_gt_5
S3-3198f237e3,S-X;X-R,S,True,S,False,False,False,5,6,,,,DATA_and_VINIT_short_in_WRITE
S3-2c5ae919dc,S-X;X-R,S,True,S,False,False,True,5,7,,,,DATA_and_VINIT_short_in_WRITE
S3-edb8d0af28,S-X;X-R,S,True,S,False,True,False,6,7,,,,control_groups_gt_5
S3-3fdde3c450,S-X;X-R,S,True,S,False,True,True,7,8,,,,control_groups_gt_5
S3-18e6277663,S-X;X-R,S,True,S,True,False,False,5,6,,,,DATA_and_VINIT_short_in_WRITE
S3-8ebc31b02b,S-X;X-R,S,True,S,True,False,True,5,7,,,,DATA_and_VINIT_short_in_WRITE
S3-d515914bae,S-X;X-R,S,True,S,True,True,False,6,7,,,,control_groups_gt_5
S3-d0b467aefc,S-X;X-R,S,True,S,True,True,True,7,8,,,,control_groups_gt_5
S3-8a02e7b9c5,S-X;X-R,S,True,X,False,False,False,5,6,1.4791141972893971e-31,-1.0,-1.0000000000000007,no_intrinsic_DATA_compression
S3-cafbc34a71,S-X;X-R,S,True,X,False,False,True,5,7,1.4791141972893971e-31,-1.0,-1.0000000000000007,no_intrinsic_DATA_compression
S3-20cadecc60,S-X;X-R,S,True,X,False,True,False,6,7,,,,control_groups_gt_5
S3-8327e8c1e6,S-X;X-R,S,True,X,False,True,True,7,8,,,,control_groups_gt_5
S3-6438dcec0d,S-X;X-R,S,True,X,True,False,False,5,6,4.169686975837125e-17,-1.0,-0.9999999999999998,no_intrinsic_DATA_compression
S3-81072f58eb,S-X;X-R,S,True,X,True,False,True,5,7,4.169686975837125e-17,-1.0,-0.9999999999999998,no_intrinsic_DATA_compression
S3-8cca4ac505,S-X;X-R,S,True,X,True,True,False,6,7,,,,control_groups_gt_5
S3-dad19cff7e,S-X;X-R,S,True,X,True,True,True,7,8,,,,control_groups_gt_5
S3-d43245c568,S-X;X-R,G,False,G,False,False,False,4,6,0.9999999999999999,-1.0,-1.0000000000000007,no_intrinsic_DATA_compression
S3-2f03f66f4b,S-X;X-R,G,False,G,False,False,True,4,7,0.9999999999999999,-1.0,-1.0000000000000007,no_intrinsic_DATA_compression
S3-e0e8084172,S-X;X-R,G,False,G,False,True,False,5,7,0.9999999999999999,-1.0,-1.0000000000000007,no_intrinsic_DATA_compression
S3-63f00465e5,S-X;X-R,G,False,G,False,True,True,6,8,,,,control_groups_gt_5
S3-66400c84fe,S-X;X-R,G,False,G,True,False,False,5,6,-5.753443016168713e-16,-0.23076923076923017,-0.23076923076923095,no_intrinsic_DATA_compression
S3-802fad36e4,S-X;X-R,G,False,G,True,False,True,5,7,-5.753443016168713e-16,-0.23076923076923017,-0.23076923076923095,no_intrinsic_DATA_compression
S3-95637d0173,S-X;X-R,G,False,G,True,True,False,6,7,,,,control_groups_gt_5
S3-2a87770cac,S-X;X-R,G,False,G,True,True,True,7,8,,,,control_groups_gt_5
S3-04a1890dd2,S-X;X-R,G,False,S,False,False,False,4,6,,,,DATA_and_VINIT_short_in_WRITE
S3-70982704e0,S-X;X-R,G,False,S,False,False,True,4,7,,,,DATA_and_VINIT_short_in_WRITE
S3-0a21ac9311,S-X;X-R,G,False,S,False,True,False,5,7,,,,DATA_and_VINIT_short_in_WRITE
S3-777ca11ec7,S-X;X-R,G,False,S,False,True,True,6,8,,,,control_groups_gt_5
S3-41bf7f3aa5,S-X;X-R,G,False,S,True,False,False,5,6,,,,DATA_and_VINIT_short_in_WRITE
S3-c973a5bdc5,S-X;X-R,G,False,S,True,False,True,5,7,,,,DATA_and_VINIT_short_in_WRITE
S3-c44e7f00ab,S-X;X-R,G,False,S,True,True,False,6,7,,,,control_groups_gt_5
S3-3532607fa6,S-X;X-R,G,False,S,True,True,True,7,8,,,,control_groups_gt_5
S3-0625925b8f,S-X;X-R,G,False,X,False,False,False,4,6,1.4791141972893971e-31,-0.9999999999999997,-1.0000000000000009,no_intrinsic_DATA_compression
S3-7cd1cb9233,S-X;X-R,G,False,X,False,False,True,4,7,1.4791141972893971e-31,-0.9999999999999997,-1.0000000000000009,no_intrinsic_DATA_compression
S3-7235349d0e,S-X;X-R,G,False,X,False,True,False,5,7,1.4791141972893971e-31,-0.9999999999999997,-1.0000000000000009,no_intrinsic_DATA_compression
S3-1ab38657cd,S-X;X-R,G,False,X,False,True,True,6,8,,,,control_groups_gt_5
S3-7c8b80f3f0,S-X;X-R,G,False,X,True,False,False,5,6,1.0000000000000004,-1.0,-0.23076923076923128,no_intrinsic_DATA_compression
S3-6118a52b2e,S-X;X-R,G,False,X,True,False,True,5,7,1.0000000000000004,-1.0,-0.23076923076923128,no_intrinsic_DATA_compression
S3-1d868772e1,S-X;X-R,G,False,X,True,True,False,6,7,,,,control_groups_gt_5
S3-b0757bd140,S-X;X-R,G,False,X,True,True,True,7,8,,,,control_groups_gt_5
S3-a4a21bf85a,S-X;X-R,G,True,G,False,False,False,5,6,0.9999999999999999,-0.9999999999999999,-1.0000000000000007,no_intrinsic_DATA_compression
S3-be3066eb42,S-X;X-R,G,True,G,False,False,True,5,7,0.9999999999999999,-0.9999999999999999,-1.0000000000000007,no_intrinsic_DATA_compression
S3-51147f5a90,S-X;X-R,G,True,G,False,True,False,6,7,,,,control_groups_gt_5
S3-5562084635,S-X;X-R,G,True,G,False,True,True,7,8,,,,control_groups_gt_5
S3-8fa18828d8,S-X;X-R,G,True,G,True,False,False,5,6,-5.753443016168713e-16,-0.2307692307692294,-0.23076923076922995,no_intrinsic_DATA_compression
S3-4f7c9fb5a3,S-X;X-R,G,True,G,True,False,True,5,7,-5.753443016168713e-16,-0.2307692307692294,-0.23076923076922995,no_intrinsic_DATA_compression
S3-269d0e6ada,S-X;X-R,G,True,G,True,True,False,6,7,,,,control_groups_gt_5
S3-93bab019bd,S-X;X-R,G,True,G,True,True,True,7,8,,,,control_groups_gt_5
S3-0f20133b46,S-X;X-R,G,True,S,False,False,False,5,6,,,,DATA_and_VINIT_short_in_WRITE
S3-09c0ff0991,S-X;X-R,G,True,S,False,False,True,5,7,,,,DATA_and_VINIT_short_in_WRITE
S3-ecf6b030ca,S-X;X-R,G,True,S,False,True,False,6,7,,,,control_groups_gt_5
S3-f55fa9f379,S-X;X-R,G,True,S,False,True,True,7,8,,,,control_groups_gt_5
S3-8fcba8c004,S-X;X-R,G,True,S,True,False,False,5,6,,,,DATA_and_VINIT_short_in_WRITE
S3-a31feb29ba,S-X;X-R,G,True,S,True,False,True,5,7,,,,DATA_and_VINIT_short_in_WRITE
S3-297d9dbfcc,S-X;X-R,G,True,S,True,True,False,6,7,,,,control_groups_gt_5
S3-c13091a8a9,S-X;X-R,G,True,S,True,True,True,7,8,,,,control_groups_gt_5
S3-bc389bd18a,S-X;X-R,G,True,X,False,False,False,5,6,1.4791141972893971e-31,-0.23076923076922962,-1.0000000000000009,no_intrinsic_DATA_compression
S3-180fec3df2,S-X;X-R,G,True,X,False,False,True,5,7,1.4791141972893971e-31,-0.23076923076922962,-1.0000000000000009,no_intrinsic_DATA_compression
S3-6c73116ca3,S-X;X-R,G,True,X,False,True,False,6,7,,,,control_groups_gt_5
S3-ff0bb6c691,S-X;X-R,G,True,X,False,True,True,7,8,,,,control_groups_gt_5
S3-d16f138224,S-X;X-R,G,True,X,True,False,False,5,6,1.0000000000000004,-1.0000000000000002,-0.2307692307692304,no_intrinsic_DATA_compression
S3-7da9476a40,S-X;X-R,G,True,X,True,False,True,5,7,1.0000000000000004,-1.0000000000000002,-0.2307692307692304,no_intrinsic_DATA_compression
S3-fac530cb44,S-X;X-R,G,True,X,True,True,False,6,7,,,,control_groups_gt_5
S3-2ec01ed131,S-X;X-R,G,True,X,True,True,True,7,8,,,,control_groups_gt_5
S3-720c1a2570,S-R;X-R,R,False,G,False,False,False,4,6,1.0,-1.0,-0.9999999999999998,no_intrinsic_DATA_compression
S3-c49bf0ca47,S-R;X-R,R,False,G,False,False,True,4,7,1.0,-1.0,-0.9999999999999998,no_intrinsic_DATA_compression
S3-dc8b2a6418,S-R;X-R,R,False,G,False,True,False,5,7,1.0,-1.0,-0.9999999999999998,no_intrinsic_DATA_compression
S3-809adc27a3,S-R;X-R,R,False,G,False,True,True,6,8,,,,control_groups_gt_5
S3-8bef0e023c,S-R;X-R,R,False,G,True,False,False,5,6,1.0,-1.0,-0.9999999999999998,no_intrinsic_DATA_compression
S3-61da22f6d6,S-R;X-R,R,False,G,True,False,True,5,7,1.0,-1.0,-0.9999999999999998,no_intrinsic_DATA_compression
S3-3542ed699a,S-R;X-R,R,False,G,True,True,False,6,7,,,,control_groups_gt_5
S3-3d6609e647,S-R;X-R,R,False,G,True,True,True,7,8,,,,control_groups_gt_5
S3-5fcd525e2d,S-R;X-R,R,False,S,False,False,False,4,6,,,,DATA_and_VINIT_short_in_WRITE
S3-863f2e0d89,S-R;X-R,R,False,S,False,False,True,4,7,,,,DATA_and_VINIT_short_in_WRITE
S3-e6560be362,S-R;X-R,R,False,S,False,True,False,5,7,,,,DATA_and_VINIT_short_in_WRITE
S3-1b67a3f035,S-R;X-R,R,False,S,False,True,True,6,8,,,,control_groups_gt_5
S3-72dd2ba01d,S-R;X-R,R,False,S,True,False,False,5,6,,,,DATA_and_VINIT_short_in_WRITE
S3-2d211b9aaf,S-R;X-R,R,False,S,True,False,True,5,7,,,,DATA_and_VINIT_short_in_WRITE
S3-2bb9248eb6,S-R;X-R,R,False,S,True,True,False,6,7,,,,control_groups_gt_5
S3-f219620ba8,S-R;X-R,R,False,S,True,True,True,7,8,,,,control_groups_gt_5
S3-6037ac2add,S-R;X-R,R,False,X,False,False,False,4,6,0.0,-1.0,-0.9999999999999996,no_intrinsic_DATA_compression
S3-5a18d4d830,S-R;X-R,R,False,X,False,False,True,4,7,0.0,-1.0,-0.9999999999999996,no_intrinsic_DATA_compression
S3-12c1870a95,S-R;X-R,R,False,X,False,True,False,5,7,0.0,-1.0,-0.9999999999999996,no_intrinsic_DATA_compression
S3-361f1034bb,S-R;X-R,R,False,X,False,True,True,6,8,,,,control_groups_gt_5
S3-c5eb7b6dd9,S-R;X-R,R,False,X,True,False,False,5,6,0.0,-1.0,-0.9999999999999996,no_intrinsic_DATA_compression
S3-0f8cd587ac,S-R;X-R,R,False,X,True,False,True,5,7,0.0,-1.0,-0.9999999999999996,no_intrinsic_DATA_compression
S3-da4bd5c9a7,S-R;X-R,R,False,X,True,True,False,6,7,,,,control_groups_gt_5
S3-dfb5c5445d,S-R;X-R,R,False,X,True,True,True,7,8,,,,control_groups_gt_5
S3-bf8ceab18e,S-R;X-R,R,True,G,False,False,False,5,6,1.0,-1.0,-0.9999999999999998,no_intrinsic_DATA_compression
S3-5a8e270bee,S-R;X-R,R,True,G,False,False,True,5,7,1.0,-1.0,-0.9999999999999998,no_intrinsic_DATA_compression
S3-50c4e1f581,S-R;X-R,R,True,G,False,True,False,6,7,,,,control_groups_gt_5
S3-0b839c538c,S-R;X-R,R,True,G,False,True,True,7,8,,,,control_groups_gt_5
S3-01c6686b64,S-R;X-R,R,True,G,True,False,False,5,6,1.0,-1.0,-0.9999999999999998,no_intrinsic_DATA_compression
S3-dfbd407f6b,S-R;X-R,R,True,G,True,False,True,5,7,1.0,-1.0,-0.9999999999999998,no_intrinsic_DATA_compression
S3-eb9f79f902,S-R;X-R,R,True,G,True,True,False,6,7,,,,control_groups_gt_5
S3-cd2e1ae918,S-R;X-R,R,True,G,True,True,True,7,8,,,,control_groups_gt_5
S3-20279e480d,S-R;X-R,R,True,S,False,False,False,5,6,,,,DATA_and_VINIT_short_in_WRITE
S3-1b879af74d,S-R;X-R,R,True,S,False,False,True,5,7,,,,DATA_and_VINIT_short_in_WRITE
S3-5c70353ca5,S-R;X-R,R,True,S,False,True,False,6,7,,,,control_groups_gt_5
S3-aad652f314,S-R;X-R,R,True,S,False,True,True,7,8,,,,control_groups_gt_5
S3-13c2ed324d,S-R;X-R,R,True,S,True,False,False,5,6,,,,DATA_and_VINIT_short_in_WRITE
S3-527aec55c8,S-R;X-R,R,True,S,True,False,True,5,7,,,,DATA_and_VINIT_short_in_WRITE
S3-97f0e419b6,S-R;X-R,R,True,S,True,True,False,6,7,,,,control_groups_gt_5
S3-3317206186,S-R;X-R,R,True,S,True,True,True,7,8,,,,control_groups_gt_5
S3-f00d71f801,S-R;X-R,R,True,X,False,False,False,5,6,0.0,-1.0,-0.9999999999999996,no_intrinsic_DATA_compression
S3-0389c4eb89,S-R;X-R,R,True,X,False,False,True,5,7,0.0,-1.0,-0.9999999999999996,no_intrinsic_DATA_compression
S3-88a2723764,S-R;X-R,R,True,X,False,True,False,6,7,,,,control_groups_gt_5
S3-49aab18290,S-R;X-R,R,True,X,False,True,True,7,8,,,,control_groups_gt_5
S3-544116a691,S-R;X-R,R,True,X,True,False,False,5,6,0.0,-1.0,-0.9999999999999996,no_intrinsic_DATA_compression
S3-d80cfec970,S-R;X-R,R,True,X,True,False,True,5,7,0.0,-1.0,-0.9999999999999996,no_intrinsic_DATA_compression
S3-ea65d71150,S-R;X-R,R,True,X,True,True,False,6,7,,,,control_groups_gt_5
S3-9c4b343b13,S-R;X-R,R,True,X,True,True,True,7,8,,,,control_groups_gt_5
S3-ad61f04f04,S-R;X-R,S,False,G,False,False,False,4,6,1.0,-1.0,-0.9999999999999998,no_intrinsic_DATA_compression
S3-f5769d7fef,S-R;X-R,S,False,G,False,False,True,4,7,1.0,-1.0,-0.9999999999999998,no_intrinsic_DATA_compression
S3-79c0894361,S-R;X-R,S,False,G,False,True,False,5,7,1.0,-1.0,-0.9999999999999998,no_intrinsic_DATA_compression
S3-734e7e84f7,S-R;X-R,S,False,G,False,True,True,6,8,,,,control_groups_gt_5
S3-cbe9390355,S-R;X-R,S,False,G,True,False,False,5,6,1.0,-1.0000000000000024,-1.0000000000000062,no_intrinsic_DATA_compression
S3-132802b3e7,S-R;X-R,S,False,G,True,False,True,5,7,1.0,-1.0000000000000024,-1.0000000000000062,no_intrinsic_DATA_compression
S3-55014f8e79,S-R;X-R,S,False,G,True,True,False,6,7,,,,control_groups_gt_5
S3-ebdf569987,S-R;X-R,S,False,G,True,True,True,7,8,,,,control_groups_gt_5
S3-5d743a9a85,S-R;X-R,S,False,S,False,False,False,4,6,,,,DATA_and_VINIT_short_in_WRITE
S3-ec7bbe950e,S-R;X-R,S,False,S,False,False,True,4,7,,,,DATA_and_VINIT_short_in_WRITE
S3-20d77e33f0,S-R;X-R,S,False,S,False,True,False,5,7,,,,DATA_and_VINIT_short_in_WRITE
S3-f8f3c22567,S-R;X-R,S,False,S,False,True,True,6,8,,,,control_groups_gt_5
S3-a4620527f9,S-R;X-R,S,False,S,True,False,False,5,6,,,,DATA_and_VINIT_short_in_WRITE
S3-66bd17c8cf,S-R;X-R,S,False,S,True,False,True,5,7,,,,DATA_and_VINIT_short_in_WRITE
S3-d074f6afc4,S-R;X-R,S,False,S,True,True,False,6,7,,,,control_groups_gt_5
S3-6b812cf741,S-R;X-R,S,False,S,True,True,True,7,8,,,,control_groups_gt_5
S3-812e69ab1f,S-R;X-R,S,False,X,False,False,False,4,6,0.0,-1.0,-0.9999999999999996,no_intrinsic_DATA_compression
S3-e597b3c52a,S-R;X-R,S,False,X,False,False,True,4,7,0.0,-1.0,-0.9999999999999996,no_intrinsic_DATA_compression
S3-590d2676cb,S-R;X-R,S,False,X,False,True,False,5,7,0.0,-1.0,-0.9999999999999996,no_intrinsic_DATA_compression
S3-d3b938e0d0,S-R;X-R,S,False,X,False,True,True,6,8,,,,control_groups_gt_5
S3-90cbf9f216,S-R;X-R,S,False,X,True,False,False,5,6,2.5959996266178118e-15,-1.0,-1.0000000000000058,no_intrinsic_DATA_compression
S3-aadc9fb015,S-R;X-R,S,False,X,True,False,True,5,7,2.5959996266178118e-15,-1.0,-1.0000000000000058,no_intrinsic_DATA_compression
S3-8f3c779fe3,S-R;X-R,S,False,X,True,True,False,6,7,,,,control_groups_gt_5
S3-f780cd9ae8,S-R;X-R,S,False,X,True,True,True,7,8,,,,control_groups_gt_5
S3-ed326f333e,S-R;X-R,S,True,G,False,False,False,5,6,1.0,-1.0,-0.9999999999999998,no_intrinsic_DATA_compression
S3-62a262a8db,S-R;X-R,S,True,G,False,False,True,5,7,1.0,-1.0,-0.9999999999999998,no_intrinsic_DATA_compression
S3-a33f0c85c3,S-R;X-R,S,True,G,False,True,False,6,7,,,,control_groups_gt_5
S3-446b6c49fe,S-R;X-R,S,True,G,False,True,True,7,8,,,,control_groups_gt_5
S3-061c9a4193,S-R;X-R,S,True,G,True,False,False,5,6,1.0,-1.0,-1.0000000000000058,no_intrinsic_DATA_compression
S3-d95025c1ce,S-R;X-R,S,True,G,True,False,True,5,7,1.0,-1.0,-1.0000000000000058,no_intrinsic_DATA_compression
S3-775df4b78f,S-R;X-R,S,True,G,True,True,False,6,7,,,,control_groups_gt_5
S3-98da5607db,S-R;X-R,S,True,G,True,True,True,7,8,,,,control_groups_gt_5
S3-f2e5eb1f0a,S-R;X-R,S,True,S,False,False,False,5,6,,,,DATA_and_VINIT_short_in_WRITE
S3-b42260eea3,S-R;X-R,S,True,S,False,False,True,5,7,,,,DATA_and_VINIT_short_in_WRITE
S3-e4443f67c7,S-R;X-R,S,True,S,False,True,False,6,7,,,,control_groups_gt_5
S3-373ee73632,S-R;X-R,S,True,S,False,True,True,7,8,,,,control_groups_gt_5
S3-961ee70602,S-R;X-R,S,True,S,True,False,False,5,6,,,,DATA_and_VINIT_short_in_WRITE
S3-c924af72e0,S-R;X-R,S,True,S,True,False,True,5,7,,,,DATA_and_VINIT_short_in_WRITE
S3-8ae79b9a21,S-R;X-R,S,True,S,True,True,False,6,7,,,,control_groups_gt_5
S3-3dad9271f2,S-R;X-R,S,True,S,True,True,True,7,8,,,,control_groups_gt_5
S3-73fba2fb93,S-R;X-R,S,True,X,False,False,False,5,6,0.0,-1.0,-0.9999999999999996,no_intrinsic_DATA_compression
S3-c50f4d9413,S-R;X-R,S,True,X,False,False,True,5,7,0.0,-1.0,-0.9999999999999996,no_intrinsic_DATA_compression
S3-ad92a759f7,S-R;X-R,S,True,X,False,True,False,6,7,,,,control_groups_gt_5
S3-2317e98a7d,S-R;X-R,S,True,X,False,True,True,7,8,,,,control_groups_gt_5
S3-d0fed13cef,S-R;X-R,S,True,X,True,False,False,5,6,2.5959996266178118e-15,-1.0,-1.000000000000006,no_intrinsic_DATA_compression
S3-0e44008153,S-R;X-R,S,True,X,True,False,True,5,7,2.5959996266178118e-15,-1.0,-1.000000000000006,no_intrinsic_DATA_compression
S3-1276cc0d2b,S-R;X-R,S,True,X,True,True,False,6,7,,,,control_groups_gt_5
S3-1b042aa9ba,S-R;X-R,S,True,X,True,True,True,7,8,,,,control_groups_gt_5
S3-fcf6fc29e5,S-R;X-R,G,False,G,False,False,False,4,6,1.0,-1.0,-0.9999999999999998,no_intrinsic_DATA_compression
S3-c6cee58734,S-R;X-R,G,False,G,False,False,True,4,7,1.0,-1.0,-0.9999999999999998,no_intrinsic_DATA_compression
S3-b833ba56d6,S-R;X-R,G,False,G,False,True,False,5,7,1.0,-1.0,-0.9999999999999998,no_intrinsic_DATA_compression
S3-88b273e018,S-R;X-R,G,False,G,False,True,True,6,8,,,,control_groups_gt_5
S3-fc2e07ae87,S-R;X-R,G,False,G,True,False,False,5,6,-2.220446049250313e-16,-1.0000000000000004,-0.9999999999999996,no_intrinsic_DATA_compression
S3-57d05e9ca0,S-R;X-R,G,False,G,True,False,True,5,7,-2.220446049250313e-16,-1.0000000000000004,-0.9999999999999996,no_intrinsic_DATA_compression
S3-6e805fdece,S-R;X-R,G,False,G,True,True,False,6,7,,,,control_groups_gt_5
S3-7ab6634df8,S-R;X-R,G,False,G,True,True,True,7,8,,,,control_groups_gt_5
S3-9effdac11a,S-R;X-R,G,False,S,False,False,False,4,6,,,,DATA_and_VINIT_short_in_WRITE
S3-e5d60e017a,S-R;X-R,G,False,S,False,False,True,4,7,,,,DATA_and_VINIT_short_in_WRITE
S3-eef9c7bd3f,S-R;X-R,G,False,S,False,True,False,5,7,,,,DATA_and_VINIT_short_in_WRITE
S3-58f7d111cd,S-R;X-R,G,False,S,False,True,True,6,8,,,,control_groups_gt_5
S3-9060c15757,S-R;X-R,G,False,S,True,False,False,5,6,,,,DATA_and_VINIT_short_in_WRITE
S3-d01ab449c2,S-R;X-R,G,False,S,True,False,True,5,7,,,,DATA_and_VINIT_short_in_WRITE
S3-4762ae33be,S-R;X-R,G,False,S,True,True,False,6,7,,,,control_groups_gt_5
S3-8f1dc64b76,S-R;X-R,G,False,S,True,True,True,7,8,,,,control_groups_gt_5
S3-4d49023d5c,S-R;X-R,G,False,X,False,False,False,4,6,0.0,-1.0000000000000002,-0.9999999999999996,no_intrinsic_DATA_compression
S3-b03769597a,S-R;X-R,G,False,X,False,False,True,4,7,0.0,-1.0000000000000002,-0.9999999999999996,no_intrinsic_DATA_compression
S3-ae043b741a,S-R;X-R,G,False,X,False,True,False,5,7,0.0,-1.0000000000000002,-0.9999999999999996,no_intrinsic_DATA_compression
S3-a9e3c91d54,S-R;X-R,G,False,X,False,True,True,6,8,,,,control_groups_gt_5
S3-fd638cf3b9,S-R;X-R,G,False,X,True,False,False,5,6,1.0000000000000002,-1.0,-1.0,no_intrinsic_DATA_compression
S3-d5d834094f,S-R;X-R,G,False,X,True,False,True,5,7,1.0000000000000002,-1.0,-1.0,no_intrinsic_DATA_compression
S3-8b56805520,S-R;X-R,G,False,X,True,True,False,6,7,,,,control_groups_gt_5
S3-009535bc50,S-R;X-R,G,False,X,True,True,True,7,8,,,,control_groups_gt_5
S3-8474c30387,S-R;X-R,G,True,G,False,False,False,5,6,1.0,-1.0,-0.9999999999999998,no_intrinsic_DATA_compression
S3-ea6cbaeec7,S-R;X-R,G,True,G,False,False,True,5,7,1.0,-1.0,-0.9999999999999998,no_intrinsic_DATA_compression
S3-85d25e6aa7,S-R;X-R,G,True,G,False,True,False,6,7,,,,control_groups_gt_5
S3-256a78474a,S-R;X-R,G,True,G,False,True,True,7,8,,,,control_groups_gt_5
S3-b6c62b348c,S-R;X-R,G,True,G,True,False,False,5,6,-2.220446049250313e-16,-1.0000000000000004,-1.0,no_intrinsic_DATA_compression
S3-4919f465e6,S-R;X-R,G,True,G,True,False,True,5,7,-2.220446049250313e-16,-1.0000000000000004,-1.0,no_intrinsic_DATA_compression
S3-51334f3159,S-R;X-R,G,True,G,True,True,False,6,7,,,,control_groups_gt_5
S3-30ebd0c323,S-R;X-R,G,True,G,True,True,True,7,8,,,,control_groups_gt_5
S3-31677faa79,S-R;X-R,G,True,S,False,False,False,5,6,,,,DATA_and_VINIT_short_in_WRITE
S3-4d8c195096,S-R;X-R,G,True,S,False,False,True,5,7,,,,DATA_and_VINIT_short_in_WRITE
S3-a63be9c5f5,S-R;X-R,G,True,S,False,True,False,6,7,,,,control_groups_gt_5
S3-61b1ec507b,S-R;X-R,G,True,S,False,True,True,7,8,,,,control_groups_gt_5
S3-e251048808,S-R;X-R,G,True,S,True,False,False,5,6,,,,DATA_and_VINIT_short_in_WRITE
S3-90811dcec8,S-R;X-R,G,True,S,True,False,True,5,7,,,,DATA_and_VINIT_short_in_WRITE
S3-bb0e89c0f7,S-R;X-R,G,True,S,True,True,False,6,7,,,,control_groups_gt_5
S3-0d6270db63,S-R;X-R,G,True,S,True,True,True,7,8,,,,control_groups_gt_5
S3-1f0f9e7fe6,S-R;X-R,G,True,X,False,False,False,5,6,0.0,-1.0000000000000004,-1.0,no_intrinsic_DATA_compression
S3-092d1306ec,S-R;X-R,G,True,X,False,False,True,5,7,0.0,-1.0000000000000004,-1.0,no_intrinsic_DATA_compression
S3-9767071ad1,S-R;X-R,G,True,X,False,True,False,6,7,,,,control_groups_gt_5
S3-3553f0420b,S-R;X-R,G,True,X,False,True,True,7,8,,,,control_groups_gt_5
S3-b21bdbca78,S-R;X-R,G,True,X,True,False,False,5,6,1.0000000000000002,-1.0,-1.0,no_intrinsic_DATA_compression
S3-112027c40d,S-R;X-R,G,True,X,True,False,True,5,7,1.0000000000000002,-1.0,-1.0,no_intrinsic_DATA_compression
S3-86adec7559,S-R;X-R,G,True,X,True,True,False,6,7,,,,control_groups_gt_5
S3-e2e8b36abb,S-R;X-R,G,True,X,True,True,True,7,8,,,,control_groups_gt_5
