time_s,vg,vs,vx,vgs,gc,xc,sc,dc,ec
0.000000000000000000e+00,3.000000000000000000e+00,3.474957799999999764e-01,3.474957839999999742e-01,2.652504219999999968e+00,4.000000000000000000e+00,4.000000000000000000e+00,4.000000000000000000e+00,0.000000000000000000e+00,0.000000000000000000e+00
1.000000000000000062e-09,3.000000000000000000e+00,3.474957799999999764e-01,3.474957839999999742e-01,2.652504219999999968e+00,4.000000000000000000e+00,4.000000000000000000e+00,4.000000000000000000e+00,0.000000000000000000e+00,0.000000000000000000e+00
2.000000000000000125e-09,3.000000000000000000e+00,3.474957799999999764e-01,3.474957839999999742e-01,2.652504219999999968e+00,4.000000000000000000e+00,4.000000000000000000e+00,4.000000000000000000e+00,0.000000000000000000e+00,0.000000000000000000e+00
4.000000000000000249e-09,3.000000000000000000e+00,3.474957799999999764e-01,3.474957839999999742e-01,2.652504219999999968e+00,4.000000000000000000e+00,4.000000000000000000e+00,4.000000000000000000e+00,0.000000000000000000e+00,0.000000000000000000e+00
8.000000000000000498e-09,3.000000000000000000e+00,3.474957799999999764e-01,3.474957839999999742e-01,2.652504219999999968e+00,4.000000000000000000e+00,4.000000000000000000e+00,4.000000000000000000e+00,0.000000000000000000e+00,0.000000000000000000e+00
1.600000000000000100e-08,3.000000000000000000e+00,3.474957799999999764e-01,3.474957839999999742e-01,2.652504219999999968e+00,4.000000000000000000e+00,4.000000000000000000e+00,4.000000000000000000e+00,0.000000000000000000e+00,0.000000000000000000e+00
3.200000000000000199e-08,3.000000000000000000e+00,3.474957799999999764e-01,3.474957839999999742e-01,2.652504219999999968e+00,4.000000000000000000e+00,4.000000000000000000e+00,4.000000000000000000e+00,0.000000000000000000e+00,0.000000000000000000e+00
6.400000000000000399e-08,3.000000000000000000e+00,3.474957799999999764e-01,3.474957839999999742e-01,2.652504219999999968e+00,4.000000000000000000e+00,4.000000000000000000e+00,4.000000000000000000e+00,0.000000000000000000e+00,0.000000000000000000e+00
1.280000000000000080e-07,3.000000000000000000e+00,3.474957799999999764e-01,3.474957839999999742e-01,2.652504219999999968e+00,4.000000000000000000e+00,4.000000000000000000e+00,4.000000000000000000e+00,0.000000000000000000e+00,0.000000000000000000e+00
2.560000000000000159e-07,3.000000000000000000e+00,3.474957799999999764e-01,3.474957839999999742e-01,2.652504219999999968e+00,4.000000000000000000e+00,4.000000000000000000e+00,4.000000000000000000e+00,0.000000000000000000e+00,0.000000000000000000e+00
3.754999999999999941e-07,3.000000000000000000e+00,3.474957799999999764e-01,3.474957839999999742e-01,2.652504219999999968e+00,4.000000000000000000e+00,4.000000000000000000e+00,4.000000000000000000e+00,0.000000000000000000e+00,0.000000000000000000e+00
4.950000000000000252e-07,3.000000000000000000e+00,3.474957799999999764e-01,3.474957839999999742e-01,2.652504219999999968e+00,4.000000000000000000e+00,4.000000000000000000e+00,4.000000000000000000e+00,0.000000000000000000e+00,0.000000000000000000e+00
4.952000000000000403e-07,3.000000000000000000e+00,3.474957799999999764e-01,3.474957839999999742e-01,2.652504219999999968e+00,4.000000000000000000e+00,4.000000000000000000e+00,3.600000000000000089e+00,0.000000000000000000e+00,0.000000000000000000e+00
4.955250000000000117e-07,3.000000000000000000e+00,3.474957799999999764e-01,3.474957839999999742e-01,2.652504219999999968e+00,4.000000000000000000e+00,4.000000000000000000e+00,2.950000000000000178e+00,0.000000000000000000e+00,0.000000000000000000e+00
4.956203129999999579e-07,3.000000000000000000e+00,3.474957799999999764e-01,3.474957839999999742e-01,2.652504219999999968e+00,4.000000000000000000e+00,4.000000000000000000e+00,2.759374999999999911e+00,0.000000000000000000e+00,0.000000000000000000e+00
4.957871090000000160e-07,3.000000000000000000e+00,3.474957799999999764e-01,3.474957839999999742e-01,2.652504219999999968e+00,4.000000000000000000e+00,4.000000000000000000e+00,2.425781250000000000e+00,0.000000000000000000e+00,0.000000000000000000e+00
4.958332759999999858e-07,3.000000000000000000e+00,3.474957799999999764e-01,3.474957839999999742e-01,2.652504219999999968e+00,4.000000000000000000e+00,4.000000000000000000e+00,2.333447270000000184e+00,0.000000000000000000e+00,0.000000000000000000e+00
4.959140689999999885e-07,3.000000000000000000e+00,3.474957799999999764e-01,3.474957839999999742e-01,2.652504219999999968e+00,4.000000000000000000e+00,4.000000000000000000e+00,2.171862790000000043e+00,0.000000000000000000e+00,0.000000000000000000e+00
4.959244380000000149e-07,3.000000000000000000e+00,3.474957799999999764e-01,3.474957839999999742e-01,2.652504219999999968e+00,4.000000000000000000e+00,4.000000000000000000e+00,2.151124409999999987e+00,0.000000000000000000e+00,0.000000000000000000e+00
4.959451759999999618e-07,3.000000000000000000e+00,3.474957799999999764e-01,3.474957839999999742e-01,2.652504219999999968e+00,4.000000000000000000e+00,4.000000000000000000e+00,2.109647649999999874e+00,0.000000000000000000e+00,0.000000000000000000e+00
4.959801860000000113e-07,3.000000000000000000e+00,3.474957799999999764e-01,3.474957839999999742e-01,2.652504219999999968e+00,4.000000000000000000e+00,4.000000000000000000e+00,2.039627049999999997e+00,0.000000000000000000e+00,0.000000000000000000e+00
4.959870190000000222e-07,3.000000000000000000e+00,3.474957799999999764e-01,3.474957839999999742e-01,2.652504219999999968e+00,4.000000000000000000e+00,4.000000000000000000e+00,2.025961109999999898e+00,0.000000000000000000e+00,0.000000000000000000e+00
4.959918600000000070e-07,3.000000000000000000e+00,3.474957799999999764e-01,3.474957839999999742e-01,2.652504219999999968e+00,4.000000000000000000e+00,4.000000000000000000e+00,2.016279659999999918e+00,0.000000000000000000e+00,0.000000000000000000e+00
4.959948619999999912e-07,3.000000000000000000e+00,3.474957799999999764e-01,3.474957839999999742e-01,2.652504219999999968e+00,4.000000000000000000e+00,4.000000000000000000e+00,2.010276639999999837e+00,0.000000000000000000e+00,0.000000000000000000e+00
4.959972779999999672e-07,3.000000000000000000e+00,3.474957799999999764e-01,3.474957839999999742e-01,2.652504219999999968e+00,4.000000000000000000e+00,4.000000000000000000e+00,2.005444479999999974e+00,0.000000000000000000e+00,0.000000000000000000e+00
4.959993559999999877e-07,3.000000000000000000e+00,3.474957799999999764e-01,3.474957839999999742e-01,2.652504219999999968e+00,4.000000000000000000e+00,4.000000000000000000e+00,2.001287229999999973e+00,0.000000000000000000e+00,0.000000000000000000e+00
4.960012660000000341e-07,3.000119769999999964e+00,3.476164529999999919e-01,3.476046700000000045e-01,2.652503320000000109e+00,4.000000000000000000e+00,4.000000000000000000e+00,1.997467930000000003e+00,0.000000000000000000e+00,0.000000000000000000e+00
4.960030919999999875e-07,3.000271060000000212e+00,3.477688870000000265e-01,3.477422190000000191e-01,2.652502169999999992e+00,4.000000000000000000e+00,4.000000000000000000e+00,1.993816220000000028e+00,0.000000000000000000e+00,0.000000000000000000e+00
4.960052870000000089e-07,3.000466830000000140e+00,3.479661370000000087e-01,3.479202140000000054e-01,2.652500690000000105e+00,4.000000000000000000e+00,4.000000000000000000e+00,1.989426530000000026e+00,0.000000000000000000e+00,0.000000000000000000e+00
4.960086130000000038e-07,3.000770539999999986e+00,3.482721540000000005e-01,3.481963770000000014e-01,2.652498389999999873e+00,4.000000000000000000e+00,4.000000000000000000e+00,1.982773450000000048e+00,0.000000000000000000e+00,0.000000000000000000e+00
4.960139910000000307e-07,3.001265249999999885e+00,3.487706449999999903e-01,3.486462810000000023e-01,2.652494610000000197e+00,4.000000000000000000e+00,4.000000000000000000e+00,1.972018599999999955e+00,0.000000000000000000e+00,0.000000000000000000e+00
4.960242519999999829e-07,3.002210300000000220e+00,3.497229749999999915e-01,3.495059440000000128e-01,2.652487330000000032e+00,4.000000000000000000e+00,4.000000000000000000e+00,1.951496590000000086e+00,0.000000000000000000e+00,0.000000000000000000e+00
4.960440429999999886e-07,3.004027880000000206e+00,3.515548279999999859e-01,3.511601280000000158e-01,2.652473060000000160e+00,4.000000000000000000e+00,4.000000000000000000e+00,1.911913710000000099e+00,0.000000000000000000e+00,0.000000000000000000e+00
4.960836260000000036e-07,3.007635140000000096e+00,3.551914299999999747e-01,3.544462809999999742e-01,2.652443710000000010e+00,4.000000000000000000e+00,4.000000000000000000e+00,1.832747960000000065e+00,0.000000000000000000e+00,0.000000000000000000e+00
4.961627920000000336e-07,3.014733689999999910e+00,3.623518179999999922e-01,3.609254989999999830e-01,2.652381870000000141e+00,4.000000000000000000e+00,4.000000000000000000e+00,1.674416450000000056e+00,0.000000000000000000e+00,0.000000000000000000e+00
4.963211229999999841e-07,3.028475409999999979e+00,3.762294520000000198e-01,3.735168580000000071e-01,2.652245960000000125e+00,4.000000000000000000e+00,4.000000000000000000e+00,1.357753430000000039e+00,0.000000000000000000e+00,0.000000000000000000e+00
4.965304569999999768e-07,3.045747720000000047e+00,3.937055400000000205e-01,3.894388520000000020e-01,2.652042180000000027e+00,4.000000000000000000e+00,4.000000000000000000e+00,9.390861440000000115e-01,0.000000000000000000e+00,0.000000000000000000e+00
4.967652280000000214e-07,3.063966810000000152e+00,4.121842499999999743e-01,4.063580920000000041e-01,2.651782560000000011e+00,4.000000000000000000e+00,4.000000000000000000e+00,4.695430720000000058e-01,0.000000000000000000e+00,0.000000000000000000e+00
4.969999999999999637e-07,3.081036689999999911e+00,4.295448969999999811e-01,4.223368459999999880e-01,2.651491790000000126e+00,4.000000000000000000e+00,4.000000000000000000e+00,2.118305530000000124e-13,0.000000000000000000e+00,0.000000000000000000e+00
4.970264950000000418e-07,3.082884599999999864e+00,4.314277490000000270e-01,4.240757900000000080e-01,2.651456850000000198e+00,4.000000000000000000e+00,4.000000000000000000e+00,0.000000000000000000e+00,0.000000000000000000e+00,0.000000000000000000e+00
4.970794839999999826e-07,3.086548000000000069e+00,4.351619219999999788e-01,4.275269380000000230e-01,2.651386079999999978e+00,4.000000000000000000e+00,4.000000000000000000e+00,0.000000000000000000e+00,0.000000000000000000e+00,0.000000000000000000e+00
4.971854619999999701e-07,3.093721899999999803e+00,4.424815349999999814e-01,4.343028820000000012e-01,2.651240370000000013e+00,4.000000000000000000e+00,4.000000000000000000e+00,0.000000000000000000e+00,0.000000000000000000e+00,0.000000000000000000e+00
4.973287590000000184e-07,3.103096929999999976e+00,4.520624810000000160e-01,4.431955909999999998e-01,2.651034450000000042e+00,4.000000000000000000e+00,4.000000000000000000e+00,0.000000000000000000e+00,0.000000000000000000e+00,0.000000000000000000e+00
4.976153530000000093e-07,3.120775660000000062e+00,4.701824689999999918e-01,4.600890719999999878e-01,2.650593189999999932e+00,4.000000000000000000e+00,4.000000000000000000e+00,0.000000000000000000e+00,0.000000000000000000e+00,0.000000000000000000e+00
4.978885890000000368e-07,3.136373910000000098e+00,4.862360689999999930e-01,4.751435230000000121e-01,2.650137840000000189e+00,4.000000000000000000e+00,4.000000000000000000e+00,0.000000000000000000e+00,0.000000000000000000e+00,0.000000000000000000e+00
4.981825060000000161e-07,3.151880090000000134e+00,5.022673330000000380e-01,4.902651390000000164e-01,2.649612750000000183e+00,4.000000000000000000e+00,4.000000000000000000e+00,0.000000000000000000e+00,0.000000000000000000e+00,0.000000000000000000e+00
4.984679299999999980e-07,3.165766609999999925e+00,5.166963940000000033e-01,5.039560459999999908e-01,2.649070210000000092e+00,4.000000000000000000e+00,4.000000000000000000e+00,0.000000000000000000e+00,0.000000000000000000e+00,0.000000000000000000e+00
4.987691119999999672e-07,3.179265260000000204e+00,5.307998529999999882e-01,5.174165189999999637e-01,2.648465400000000081e+00,4.000000000000000000e+00,4.000000000000000000e+00,0.000000000000000000e+00,0.000000000000000000e+00,0.000000000000000000e+00
4.990712850000000372e-07,3.191709369999999879e+00,5.438816730000000099e-01,5.299758340000000345e-01,2.647827700000000117e+00,4.000000000000000000e+00,4.000000000000000000e+00,0.000000000000000000e+00,0.000000000000000000e+00,0.000000000000000000e+00
4.993906850000000235e-07,3.203764009999999995e+00,5.566414179999999989e-01,5.422988079999999655e-01,2.647122589999999942e+00,4.000000000000000000e+00,4.000000000000000000e+00,0.000000000000000000e+00,0.000000000000000000e+00,0.000000000000000000e+00
4.997157780000000147e-07,3.214969620000000194e+00,5.685948920000000184e-01,5.539127130000000010e-01,2.646374729999999786e+00,4.000000000000000000e+00,4.000000000000000000e+00,0.000000000000000000e+00,0.000000000000000000e+00,0.000000000000000000e+00
5.000580579999999888e-07,3.225708329999999791e+00,5.801511870000000126e-01,5.652089359999999951e-01,2.645557150000000135e+00,4.000000000000000000e+00,4.000000000000000000e+00,0.000000000000000000e+00,0.000000000000000000e+00,0.000000000000000000e+00
5.004087509999999879e-07,3.235683760000000131e+00,5.909936780000000223e-01,5.758725190000000271e-01,2.644690080000000165e+00,4.000000000000000000e+00,4.000000000000000000e+00,0.000000000000000000e+00,0.000000000000000000e+00,0.000000000000000000e+00
5.007766410000000061e-07,3.245134460000000054e+00,6.013830599999999693e-01,5.861535500000000232e-01,2.643751400000000196e+00,4.000000000000000000e+00,4.000000000000000000e+00,0.000000000000000000e+00,0.000000000000000000e+00,0.000000000000000000e+00
5.011554099999999950e-07,3.253883099999999917e+00,6.111264060000000109e-01,5.958551760000000419e-01,2.642756690000000130e+00,4.000000000000000000e+00,4.000000000000000000e+00,0.000000000000000000e+00,0.000000000000000000e+00,0.000000000000000000e+00
5.015520439999999910e-07,3.262082969999999804e+00,6.203956489999999935e-01,6.051420920000000203e-01,2.641687329999999889e+00,4.000000000000000000e+00,4.000000000000000000e+00,0.000000000000000000e+00,0.000000000000000000e+00,0.000000000000000000e+00
5.019621629999999876e-07,3.269633150000000210e+00,6.290783939999999852e-01,6.138954549999999788e-01,2.640554760000000112e+00,4.000000000000000000e+00,4.000000000000000000e+00,0.000000000000000000e+00,0.000000000000000000e+00,0.000000000000000000e+00
5.023914879999999854e-07,3.276633569999999995e+00,6.372905620000000049e-01,6.222255410000000486e-01,2.639343010000000156e+00,4.000000000000000000e+00,4.000000000000000000e+00,0.000000000000000000e+00,0.000000000000000000e+00,0.000000000000000000e+00
5.028371670000000149e-07,3.283031069999999829e+00,6.449711249999999785e-01,6.300640549999999562e-01,2.638059940000000214e+00,4.000000000000000000e+00,4.000000000000000000e+00,0.000000000000000000e+00,0.000000000000000000e+00,0.000000000000000000e+00
5.033040860000000124e-07,3.288892769999999910e+00,6.522013349999999932e-01,6.374873330000000449e-01,2.636691439999999886e+00,4.000000000000000000e+00,4.000000000000000000e+00,0.000000000000000000e+00,0.000000000000000000e+00,0.000000000000000000e+00
5.037906659999999675e-07,3.294195370000000178e+00,6.589532719999999788e-01,6.444602799999999965e-01,2.635242100000000143e+00,4.000000000000000000e+00,4.000000000000000000e+00,0.000000000000000000e+00,0.000000000000000000e+00,0.000000000000000000e+00
5.043013300000000428e-07,3.298986279999999827e+00,6.652874330000000391e-01,6.510388609999999687e-01,2.633698840000000096e+00,4.000000000000000000e+00,4.000000000000000000e+00,0.000000000000000000e+00,0.000000000000000000e+00,0.000000000000000000e+00
5.048356420000000331e-07,3.303260649999999909e+00,6.711975190000000202e-01,6.572101759999999793e-01,2.632063140000000079e+00,4.000000000000000000e+00,4.000000000000000000e+00,0.000000000000000000e+00,0.000000000000000000e+00,0.000000000000000000e+00
5.053979059999999869e-07,3.307054219999999933e+00,6.767321549999999464e-01,6.630186529999999578e-01,2.630322070000000068e+00,4.000000000000000000e+00,4.000000000000000000e+00,0.000000000000000000e+00,0.000000000000000000e+00,0.000000000000000000e+00
5.059888230000000118e-07,3.310373300000000185e+00,6.818994860000000546e-01,6.684666569999999641e-01,2.628473819999999961e+00,4.000000000000000000e+00,4.000000000000000000e+00,0.000000000000000000e+00,0.000000000000000000e+00,0.000000000000000000e+00
5.066129369999999683e-07,3.313246630000000081e+00,6.867419820000000286e-01,6.735928780000000060e-01,2.626504650000000218e+00,4.000000000000000000e+00,4.000000000000000000e+00,0.000000000000000000e+00,0.000000000000000000e+00,0.000000000000000000e+00
5.072722069999999744e-07,3.315686889999999831e+00,6.912779249999999598e-01,6.784107769999999649e-01,2.624408959999999791e+00,4.000000000000000000e+00,4.000000000000000000e+00,0.000000000000000000e+00,0.000000000000000000e+00,0.000000000000000000e+00
5.079718590000000352e-07,3.317718450000000097e+00,6.955475309999999967e-01,6.829573439999999662e-01,2.622170919999999850e+00,4.000000000000000000e+00,4.000000000000000000e+00,0.000000000000000000e+00,0.000000000000000000e+00,0.000000000000000000e+00
5.087152760000000345e-07,3.319356780000000118e+00,6.995761879999999877e-01,6.872541389999999861e-01,2.619780589999999965e+00,4.000000000000000000e+00,4.000000000000000000e+00,0.000000000000000000e+00,0.000000000000000000e+00,0.000000000000000000e+00
5.095094820000000410e-07,3.320623830000000165e+00,7.034072839999999660e-01,6.913422139999999549e-01,2.617216550000000197e+00,4.000000000000000000e+00,4.000000000000000000e+00,0.000000000000000000e+00,0.000000000000000000e+00,0.000000000000000000e+00
5.103594670000000505e-07,3.321534810000000171e+00,7.070707750000000402e-01,6.952486140000000425e-01,2.614464040000000100e+00,4.000000000000000000e+00,4.000000000000000000e+00,0.000000000000000000e+00,0.000000000000000000e+00,0.000000000000000000e+00
5.112746689999999943e-07,3.322108200000000178e+00,7.106139989999999962e-01,6.990192370000000155e-01,2.611494210000000038e+00,4.000000000000000000e+00,4.000000000000000000e+00,0.000000000000000000e+00,0.000000000000000000e+00,0.000000000000000000e+00
5.122635110000000397e-07,3.322358279999999997e+00,7.140764750000000438e-01,7.026919409999999866e-01,2.608281809999999812e+00,4.000000000000000000e+00,4.000000000000000000e+00,0.000000000000000000e+00,0.000000000000000000e+00,0.000000000000000000e+00
5.133392860000000201e-07,3.322298469999999782e+00,7.175121859999999963e-01,7.063202280000000499e-01,2.604786279999999898e+00,4.000000000000000000e+00,4.000000000000000000e+00,0.000000000000000000e+00,0.000000000000000000e+00,0.000000000000000000e+00
5.145160640000000465e-07,3.321938820000000181e+00,7.209736340000000299e-01,7.099562590000000339e-01,2.600965190000000149e+00,4.000000000000000000e+00,4.000000000000000000e+00,0.000000000000000000e+00,0.000000000000000000e+00,0.000000000000000000e+00
5.158142399999999862e-07,3.321285109999999818e+00,7.245285870000000017e-01,7.136684679999999448e-01,2.596756529999999952e+00,4.000000000000000000e+00,4.000000000000000000e+00,0.000000000000000000e+00,0.000000000000000000e+00,0.000000000000000000e+00
5.172581230000000345e-07,3.320338190000000189e+00,7.282511910000000199e-01,7.175320939999999537e-01,2.592086999999999808e+00,4.000000000000000000e+00,4.000000000000000000e+00,0.000000000000000000e+00,0.000000000000000000e+00,0.000000000000000000e+00
5.188822010000000414e-07,3.319089990000000157e+00,7.322375460000000169e-01,7.216453010000000168e-01,2.586852449999999859e+00,4.000000000000000000e+00,4.000000000000000000e+00,0.000000000000000000e+00,0.000000000000000000e+00,0.000000000000000000e+00
5.207316179999999714e-07,3.317522129999999958e+00,7.366045970000000276e-01,7.261278070000000140e-01,2.580917529999999793e+00,4.000000000000000000e+00,4.000000000000000000e+00,0.000000000000000000e+00,0.000000000000000000e+00,0.000000000000000000e+00
5.228720130000000192e-07,3.315597690000000153e+00,7.415115570000000433e-01,7.311427200000000237e-01,2.574086129999999972e+00,4.000000000000000000e+00,4.000000000000000000e+00,0.000000000000000000e+00,0.000000000000000000e+00,0.000000000000000000e+00
5.253976740000000126e-07,3.313254160000000059e+00,7.471751859999999912e-01,7.369118709999999961e-01,2.566078979999999898e+00,4.000000000000000000e+00,4.000000000000000000e+00,0.000000000000000000e+00,0.000000000000000000e+00,0.000000000000000000e+00
5.284552900000000225e-07,3.310383499999999923e+00,7.539182869999999648e-01,7.437649269999999646e-01,2.556465220000000205e+00,4.000000000000000000e+00,4.000000000000000000e+00,0.000000000000000000e+00,0.000000000000000000e+00,0.000000000000000000e+00
5.322816129999999739e-07,3.306801940000000162e+00,7.622436000000000211e-01,7.522140689999999852e-01,2.544558340000000030e+00,4.000000000000000000e+00,4.000000000000000000e+00,0.000000000000000000e+00,0.000000000000000000e+00,0.000000000000000000e+00
5.372934580000000127e-07,3.302179359999999786e+00,7.730105860000000551e-01,7.631328619999999674e-01,2.529168770000000066e+00,4.000000000000000000e+00,4.000000000000000000e+00,0.000000000000000000e+00,0.000000000000000000e+00,0.000000000000000000e+00
5.442876820000000209e-07,3.295891999999999822e+00,7.878167259999999672e-01,7.781420100000000506e-01,2.508075269999999968e+00,4.000000000000000000e+00,4.000000000000000000e+00,0.000000000000000000e+00,0.000000000000000000e+00,0.000000000000000000e+00
5.549360040000000280e-07,3.286690049999999808e+00,8.099007929999999522e-01,8.005230239999999720e-01,2.476789259999999882e+00,4.000000000000000000e+00,4.000000000000000000e+00,0.000000000000000000e+00,0.000000000000000000e+00,0.000000000000000000e+00
5.722970520000000093e-07,3.272581409999999913e+00,8.447743490000000355e-01,8.358532119999999566e-01,2.427807060000000128e+00,4.000000000000000000e+00,4.000000000000000000e+00,0.000000000000000000e+00,0.000000000000000000e+00,0.000000000000000000e+00
5.947461139999999874e-07,3.255825250000000004e+00,8.878931660000000115e-01,8.795153510000000008e-01,2.367932090000000045e+00,4.000000000000000000e+00,4.000000000000000000e+00,0.000000000000000000e+00,0.000000000000000000e+00,0.000000000000000000e+00
6.177731609999999842e-07,3.240192899999999820e+00,9.299394490000000291e-01,9.220690820000000398e-01,2.310253460000000203e+00,4.000000000000000000e+00,4.000000000000000000e+00,0.000000000000000000e+00,0.000000000000000000e+00,0.000000000000000000e+00
6.429871999999999702e-07,3.224665059999999972e+00,9.736155880000000318e-01,9.662497300000000289e-01,2.251049479999999825e+00,4.000000000000000000e+00,4.000000000000000000e+00,0.000000000000000000e+00,0.000000000000000000e+00,0.000000000000000000e+00
6.676586820000000209e-07,3.210888150000000163e+00,1.014123759999999930e+00,1.007205930000000027e+00,2.196764379999999850e+00,4.000000000000000000e+00,4.000000000000000000e+00,0.000000000000000000e+00,0.000000000000000000e+00,0.000000000000000000e+00
6.943314969999999752e-07,3.197374570000000027e+00,1.055625030000000075e+00,1.049147009999999991e+00,2.141749540000000174e+00,4.000000000000000000e+00,4.000000000000000000e+00,0.000000000000000000e+00,0.000000000000000000e+00,0.000000000000000000e+00
7.208104889999999810e-07,3.185207800000000145e+00,1.094640870000000099e+00,1.088559150000000031e+00,2.090566920000000106e+00,4.000000000000000000e+00,4.000000000000000000e+00,0.000000000000000000e+00,0.000000000000000000e+00,0.000000000000000000e+00
7.491497280000000273e-07,3.173394009999999987e+00,1.134174009999999955e+00,1.128477390000000025e+00,2.039219999999999811e+00,4.000000000000000000e+00,4.000000000000000000e+00,0.000000000000000000e+00,0.000000000000000000e+00,0.000000000000000000e+00
7.776679910000000194e-07,3.162613749999999779e+00,1.171811900000000017e+00,1.166466940000000063e+00,1.990801849999999984e+00,4.000000000000000000e+00,4.000000000000000000e+00,0.000000000000000000e+00,0.000000000000000000e+00,0.000000000000000000e+00
8.079267710000000484e-07,3.152240809999999893e+00,1.209580029999999917e+00,1.204573679999999980e+00,1.942660779999999976e+00,4.000000000000000000e+00,4.000000000000000000e+00,0.000000000000000000e+00,0.000000000000000000e+00,0.000000000000000000e+00
8.386584090000000192e-07,3.142691709999999805e+00,1.245832929999999950e+00,1.241138520000000023e+00,1.896858780000000078e+00,4.000000000000000000e+00,4.000000000000000000e+00,0.000000000000000000e+00,0.000000000000000000e+00,0.000000000000000000e+00
8.710466889999999615e-07,3.133570100000000025e+00,1.281928519999999905e+00,1.277532289999999904e+00,1.851641569999999959e+00,4.000000000000000000e+00,4.000000000000000000e+00,0.000000000000000000e+00,0.000000000000000000e+00,0.000000000000000000e+00
9.041475579999999889e-07,3.125124379999999924e+00,1.316758340000000027e+00,1.312638369999999943e+00,1.808366039999999897e+00,4.000000000000000000e+00,4.000000000000000000e+00,0.000000000000000000e+00,0.000000000000000000e+00,0.000000000000000000e+00
9.388677629999999741e-07,3.117099479999999811e+00,1.351237830000000084e+00,1.347380519999999970e+00,1.765861649999999949e+00,4.000000000000000000e+00,4.000000000000000000e+00,0.000000000000000000e+00,0.000000000000000000e+00,0.000000000000000000e+00
9.745112630000000378e-07,3.109639769999999803e+00,1.384625250000000030e+00,1.381012249999999941e+00,1.725014519999999996e+00,4.000000000000000000e+00,4.000000000000000000e+00,0.000000000000000000e+00,0.000000000000000000e+00,0.000000000000000000e+00
1.011779130000000098e-06,3.102578519999999784e+00,1.417539150000000081e+00,1.414157550000000096e+00,1.685039369999999925e+00,4.000000000000000000e+00,4.000000000000000000e+00,0.000000000000000000e+00,0.000000000000000000e+00,0.000000000000000000e+00
1.050163479999999999e-06,3.095996790000000054e+00,1.449484970000000095e+00,1.446319169999999987e+00,1.646511829999999899e+00,4.000000000000000000e+00,4.000000000000000000e+00,0.000000000000000000e+00,0.000000000000000000e+00,0.000000000000000000e+00
1.090212290000000068e-06,3.089783610000000014e+00,1.480881440000000104e+00,1.477919479999999952e+00,1.608902180000000071e+00,4.000000000000000000e+00,4.000000000000000000e+00,0.000000000000000000e+00,0.000000000000000000e+00,0.000000000000000000e+00
1.131560839999999926e-06,3.083981849999999802e+00,1.511400190000000032e+00,1.508628670000000005e+00,1.572581659999999992e+00,4.000000000000000000e+00,4.000000000000000000e+00,0.000000000000000000e+00,0.000000000000000000e+00,0.000000000000000000e+00
1.174643750000000039e-06,3.078515949999999890e+00,1.541325730000000060e+00,1.538733719999999972e+00,1.537190220000000052e+00,4.000000000000000000e+00,4.000000000000000000e+00,0.000000000000000000e+00,0.000000000000000000e+00,0.000000000000000000e+00
1.219206129999999908e-06,3.073405960000000103e+00,1.570441460000000067e+00,1.568017350000000087e+00,1.502964500000000037e+00,4.000000000000000000e+00,4.000000000000000000e+00,0.000000000000000000e+00,0.000000000000000000e+00,0.000000000000000000e+00
1.265599389999999909e-06,3.068599030000000116e+00,1.598941839999999948e+00,1.596675749999999949e+00,1.469657200000000108e+00,4.000000000000000000e+00,4.000000000000000000e+00,0.000000000000000000e+00,0.000000000000000000e+00,0.000000000000000000e+00
1.313653790000000104e-06,3.064101850000000127e+00,1.626685420000000049e+00,1.624567249999999907e+00,1.437416430000000078e+00,4.000000000000000000e+00,4.000000000000000000e+00,0.000000000000000000e+00,0.000000000000000000e+00,0.000000000000000000e+00
1.363660419999999958e-06,3.059876309999999933e+00,1.653806310000000002e+00,1.651827179999999951e+00,1.406069989999999992e+00,4.000000000000000000e+00,4.000000000000000000e+00,0.000000000000000000e+00,0.000000000000000000e+00,0.000000000000000000e+00
1.415516420000000102e-06,3.055921450000000039e+00,1.680213549999999945e+00,1.678364610000000035e+00,1.375707900000000095e+00,4.000000000000000000e+00,4.000000000000000000e+00,0.000000000000000000e+00,0.000000000000000000e+00,0.000000000000000000e+00
1.469470170000000076e-06,3.052208919999999992e+00,1.706000790000000045e+00,1.704274120000000003e+00,1.346208129999999947e+00,4.000000000000000000e+00,4.000000000000000000e+00,0.000000000000000000e+00,0.000000000000000000e+00,0.000000000000000000e+00
1.525472299999999940e-06,3.048733640000000022e+00,1.731110949999999926e+00,1.729498779999999902e+00,1.317622690000000096e+00,4.000000000000000000e+00,4.000000000000000000e+00,0.000000000000000000e+00,0.000000000000000000e+00,0.000000000000000000e+00
1.583742000000000074e-06,3.045473809999999837e+00,1.755610569999999981e+00,1.754105849999999966e+00,1.289863240000000078e+00,4.000000000000000000e+00,4.000000000000000000e+00,0.000000000000000000e+00,0.000000000000000000e+00,0.000000000000000000e+00
1.644273739999999901e-06,3.042422310000000074e+00,1.779465269999999988e+00,1.778061160000000029e+00,1.262957050000000025e+00,4.000000000000000000e+00,4.000000000000000000e+00,0.000000000000000000e+00,0.000000000000000000e+00,0.000000000000000000e+00
1.707268220000000069e-06,3.039561910000000200e+00,1.802723389999999926e+00,1.801413640000000038e+00,1.236838520000000052e+00,4.000000000000000000e+00,4.000000000000000000e+00,0.000000000000000000e+00,0.000000000000000000e+00,0.000000000000000000e+00
1.772756870000000028e-06,3.036884670000000064e+00,1.825365740000000070e+00,1.824144329999999981e+00,1.211518929999999994e+00,4.000000000000000000e+00,4.000000000000000000e+00,0.000000000000000000e+00,0.000000000000000000e+00,0.000000000000000000e+00
1.840930439999999910e-06,3.034376609999999808e+00,1.847428440000000061e+00,1.846289810000000031e+00,1.186948179999999908e+00,4.000000000000000000e+00,4.000000000000000000e+00,0.000000000000000000e+00,0.000000000000000000e+00,0.000000000000000000e+00
1.911852730000000119e-06,3.032029699999999828e+00,1.868902379999999974e+00,1.867841260000000059e+00,1.163127309999999914e+00,4.000000000000000000e+00,4.000000000000000000e+00,0.000000000000000000e+00,0.000000000000000000e+00,0.000000000000000000e+00
1.985711520000000178e-06,3.029832340000000013e+00,1.889815470000000053e+00,1.888826930000000015e+00,1.140016869999999960e+00,4.000000000000000000e+00,4.000000000000000000e+00,0.000000000000000000e+00,0.000000000000000000e+00,0.000000000000000000e+00
2.062600110000000141e-06,3.027776820000000146e+00,1.910165300000000066e+00,1.909244680000000027e+00,1.117611520000000080e+00,4.000000000000000000e+00,4.000000000000000000e+00,0.000000000000000000e+00,0.000000000000000000e+00,0.000000000000000000e+00
2.142709270000000212e-06,3.025853350000000219e+00,1.929974169999999933e+00,1.929117119999999908e+00,1.095879180000000064e+00,4.000000000000000000e+00,4.000000000000000000e+00,0.000000000000000000e+00,0.000000000000000000e+00,0.000000000000000000e+00
2.226160379999999814e-06,3.024054720000000085e+00,1.949244079999999935e+00,1.948446499999999970e+00,1.074810639999999928e+00,4.000000000000000000e+00,4.000000000000000000e+00,0.000000000000000000e+00,0.000000000000000000e+00,0.000000000000000000e+00
2.313152480000000139e-06,3.022372579999999864e+00,1.967993509999999890e+00,1.967251569999999949e+00,1.054379069999999974e+00,4.000000000000000000e+00,4.000000000000000000e+00,0.000000000000000000e+00,0.000000000000000000e+00,0.000000000000000000e+00
2.403834719999999916e-06,3.020800299999999883e+00,1.986227320000000018e+00,1.985537389999999958e+00,1.034572990000000026e+00,4.000000000000000000e+00,4.000000000000000000e+00,0.000000000000000000e+00,0.000000000000000000e+00,0.000000000000000000e+00
2.498419369999999833e-06,3.019330689999999873e+00,2.003961320000000157e+00,2.003320019999999868e+00,1.015369380000000099e+00,4.000000000000000000e+00,4.000000000000000000e+00,0.000000000000000000e+00,0.000000000000000000e+00,0.000000000000000000e+00
2.597084120000000082e-06,3.017957739999999944e+00,2.021202179999999959e+00,2.020606320000000178e+00,9.967555580000000415e-01,4.000000000000000000e+00,4.000000000000000000e+00,0.000000000000000000e+00,0.000000000000000000e+00,0.000000000000000000e+00
2.700059209999999833e-06,3.016675189999999951e+00,2.037963850000000132e+00,2.037410449999999873e+00,9.787113419999999842e-01,4.000000000000000000e+00,4.000000000000000000e+00,0.000000000000000000e+00,0.000000000000000000e+00,0.000000000000000000e+00
2.807552609999999850e-06,3.015477639999999848e+00,2.054254100000000083e+00,2.053740359999999932e+00,9.612235409999999591e-01,4.000000000000000000e+00,4.000000000000000000e+00,0.000000000000000000e+00,0.000000000000000000e+00,0.000000000000000000e+00
2.919817420000000067e-06,3.014359639999999896e+00,2.070085510000000184e+00,2.069608810000000076e+00,9.442741260000000469e-01,4.000000000000000000e+00,4.000000000000000000e+00,0.000000000000000000e+00,0.000000000000000000e+00,0.000000000000000000e+00
3.037094540000000210e-06,3.013316339999999816e+00,2.085466489999999951e+00,2.085024359999999799e+00,9.278498499999999760e-01,4.000000000000000000e+00,4.000000000000000000e+00,0.000000000000000000e+00,0.000000000000000000e+00,0.000000000000000000e+00
3.159665070000000139e-06,3.012342990000000054e+00,2.100408610000000120e+00,2.099998729999999814e+00,9.119343800000000444e-01,4.000000000000000000e+00,4.000000000000000000e+00,0.000000000000000000e+00,0.000000000000000000e+00,0.000000000000000000e+00
3.287806470000000063e-06,3.011435249999999897e+00,2.114920559999999838e+00,2.114540780000000009e+00,8.965146870000000323e-01,4.000000000000000000e+00,4.000000000000000000e+00,0.000000000000000000e+00,0.000000000000000000e+00,0.000000000000000000e+00
3.421833459999999828e-06,3.010588949999999819e+00,2.129013130000000142e+00,2.128661399999999926e+00,8.815758139999999576e-01,4.000000000000000000e+00,4.000000000000000000e+00,0.000000000000000000e+00,0.000000000000000000e+00,0.000000000000000000e+00
3.562064679999999945e-06,3.009800250000000066e+00,2.142695129999999892e+00,2.142369550000000178e+00,8.671051189999999798e-01,4.000000000000000000e+00,4.000000000000000000e+00,0.000000000000000000e+00,0.000000000000000000e+00,0.000000000000000000e+00
3.708854800000000122e-06,3.009065459999999970e+00,2.155976669999999817e+00,2.155675459999999877e+00,8.530887950000000108e-01,4.000000000000000000e+00,4.000000000000000000e+00,0.000000000000000000e+00,0.000000000000000000e+00,0.000000000000000000e+00
3.862569380000000395e-06,3.008381200000000089e+00,2.168866519999999909e+00,2.168588010000000121e+00,8.395146829999999838e-01,4.000000000000000000e+00,4.000000000000000000e+00,0.000000000000000000e+00,0.000000000000000000e+00,0.000000000000000000e+00
4.023610320000000064e-06,3.007744209999999807e+00,2.181374250000000181e+00,2.181116879999999814e+00,8.263699620000000134e-01,4.000000000000000000e+00,4.000000000000000000e+00,0.000000000000000000e+00,0.000000000000000000e+00,0.000000000000000000e+00
4.192397080000000293e-06,3.007151490000000038e+00,2.193508480000000205e+00,2.193270780000000197e+00,8.136430100000000554e-01,4.000000000000000000e+00,4.000000000000000000e+00,0.000000000000000000e+00,0.000000000000000000e+00,0.000000000000000000e+00
4.369387250000000168e-06,3.006600179999999956e+00,2.205278320000000125e+00,2.205058919999999922e+00,8.013218659999999938e-01,4.000000000000000000e+00,4.000000000000000000e+00,0.000000000000000000e+00,0.000000000000000000e+00,0.000000000000000000e+00
4.555062699999999603e-06,3.006087630000000122e+00,2.216692160000000023e+00,2.216489779999999854e+00,7.893954669999999618e-01,4.000000000000000000e+00,4.000000000000000000e+00,0.000000000000000000e+00,0.000000000000000000e+00,0.000000000000000000e+00
4.749946599999999677e-06,3.005611309999999925e+00,2.227758689999999930e+00,2.227572120000000044e+00,7.778526199999999946e-01,4.000000000000000000e+00,4.000000000000000000e+00,0.000000000000000000e+00,0.000000000000000000e+00,0.000000000000000000e+00
4.949946600000000303e-06,3.005178369999999877e+00,2.238251099999999827e+00,2.238078900000000093e+00,7.669272780000000456e-01,4.000000000000000000e+00,4.000000000000000000e+00,0.000000000000000000e+00,0.000000000000000000e+00,0.000000000000000000e+00
5.149946600000000082e-06,3.004793750000000152e+00,2.247963139999999971e+00,2.247803719999999839e+00,7.568306070000000441e-01,4.000000000000000000e+00,4.000000000000000000e+00,0.000000000000000000e+00,0.000000000000000000e+00,0.000000000000000000e+00
5.349946599999999861e-06,3.004450509999999852e+00,2.256978230000000085e+00,2.256830209999999948e+00,7.474722860000000413e-01,4.000000000000000000e+00,4.000000000000000000e+00,0.000000000000000000e+00,0.000000000000000000e+00,0.000000000000000000e+00
5.549946599999999641e-06,3.004142939999999928e+00,2.265368739999999992e+00,2.265230949999999854e+00,7.387741979999999931e-01,4.000000000000000000e+00,4.000000000000000000e+00,0.000000000000000000e+00,0.000000000000000000e+00,0.000000000000000000e+00
5.749946600000000267e-06,3.003866250000000182e+00,2.273197510000000143e+00,2.273068910000000109e+00,7.306687339999999864e-01,4.000000000000000000e+00,4.000000000000000000e+00,0.000000000000000000e+00,0.000000000000000000e+00,0.000000000000000000e+00
5.949946600000000046e-06,3.003616430000000115e+00,2.280519250000000220e+00,2.280398949999999925e+00,7.230971790000000343e-01,4.000000000000000000e+00,4.000000000000000000e+00,0.000000000000000000e+00,0.000000000000000000e+00,0.000000000000000000e+00
6.149946599999999825e-06,3.003390099999999840e+00,2.287381780000000031e+00,2.287269000000000219e+00,7.160083259999999727e-01,4.000000000000000000e+00,4.000000000000000000e+00,0.000000000000000000e+00,0.000000000000000000e+00,0.000000000000000000e+00
6.349946599999999604e-06,3.003184409999999804e+00,2.293827090000000180e+00,2.293721140000000158e+00,7.093573250000000385e-01,4.000000000000000000e+00,4.000000000000000000e+00,0.000000000000000000e+00,0.000000000000000000e+00,0.000000000000000000e+00
6.549946600000000231e-06,3.002996920000000181e+00,2.299892190000000003e+00,2.299792479999999806e+00,7.031047289999999839e-01,4.000000000000000000e+00,4.000000000000000000e+00,0.000000000000000000e+00,0.000000000000000000e+00,0.000000000000000000e+00
6.749946600000000010e-06,3.002825539999999904e+00,2.305609839999999799e+00,2.305515820000000105e+00,6.972156990000000221e-01,4.000000000000000000e+00,4.000000000000000000e+00,0.000000000000000000e+00,0.000000000000000000e+00,0.000000000000000000e+00
6.949946599999999789e-06,3.002668460000000206e+00,2.311009110000000089e+00,2.310920320000000139e+00,6.916593530000000323e-01,4.000000000000000000e+00,4.000000000000000000e+00,0.000000000000000000e+00,0.000000000000000000e+00,0.000000000000000000e+00
7.149946600000000415e-06,3.002524150000000169e+00,2.316115930000000045e+00,2.316031939999999789e+00,6.864082179999999589e-01,4.000000000000000000e+00,4.000000000000000000e+00,0.000000000000000000e+00,0.000000000000000000e+00,0.000000000000000000e+00
7.349946600000000194e-06,3.002391250000000067e+00,2.320953480000000013e+00,2.320873900000000045e+00,6.814377710000000254e-01,4.000000000000000000e+00,4.000000000000000000e+00,0.000000000000000000e+00,0.000000000000000000e+00,0.000000000000000000e+00
7.549946599999999974e-06,3.002268589999999904e+00,2.325542539999999825e+00,2.325467039999999930e+00,6.767260510000000506e-01,4.000000000000000000e+00,4.000000000000000000e+00,0.000000000000000000e+00,0.000000000000000000e+00,0.000000000000000000e+00
7.749946600000000600e-06,3.002155140000000166e+00,2.329901800000000023e+00,2.329830079999999803e+00,6.722533360000000346e-01,4.000000000000000000e+00,4.000000000000000000e+00,0.000000000000000000e+00,0.000000000000000000e+00,0.000000000000000000e+00
7.949946600000000379e-06,3.002050000000000107e+00,2.334048140000000160e+00,2.333979910000000046e+00,6.680018599999999473e-01,4.000000000000000000e+00,4.000000000000000000e+00,0.000000000000000000e+00,0.000000000000000000e+00,0.000000000000000000e+00
8.149946600000000158e-06,3.001952380000000087e+00,2.337996799999999986e+00,2.337931820000000105e+00,6.639555790000000179e-01,4.000000000000000000e+00,4.000000000000000000e+00,0.000000000000000000e+00,0.000000000000000000e+00,0.000000000000000000e+00
8.349946599999999937e-06,3.001861579999999918e+00,2.341761609999999827e+00,2.341699649999999799e+00,6.600999669999999542e-01,4.000000000000000000e+00,4.000000000000000000e+00,0.000000000000000000e+00,0.000000000000000000e+00,0.000000000000000000e+00
8.549946599999999717e-06,3.001776969999999878e+00,2.345355130000000177e+00,2.345295979999999947e+00,6.564218389999999514e-01,4.000000000000000000e+00,4.000000000000000000e+00,0.000000000000000000e+00,0.000000000000000000e+00,0.000000000000000000e+00
8.749946599999999496e-06,3.001698010000000139e+00,2.348788809999999838e+00,2.348732290000000056e+00,6.529091989999999956e-01,4.000000000000000000e+00,4.000000000000000000e+00,0.000000000000000000e+00,0.000000000000000000e+00,0.000000000000000000e+00
8.949946599999999275e-06,3.001624200000000187e+00,2.352073090000000199e+00,2.352019020000000182e+00,6.495511090000000154e-01,4.000000000000000000e+00,4.000000000000000000e+00,0.000000000000000000e+00,0.000000000000000000e+00,0.000000000000000000e+00
9.149946600000000748e-06,3.001555100000000031e+00,2.355217520000000064e+00,2.355165749999999836e+00,6.463375789999999954e-01,4.000000000000000000e+00,4.000000000000000000e+00,0.000000000000000000e+00,0.000000000000000000e+00,0.000000000000000000e+00
9.349946600000000527e-06,3.001490330000000206e+00,2.358230869999999868e+00,2.358181249999999896e+00,6.432594590000000334e-01,4.000000000000000000e+00,4.000000000000000000e+00,0.000000000000000000e+00,0.000000000000000000e+00,0.000000000000000000e+00
9.549946600000000307e-06,3.001429519999999851e+00,2.361121160000000163e+00,2.361073569999999844e+00,6.403083579999999664e-01,4.000000000000000000e+00,4.000000000000000000e+00,0.000000000000000000e+00,0.000000000000000000e+00,0.000000000000000000e+00
9.749946600000000086e-06,3.001372359999999961e+00,2.363895799999999880e+00,2.363850110000000004e+00,6.374765650000000505e-01,4.000000000000000000e+00,4.000000000000000000e+00,0.000000000000000000e+00,0.000000000000000000e+00,0.000000000000000000e+00
9.949946599999999865e-06,3.001318570000000019e+00,2.366561579999999942e+00,2.366517679999999846e+00,6.347569809999999979e-01,4.000000000000000000e+00,4.000000000000000000e+00,0.000000000000000000e+00,0.000000000000000000e+00,0.000000000000000000e+00
1.014994659999999964e-05,3.001267869999999949e+00,2.369124810000000192e+00,2.369082600000000038e+00,6.321430599999999789e-01,4.000000000000000000e+00,4.000000000000000000e+00,0.000000000000000000e+00,0.000000000000000000e+00,0.000000000000000000e+00
1.034994659999999942e-05,3.001220050000000139e+00,2.371591299999999958e+00,2.371550679999999911e+00,6.296287550000000399e-01,4.000000000000000000e+00,4.000000000000000000e+00,0.000000000000000000e+00,0.000000000000000000e+00,0.000000000000000000e+00
1.054994659999999920e-05,3.001174890000000151e+00,2.373966409999999971e+00,2.373927290000000134e+00,6.272084740000000158e-01,4.000000000000000000e+00,4.000000000000000000e+00,0.000000000000000000e+00,0.000000000000000000e+00,0.000000000000000000e+00
1.074994660000000068e-05,3.001132189999999866e+00,2.376255149999999983e+00,2.376217449999999953e+00,6.248770359999999968e-01,4.000000000000000000e+00,4.000000000000000000e+00,0.000000000000000000e+00,0.000000000000000000e+00,0.000000000000000000e+00
1.094994660000000046e-05,3.001091769999999936e+00,2.378462139999999891e+00,2.378425790000000095e+00,6.226296319999999884e-01,4.000000000000000000e+00,4.000000000000000000e+00,0.000000000000000000e+00,0.000000000000000000e+00,0.000000000000000000e+00
1.114994660000000023e-05,3.001053489999999879e+00,2.380591690000000149e+00,2.380556610000000184e+00,6.204617970000000371e-01,4.000000000000000000e+00,4.000000000000000000e+00,0.000000000000000000e+00,0.000000000000000000e+00,0.000000000000000000e+00
1.134994660000000001e-05,3.001017179999999840e+00,2.382647809999999922e+00,2.382613930000000213e+00,6.183693749999999989e-01,4.000000000000000000e+00,4.000000000000000000e+00,0.000000000000000000e+00,0.000000000000000000e+00,0.000000000000000000e+00
1.154994659999999979e-05,3.000982720000000104e+00,2.384634220000000138e+00,2.384601500000000041e+00,6.163484959999999679e-01,4.000000000000000000e+00,4.000000000000000000e+00,0.000000000000000000e+00,0.000000000000000000e+00,0.000000000000000000e+00
1.174994659999999957e-05,3.000949980000000128e+00,2.386554429999999893e+00,2.386522799999999833e+00,6.143955490000000408e-01,4.000000000000000000e+00,4.000000000000000000e+00,0.000000000000000000e+00,0.000000000000000000e+00,0.000000000000000000e+00
1.194994659999999935e-05,3.000918850000000138e+00,2.388411689999999865e+00,2.388381090000000206e+00,6.125071650000000201e-01,4.000000000000000000e+00,4.000000000000000000e+00,0.000000000000000000e+00,0.000000000000000000e+00,0.000000000000000000e+00
1.214994660000000082e-05,3.000889229999999852e+00,2.390209039999999785e+00,2.390179429999999883e+00,6.106801910000000388e-01,4.000000000000000000e+00,4.000000000000000000e+00,0.000000000000000000e+00,0.000000000000000000e+00,0.000000000000000000e+00
1.234994660000000060e-05,3.000861019999999879e+00,2.391949340000000035e+00,2.391920670000000193e+00,6.089116780000000118e-01,4.000000000000000000e+00,4.000000000000000000e+00,0.000000000000000000e+00,0.000000000000000000e+00,0.000000000000000000e+00
1.254994660000000038e-05,3.000834129999999877e+00,2.393635269999999871e+00,2.393607489999999949e+00,6.071988630000000331e-01,4.000000000000000000e+00,4.000000000000000000e+00,0.000000000000000000e+00,0.000000000000000000e+00,0.000000000000000000e+00
1.274994660000000016e-05,3.000808479999999889e+00,2.395269330000000085e+00,2.395242399999999883e+00,6.055391540000000239e-01,4.000000000000000000e+00,4.000000000000000000e+00,0.000000000000000000e+00,0.000000000000000000e+00,0.000000000000000000e+00
1.294994659999999994e-05,3.000783999999999896e+00,2.396853880000000103e+00,2.396827769999999802e+00,6.039301179999999603e-01,4.000000000000000000e+00,4.000000000000000000e+00,0.000000000000000000e+00,0.000000000000000000e+00,0.000000000000000000e+00
1.314994659999999972e-05,3.000760609999999939e+00,2.398391140000000199e+00,2.398365810000000042e+00,6.023694670000000473e-01,4.000000000000000000e+00,4.000000000000000000e+00,0.000000000000000000e+00,0.000000000000000000e+00,0.000000000000000000e+00
1.334994659999999950e-05,3.000738249999999940e+00,2.399883200000000105e+00,2.399858609999999892e+00,6.008550520000000006e-01,4.000000000000000000e+00,4.000000000000000000e+00,0.000000000000000000e+00,0.000000000000000000e+00,0.000000000000000000e+00
1.354994659999999928e-05,3.000716870000000203e+00,2.401332019999999901e+00,2.401308150000000197e+00,5.993848449999999994e-01,4.000000000000000000e+00,4.000000000000000000e+00,0.000000000000000000e+00,0.000000000000000000e+00,0.000000000000000000e+00
1.374994660000000075e-05,3.000696399999999819e+00,2.402739459999999827e+00,2.402716260000000048e+00,5.979569390000000206e-01,4.000000000000000000e+00,4.000000000000000000e+00,0.000000000000000000e+00,0.000000000000000000e+00,0.000000000000000000e+00
1.394994660000000053e-05,3.000676789999999983e+00,2.404107259999999968e+00,2.404084720000000175e+00,5.965695330000000407e-01,4.000000000000000000e+00,4.000000000000000000e+00,0.000000000000000000e+00,0.000000000000000000e+00,0.000000000000000000e+00
1.414994660000000031e-05,3.000658009999999987e+00,2.405437080000000005e+00,2.405415159999999997e+00,5.952209280000000380e-01,4.000000000000000000e+00,4.000000000000000000e+00,0.000000000000000000e+00,0.000000000000000000e+00,0.000000000000000000e+00
1.434994660000000009e-05,3.000639989999999813e+00,2.406730469999999844e+00,2.406709160000000125e+00,5.939095170000000534e-01,4.000000000000000000e+00,4.000000000000000000e+00,0.000000000000000000e+00,0.000000000000000000e+00,0.000000000000000000e+00
1.454994659999999987e-05,3.000622710000000026e+00,2.407988920000000199e+00,2.407968180000000125e+00,5.926337830000000251e-01,4.000000000000000000e+00,4.000000000000000000e+00,0.000000000000000000e+00,0.000000000000000000e+00,0.000000000000000000e+00
1.474994659999999965e-05,3.000606110000000104e+00,2.409213820000000172e+00,2.409193629999999864e+00,5.913922879999999882e-01,4.000000000000000000e+00,4.000000000000000000e+00,0.000000000000000000e+00,0.000000000000000000e+00,0.000000000000000000e+00
1.494994659999999943e-05,3.000590170000000168e+00,2.410406500000000118e+00,2.410386840000000142e+00,5.901836719999999925e-01,4.000000000000000000e+00,4.000000000000000000e+00,0.000000000000000000e+00,0.000000000000000000e+00,0.000000000000000000e+00
1.514994659999999921e-05,3.000574850000000016e+00,2.411568200000000051e+00,2.411549060000000022e+00,5.890066459999999671e-01,4.000000000000000000e+00,4.000000000000000000e+00,0.000000000000000000e+00,0.000000000000000000e+00,0.000000000000000000e+00
1.534994659999999899e-05,3.000560119999999831e+00,2.412700130000000165e+00,2.412681469999999884e+00,5.878599869999999727e-01,4.000000000000000000e+00,4.000000000000000000e+00,0.000000000000000000e+00,0.000000000000000000e+00,0.000000000000000000e+00
1.554994660000000046e-05,3.000545949999999795e+00,2.413803409999999872e+00,2.413785229999999782e+00,5.867425349999999540e-01,4.000000000000000000e+00,4.000000000000000000e+00,0.000000000000000000e+00,0.000000000000000000e+00,0.000000000000000000e+00
1.574994659999999854e-05,3.000532310000000091e+00,2.414879120000000157e+00,2.414861389999999997e+00,5.856531860000000478e-01,4.000000000000000000e+00,4.000000000000000000e+00,0.000000000000000000e+00,0.000000000000000000e+00,0.000000000000000000e+00
1.594994660000000002e-05,3.000519170000000013e+00,2.415928280000000150e+00,2.415910980000000041e+00,5.845908950000000548e-01,4.000000000000000000e+00,4.000000000000000000e+00,0.000000000000000000e+00,0.000000000000000000e+00,0.000000000000000000e+00
1.614994660000000149e-05,3.000506520000000066e+00,2.416951849999999791e+00,2.416934980000000177e+00,5.835546649999999724e-01,4.000000000000000000e+00,4.000000000000000000e+00,0.000000000000000000e+00,0.000000000000000000e+00,0.000000000000000000e+00
1.634994659999999958e-05,3.000494320000000048e+00,2.417950770000000027e+00,2.417934300000000203e+00,5.825435479999999666e-01,4.000000000000000000e+00,4.000000000000000000e+00,0.000000000000000000e+00,0.000000000000000000e+00,0.000000000000000000e+00
1.654994660000000105e-05,3.000482560000000021e+00,2.418925910000000012e+00,2.418909839999999978e+00,5.815566429999999842e-01,4.000000000000000000e+00,4.000000000000000000e+00,0.000000000000000000e+00,0.000000000000000000e+00,0.000000000000000000e+00
1.674994659999999913e-05,3.000471210000000166e+00,2.419878119999999910e+00,2.419862419999999847e+00,5.805930900000000339e-01,4.000000000000000000e+00,4.000000000000000000e+00,0.000000000000000000e+00,0.000000000000000000e+00,0.000000000000000000e+00
1.694994660000000061e-05,3.000460260000000101e+00,2.420808189999999804e+00,2.420792850000000218e+00,5.796520689999999920e-01,4.000000000000000000e+00,4.000000000000000000e+00,0.000000000000000000e+00,0.000000000000000000e+00,0.000000000000000000e+00
1.714994659999999869e-05,3.000449680000000008e+00,2.421716879999999961e+00,2.421701899999999963e+00,5.787328000000000472e-01,4.000000000000000000e+00,4.000000000000000000e+00,0.000000000000000000e+00,0.000000000000000000e+00,0.000000000000000000e+00
1.734994660000000017e-05,3.000439469999999886e+00,2.422604929999999879e+00,2.422590290000000035e+00,5.778345369999999814e-01,4.000000000000000000e+00,4.000000000000000000e+00,0.000000000000000000e+00,0.000000000000000000e+00,0.000000000000000000e+00
1.754994660000000164e-05,3.000429599999999919e+00,2.423473029999999806e+00,2.423458720000000177e+00,5.769565679999999475e-01,4.000000000000000000e+00,4.000000000000000000e+00,0.000000000000000000e+00,0.000000000000000000e+00,0.000000000000000000e+00
1.774994659999999972e-05,3.000420060000000166e+00,2.424321840000000172e+00,2.424307849999999931e+00,5.760982129999999701e-01,4.000000000000000000e+00,4.000000000000000000e+00,0.000000000000000000e+00,0.000000000000000000e+00,0.000000000000000000e+00
1.794994660000000120e-05,3.000410829999999862e+00,2.425152010000000136e+00,2.425138319999999847e+00,5.752588210000000313e-01,4.000000000000000000e+00,4.000000000000000000e+00,0.000000000000000000e+00,0.000000000000000000e+00,0.000000000000000000e+00
1.814994659999999928e-05,3.000401899999999955e+00,2.425964130000000107e+00,2.425950740000000216e+00,5.744377720000000132e-01,4.000000000000000000e+00,4.000000000000000000e+00,0.000000000000000000e+00,0.000000000000000000e+00,0.000000000000000000e+00
1.834994660000000076e-05,3.000393270000000001e+00,2.426758799999999994e+00,2.426745690000000177e+00,5.736344700000000074e-01,4.000000000000000000e+00,4.000000000000000000e+00,0.000000000000000000e+00,0.000000000000000000e+00,0.000000000000000000e+00
1.854994659999999884e-05,3.000384899999999799e+00,2.427536560000000065e+00,2.427523729999999880e+00,5.728483460000000083e-01,4.000000000000000000e+00,4.000000000000000000e+00,0.000000000000000000e+00,0.000000000000000000e+00,0.000000000000000000e+00
1.874994660000000031e-05,3.000376800000000177e+00,2.428297950000000149e+00,2.428285390000000099e+00,5.720788549999999972e-01,4.000000000000000000e+00,4.000000000000000000e+00,0.000000000000000000e+00,0.000000000000000000e+00,0.000000000000000000e+00
1.894994659999999840e-05,3.000368959999999863e+00,2.429043479999999811e+00,2.429031189999999896e+00,5.713254749999999715e-01,4.000000000000000000e+00,4.000000000000000000e+00,0.000000000000000000e+00,0.000000000000000000e+00,0.000000000000000000e+00
1.914994659999999987e-05,3.000361349999999927e+00,2.429773650000000007e+00,2.429761609999999905e+00,5.705877050000000006e-01,4.000000000000000000e+00,4.000000000000000000e+00,0.000000000000000000e+00,0.000000000000000000e+00,0.000000000000000000e+00
1.934994660000000135e-05,3.000353979999999865e+00,2.430488920000000164e+00,2.430477119999999935e+00,5.698650650000000040e-01,4.000000000000000000e+00,4.000000000000000000e+00,0.000000000000000000e+00,0.000000000000000000e+00,0.000000000000000000e+00
1.954994659999999943e-05,3.000346829999999798e+00,2.431189740000000210e+00,2.431178179999999855e+00,5.691570940000000300e-01,4.000000000000000000e+00,4.000000000000000000e+00,0.000000000000000000e+00,0.000000000000000000e+00,0.000000000000000000e+00
1.974994660000000090e-05,3.000339900000000171e+00,2.431876550000000137e+00,2.431865230000000100e+00,5.684633500000000339e-01,4.000000000000000000e+00,4.000000000000000000e+00,0.000000000000000000e+00,0.000000000000000000e+00,0.000000000000000000e+00
1.994994659999999899e-05,3.000333170000000216e+00,2.432549770000000056e+00,2.432538660000000075e+00,5.677834080000000450e-01,4.000000000000000000e+00,4.000000000000000000e+00,0.000000000000000000e+00,0.000000000000000000e+00,0.000000000000000000e+00
2.014994660000000046e-05,3.000326639999999934e+00,2.433209779999999878e+00,2.433198899999999831e+00,5.671168610000000276e-01,4.000000000000000000e+00,4.000000000000000000e+00,0.000000000000000000e+00,0.000000000000000000e+00,0.000000000000000000e+00
2.034994659999999855e-05,3.000320299999999829e+00,2.433856990000000220e+00,2.433846309999999846e+00,5.664633169999999662e-01,4.000000000000000000e+00,4.000000000000000000e+00,0.000000000000000000e+00,0.000000000000000000e+00,0.000000000000000000e+00
2.054994660000000002e-05,3.000314149999999902e+00,2.434491749999999843e+00,2.434481279999999970e+00,5.658223989999999759e-01,4.000000000000000000e+00,4.000000000000000000e+00,0.000000000000000000e+00,0.000000000000000000e+00,0.000000000000000000e+00
2.074994660000000149e-05,3.000308159999999891e+00,2.435114420000000113e+00,2.435104149999999912e+00,5.651937449999999696e-01,4.000000000000000000e+00,4.000000000000000000e+00,0.000000000000000000e+00,0.000000000000000000e+00,0.000000000000000000e+00
2.094994659999999958e-05,3.000302350000000118e+00,2.435725349999999789e+00,2.435715270000000210e+00,5.645770060000000479e-01,4.000000000000000000e+00,4.000000000000000000e+00,0.000000000000000000e+00,0.000000000000000000e+00,0.000000000000000000e+00
2.114994660000000105e-05,3.000296699999999817e+00,2.436324860000000037e+00,2.436314970000000191e+00,5.639718470000000261e-01,4.000000000000000000e+00,4.000000000000000000e+00,0.000000000000000000e+00,0.000000000000000000e+00,0.000000000000000000e+00
2.134994659999999914e-05,3.000291209999999875e+00,2.436913269999999798e+00,2.436903560000000191e+00,5.633779439999999639e-01,4.000000000000000000e+00,4.000000000000000000e+00,0.000000000000000000e+00,0.000000000000000000e+00,0.000000000000000000e+00
2.154994660000000061e-05,3.000285869999999910e+00,2.437490879999999915e+00,2.437481360000000041e+00,5.627949859999999971e-01,4.000000000000000000e+00,4.000000000000000000e+00,0.000000000000000000e+00,0.000000000000000000e+00,0.000000000000000000e+00
2.174994659999999870e-05,3.000280669999999983e+00,2.438057999999999836e+00,2.438048649999999817e+00,5.622226750000000051e-01,4.000000000000000000e+00,4.000000000000000000e+00,0.000000000000000000e+00,0.000000000000000000e+00,0.000000000000000000e+00
2.194994660000000017e-05,3.000275620000000032e+00,2.438614900000000141e+00,2.438605710000000037e+00,5.616607200000000022e-01,4.000000000000000000e+00,4.000000000000000000e+00,0.000000000000000000e+00,0.000000000000000000e+00,0.000000000000000000e+00
2.214994660000000164e-05,3.000270700000000179e+00,2.439161850000000076e+00,2.439152829999999827e+00,5.611088429999999683e-01,4.000000000000000000e+00,4.000000000000000000e+00,0.000000000000000000e+00,0.000000000000000000e+00,0.000000000000000000e+00
2.234994659999999973e-05,3.000265909999999980e+00,2.439699130000000160e+00,2.439690269999999828e+00,5.605667760000000444e-01,4.000000000000000000e+00,4.000000000000000000e+00,0.000000000000000000e+00,0.000000000000000000e+00,0.000000000000000000e+00
2.254994660000000120e-05,3.000261239999999940e+00,2.440226979999999823e+00,2.440218279999999851e+00,5.600342600000000060e-01,4.000000000000000000e+00,4.000000000000000000e+00,0.000000000000000000e+00,0.000000000000000000e+00,0.000000000000000000e+00
2.274994659999999929e-05,3.000256699999999999e+00,2.440745660000000150e+00,2.440737100000000215e+00,5.595110439999999574e-01,4.000000000000000000e+00,4.000000000000000000e+00,0.000000000000000000e+00,0.000000000000000000e+00,0.000000000000000000e+00
2.294994660000000076e-05,3.000252280000000216e+00,2.441255389999999803e+00,2.441246979999999844e+00,5.589968870000000534e-01,4.000000000000000000e+00,4.000000000000000000e+00,0.000000000000000000e+00,0.000000000000000000e+00,0.000000000000000000e+00
2.314994659999999884e-05,3.000247970000000208e+00,2.441756409999999988e+00,2.441748150000000006e+00,5.584915550000000284e-01,4.000000000000000000e+00,4.000000000000000000e+00,0.000000000000000000e+00,0.000000000000000000e+00,0.000000000000000000e+00
2.334994660000000032e-05,3.000243760000000037e+00,2.442248939999999813e+00,2.442240819999999868e+00,5.579948240000000004e-01,4.000000000000000000e+00,4.000000000000000000e+00,0.000000000000000000e+00,0.000000000000000000e+00,0.000000000000000000e+00
2.354994659999999840e-05,3.000239670000000025e+00,2.442733190000000221e+00,2.442725199999999930e+00,5.575064760000000286e-01,4.000000000000000000e+00,4.000000000000000000e+00,0.000000000000000000e+00,0.000000000000000000e+00,0.000000000000000000e+00
2.374994659999999988e-05,3.000235679999999849e+00,2.443209369999999936e+00,2.443201520000000126e+00,5.570263009999999460e-01,4.000000000000000000e+00,4.000000000000000000e+00,0.000000000000000000e+00,0.000000000000000000e+00,0.000000000000000000e+00
2.394994660000000135e-05,3.000231780000000015e+00,2.443677689999999902e+00,2.443669959999999808e+00,5.565540939999999992e-01,4.000000000000000000e+00,4.000000000000000000e+00,0.000000000000000000e+00,0.000000000000000000e+00,0.000000000000000000e+00
2.414994659999999943e-05,3.000227980000000017e+00,2.444138319999999975e+00,2.444130719999999979e+00,5.560896600000000412e-01,4.000000000000000000e+00,4.000000000000000000e+00,0.000000000000000000e+00,0.000000000000000000e+00,0.000000000000000000e+00
2.434994660000000091e-05,3.000224279999999855e+00,2.444591470000000211e+00,2.444583989999999929e+00,5.556328090000000053e-01,4.000000000000000000e+00,4.000000000000000000e+00,0.000000000000000000e+00,0.000000000000000000e+00,0.000000000000000000e+00
2.454994659999999899e-05,3.000220660000000095e+00,2.445037300000000080e+00,2.445029949999999896e+00,5.551833550000000450e-01,4.000000000000000000e+00,4.000000000000000000e+00,0.000000000000000000e+00,0.000000000000000000e+00,0.000000000000000000e+00
2.474994660000000047e-05,3.000217129999999788e+00,2.445476010000000144e+00,2.445468770000000180e+00,5.547411209999999482e-01,4.000000000000000000e+00,4.000000000000000000e+00,0.000000000000000000e+00,0.000000000000000000e+00,0.000000000000000000e+00
2.494994659999999855e-05,3.000213679999999883e+00,2.445907749999999936e+00,2.445900630000000131e+00,5.543059350000000274e-01,4.000000000000000000e+00,4.000000000000000000e+00,0.000000000000000000e+00,0.000000000000000000e+00,0.000000000000000000e+00
2.514994660000000002e-05,3.000210319999999875e+00,2.446332690000000198e+00,2.446325680000000169e+00,5.538776290000000380e-01,4.000000000000000000e+00,4.000000000000000000e+00,0.000000000000000000e+00,0.000000000000000000e+00,0.000000000000000000e+00
2.534994660000000150e-05,3.000207029999999886e+00,2.446750989999999959e+00,2.446744090000000149e+00,5.534560410000000097e-01,4.000000000000000000e+00,4.000000000000000000e+00,0.000000000000000000e+00,0.000000000000000000e+00,0.000000000000000000e+00
2.554994659999999958e-05,3.000203819999999855e+00,2.447162810000000022e+00,2.447156010000000048e+00,5.530410159999999964e-01,4.000000000000000000e+00,4.000000000000000000e+00,0.000000000000000000e+00,0.000000000000000000e+00,0.000000000000000000e+00
2.574994660000000106e-05,3.000200689999999781e+00,2.447568289999999980e+00,2.447561599999999782e+00,5.526324000000000236e-01,4.000000000000000000e+00,4.000000000000000000e+00,0.000000000000000000e+00,0.000000000000000000e+00,0.000000000000000000e+00
2.594994659999999914e-05,3.000197619999999787e+00,2.447967579999999810e+00,2.447960989999999892e+00,5.522300470000000017e-01,4.000000000000000000e+00,4.000000000000000000e+00,0.000000000000000000e+00,0.000000000000000000e+00,0.000000000000000000e+00
2.614994660000000061e-05,3.000194630000000195e+00,2.448360819999999993e+00,2.448354329999999912e+00,5.518338130000000064e-01,4.000000000000000000e+00,4.000000000000000000e+00,0.000000000000000000e+00,0.000000000000000000e+00,0.000000000000000000e+00
2.634994659999999870e-05,3.000191699999999795e+00,2.448748140000000184e+00,2.448741749999999939e+00,5.514435610000000265e-01,4.000000000000000000e+00,4.000000000000000000e+00,0.000000000000000000e+00,0.000000000000000000e+00,0.000000000000000000e+00
2.654994660000000017e-05,3.000188839999999857e+00,2.449129689999999915e+00,2.449123390000000011e+00,5.510591559999999944e-01,4.000000000000000000e+00,4.000000000000000000e+00,0.000000000000000000e+00,0.000000000000000000e+00,0.000000000000000000e+00
2.674994660000000165e-05,3.000186039999999998e+00,2.449505579999999849e+00,2.449499379999999782e+00,5.506804669999999513e-01,4.000000000000000000e+00,4.000000000000000000e+00,0.000000000000000000e+00,0.000000000000000000e+00,0.000000000000000000e+00
2.694994659999999973e-05,3.000183310000000159e+00,2.449875940000000085e+00,2.449869829999999915e+00,5.503073680000000190e-01,4.000000000000000000e+00,4.000000000000000000e+00,0.000000000000000000e+00,0.000000000000000000e+00,0.000000000000000000e+00
2.714994660000000120e-05,3.000180630000000015e+00,2.450240899999999833e+00,2.450234870000000065e+00,5.499397369999999841e-01,4.000000000000000000e+00,4.000000000000000000e+00,0.000000000000000000e+00,0.000000000000000000e+00,0.000000000000000000e+00
2.734994659999999929e-05,3.000178009999999951e+00,2.450600559999999817e+00,2.450594629999999885e+00,5.495774530000000491e-01,4.000000000000000000e+00,4.000000000000000000e+00,0.000000000000000000e+00,0.000000000000000000e+00,0.000000000000000000e+00
2.754994660000000076e-05,3.000175449999999966e+00,2.450955050000000135e+00,2.450949200000000161e+00,5.492204019999999964e-01,4.000000000000000000e+00,4.000000000000000000e+00,0.000000000000000000e+00,0.000000000000000000e+00,0.000000000000000000e+00
2.774994659999999885e-05,3.000172950000000061e+00,2.451304470000000180e+00,2.451298710000000103e+00,5.488684710000000244e-01,4.000000000000000000e+00,4.000000000000000000e+00,0.000000000000000000e+00,0.000000000000000000e+00,0.000000000000000000e+00
2.794994660000000032e-05,3.000170489999999912e+00,2.451648940000000110e+00,2.451643259999999991e+00,5.485215500000000244e-01,4.000000000000000000e+00,4.000000000000000000e+00,0.000000000000000000e+00,0.000000000000000000e+00,0.000000000000000000e+00
2.814994659999999841e-05,3.000168089999999843e+00,2.451988560000000206e+00,2.451982950000000105e+00,5.481795329999999966e-01,4.000000000000000000e+00,4.000000000000000000e+00,0.000000000000000000e+00,0.000000000000000000e+00,0.000000000000000000e+00
2.834994659999999988e-05,3.000165739999999914e+00,2.452323419999999921e+00,2.452317900000000161e+00,5.478423180000000503e-01,4.000000000000000000e+00,4.000000000000000000e+00,0.000000000000000000e+00,0.000000000000000000e+00,0.000000000000000000e+00
2.854994660000000135e-05,3.000163440000000126e+00,2.452653629999999918e+00,2.452648190000000117e+00,5.475098040000000443e-01,4.000000000000000000e+00,4.000000000000000000e+00,0.000000000000000000e+00,0.000000000000000000e+00,0.000000000000000000e+00
2.874994659999999944e-05,3.000161180000000094e+00,2.452979290000000034e+00,2.452973919999999808e+00,5.471818920000000031e-01,4.000000000000000000e+00,4.000000000000000000e+00,0.000000000000000000e+00,0.000000000000000000e+00,0.000000000000000000e+00
2.894994660000000091e-05,3.000158970000000203e+00,2.453300479999999784e+00,2.453295189999999959e+00,5.468584899999999749e-01,4.000000000000000000e+00,4.000000000000000000e+00,0.000000000000000000e+00,0.000000000000000000e+00,0.000000000000000000e+00
2.914994659999999900e-05,3.000156810000000007e+00,2.453617309999999829e+00,2.453612080000000084e+00,5.465395029999999821e-01,4.000000000000000000e+00,4.000000000000000000e+00,0.000000000000000000e+00,0.000000000000000000e+00,0.000000000000000000e+00
2.934994660000000047e-05,3.000154690000000013e+00,2.453929850000000190e+00,2.453924690000000020e+00,5.462248429999999599e-01,4.000000000000000000e+00,4.000000000000000000e+00,0.000000000000000000e+00,0.000000000000000000e+00,0.000000000000000000e+00
2.954994659999999855e-05,3.000152620000000159e+00,2.454238189999999875e+00,2.454233110000000107e+00,5.459144209999999831e-01,4.000000000000000000e+00,4.000000000000000000e+00,0.000000000000000000e+00,0.000000000000000000e+00,0.000000000000000000e+00
2.974994660000000003e-05,3.000150580000000122e+00,2.454542430000000053e+00,2.454537409999999920e+00,5.456081539999999563e-01,4.000000000000000000e+00,4.000000000000000000e+00,0.000000000000000000e+00,0.000000000000000000e+00,0.000000000000000000e+00
2.994994660000000150e-05,3.000148579999999843e+00,2.454842629999999915e+00,2.454837669999999861e+00,5.453059580000000350e-01,4.000000000000000000e+00,4.000000000000000000e+00,0.000000000000000000e+00,0.000000000000000000e+00,0.000000000000000000e+00
3.014994659999999959e-05,3.000146630000000147e+00,2.455138879999999801e+00,2.455133990000000210e+00,5.450077530000000392e-01,4.000000000000000000e+00,4.000000000000000000e+00,0.000000000000000000e+00,0.000000000000000000e+00,0.000000000000000000e+00
3.034994660000000106e-05,3.000144709999999826e+00,2.455431250000000176e+00,2.455426430000000160e+00,5.447134599999999827e-01,4.000000000000000000e+00,4.000000000000000000e+00,0.000000000000000000e+00,0.000000000000000000e+00,0.000000000000000000e+00
3.054994659999999914e-05,3.000142830000000149e+00,2.455719830000000048e+00,2.455715070000000111e+00,5.444230020000000447e-01,4.000000000000000000e+00,4.000000000000000000e+00,0.000000000000000000e+00,0.000000000000000000e+00,0.000000000000000000e+00
3.074994659999999723e-05,3.000140989999999785e+00,2.456004679999999940e+00,2.455999980000000082e+00,5.441363059999999585e-01,4.000000000000000000e+00,4.000000000000000000e+00,0.000000000000000000e+00,0.000000000000000000e+00,0.000000000000000000e+00
3.094994660000000209e-05,3.000139180000000128e+00,2.456285879999999811e+00,2.456281240000000032e+00,5.438532990000000122e-01,4.000000000000000000e+00,4.000000000000000000e+00,0.000000000000000000e+00,0.000000000000000000e+00,0.000000000000000000e+00
3.114994660000000018e-05,3.000137409999999782e+00,2.456563500000000122e+00,2.456558919999999979e+00,5.435739099999999935e-01,4.000000000000000000e+00,4.000000000000000000e+00,0.000000000000000000e+00,0.000000000000000000e+00,0.000000000000000000e+00
3.134994659999999826e-05,3.000135670000000143e+00,2.456837600000000066e+00,2.456833070000000063e+00,5.432980699999999663e-01,4.000000000000000000e+00,4.000000000000000000e+00,0.000000000000000000e+00,0.000000000000000000e+00,0.000000000000000000e+00
3.154994660000000312e-05,3.000133959999999878e+00,2.457108250000000105e+00,2.457103780000000182e+00,5.430257120000000493e-01,4.000000000000000000e+00,4.000000000000000000e+00,0.000000000000000000e+00,0.000000000000000000e+00,0.000000000000000000e+00
3.174994660000000121e-05,3.000132279999999874e+00,2.457375509999999874e+00,2.457371100000000030e+00,5.427567709999999712e-01,4.000000000000000000e+00,4.000000000000000000e+00,0.000000000000000000e+00,0.000000000000000000e+00,0.000000000000000000e+00
3.194994659999999929e-05,3.000130640000000071e+00,2.457639460000000220e+00,2.457635100000000072e+00,5.424911820000000162e-01,4.000000000000000000e+00,4.000000000000000000e+00,0.000000000000000000e+00,0.000000000000000000e+00,0.000000000000000000e+00
3.214994659999999738e-05,3.000129030000000085e+00,2.457900140000000011e+00,2.457895839999999943e+00,5.422288840000000221e-01,4.000000000000000000e+00,4.000000000000000000e+00,0.000000000000000000e+00,0.000000000000000000e+00,0.000000000000000000e+00
3.234994660000000224e-05,3.000127439999999979e+00,2.458157630000000093e+00,2.458153380000000165e+00,5.419698160000000486e-01,4.000000000000000000e+00,4.000000000000000000e+00,0.000000000000000000e+00,0.000000000000000000e+00,0.000000000000000000e+00
3.254994660000000032e-05,3.000125890000000073e+00,2.458411969999999780e+00,2.458407769999999992e+00,5.417139189999999882e-01,4.000000000000000000e+00,4.000000000000000000e+00,0.000000000000000000e+00,0.000000000000000000e+00,0.000000000000000000e+00
3.274994659999999841e-05,3.000124360000000046e+00,2.458663229999999977e+00,2.458659079999999886e+00,5.414611350000000378e-01,4.000000000000000000e+00,4.000000000000000000e+00,0.000000000000000000e+00,0.000000000000000000e+00,0.000000000000000000e+00
3.294994660000000327e-05,3.000122859999999836e+00,2.458911459999999938e+00,2.458907359999999986e+00,5.412114059999999505e-01,4.000000000000000000e+00,4.000000000000000000e+00,0.000000000000000000e+00,0.000000000000000000e+00,0.000000000000000000e+00
3.314994660000000136e-05,3.000121389999999888e+00,2.459156709999999801e+00,2.459152659999999990e+00,5.409646799999999756e-01,4.000000000000000000e+00,4.000000000000000000e+00,0.000000000000000000e+00,0.000000000000000000e+00,0.000000000000000000e+00
3.334994659999999944e-05,3.000119950000000202e+00,2.459399040000000092e+00,2.459395049999999916e+00,5.407208999999999488e-01,4.000000000000000000e+00,4.000000000000000000e+00,0.000000000000000000e+00,0.000000000000000000e+00,0.000000000000000000e+00
3.354994659999999753e-05,3.000118520000000011e+00,2.459638510000000000e+00,2.459634560000000025e+00,5.404800170000000348e-01,4.000000000000000000e+00,4.000000000000000000e+00,0.000000000000000000e+00,0.000000000000000000e+00,0.000000000000000000e+00
3.374994660000000239e-05,3.000117130000000021e+00,2.459875149999999788e+00,2.459871249999999954e+00,5.402419769999999843e-01,4.000000000000000000e+00,4.000000000000000000e+00,0.000000000000000000e+00,0.000000000000000000e+00,0.000000000000000000e+00
3.394994660000000047e-05,3.000115759999999909e+00,2.460109029999999919e+00,2.460105169999999841e+00,5.400067309999999621e-01,4.000000000000000000e+00,4.000000000000000000e+00,0.000000000000000000e+00,0.000000000000000000e+00,0.000000000000000000e+00
3.414994659999999856e-05,3.000114410000000120e+00,2.460340180000000210e+00,2.460336369999999828e+00,5.397742300000000215e-01,4.000000000000000000e+00,4.000000000000000000e+00,0.000000000000000000e+00,0.000000000000000000e+00,0.000000000000000000e+00
3.434994659999999664e-05,3.000113090000000149e+00,2.460568659999999852e+00,2.460564890000000116e+00,5.395444259999999659e-01,4.000000000000000000e+00,4.000000000000000000e+00,0.000000000000000000e+00,0.000000000000000000e+00,0.000000000000000000e+00
3.454994660000000150e-05,3.000111790000000056e+00,2.460794509999999935e+00,2.460790789999999895e+00,5.393172739999999576e-01,4.000000000000000000e+00,4.000000000000000000e+00,0.000000000000000000e+00,0.000000000000000000e+00,0.000000000000000000e+00
3.474994659999999959e-05,3.000110509999999842e+00,2.461017780000000155e+00,2.461014099999999871e+00,5.390927260000000221e-01,4.000000000000000000e+00,4.000000000000000000e+00,0.000000000000000000e+00,0.000000000000000000e+00,0.000000000000000000e+00
3.494994659999999767e-05,3.000109249999999950e+00,2.461238509999999824e+00,2.461234870000000186e+00,5.388707390000000430e-01,4.000000000000000000e+00,4.000000000000000000e+00,0.000000000000000000e+00,0.000000000000000000e+00,0.000000000000000000e+00
3.514994660000000254e-05,3.000108019999999875e+00,2.461456749999999971e+00,2.461453150000000090e+00,5.386512700000000153e-01,4.000000000000000000e+00,4.000000000000000000e+00,0.000000000000000000e+00,0.000000000000000000e+00,0.000000000000000000e+00
3.534994660000000062e-05,3.000106800000000185e+00,2.461672529999999970e+00,2.461668969999999845e+00,5.384342749999999622e-01,4.000000000000000000e+00,4.000000000000000000e+00,0.000000000000000000e+00,0.000000000000000000e+00,0.000000000000000000e+00
3.554994659999999871e-05,3.000105609999999867e+00,2.461885899999999960e+00,2.461882370000000098e+00,5.382197130000000440e-01,4.000000000000000000e+00,4.000000000000000000e+00,0.000000000000000000e+00,0.000000000000000000e+00,0.000000000000000000e+00
3.574994659999999679e-05,3.000104429999999933e+00,2.462096890000000204e+00,2.462093410000000038e+00,5.380075439999999487e-01,4.000000000000000000e+00,4.000000000000000000e+00,0.000000000000000000e+00,0.000000000000000000e+00,0.000000000000000000e+00
3.594994660000000165e-05,3.000103279999999817e+00,2.462305549999999954e+00,2.462302109999999988e+00,5.377977280000000304e-01,4.000000000000000000e+00,4.000000000000000000e+00,0.000000000000000000e+00,0.000000000000000000e+00,0.000000000000000000e+00
3.614994659999999974e-05,3.000102140000000084e+00,2.462511919999999854e+00,2.462508510000000150e+00,5.375902249999999771e-01,4.000000000000000000e+00,4.000000000000000000e+00,0.000000000000000000e+00,0.000000000000000000e+00,0.000000000000000000e+00
3.634994659999999782e-05,3.000101030000000168e+00,2.462716030000000167e+00,2.462712660000000220e+00,5.373849979999999471e-01,4.000000000000000000e+00,4.000000000000000000e+00,0.000000000000000000e+00,0.000000000000000000e+00,0.000000000000000000e+00
3.654994660000000268e-05,3.000099930000000192e+00,2.462917920000000205e+00,2.462914590000000015e+00,5.371820099999999876e-01,4.000000000000000000e+00,4.000000000000000000e+00,0.000000000000000000e+00,0.000000000000000000e+00,0.000000000000000000e+00
3.674994660000000077e-05,3.000098850000000095e+00,2.463117619999999786e+00,2.463114329999999796e+00,5.369812240000000347e-01,4.000000000000000000e+00,4.000000000000000000e+00,0.000000000000000000e+00,0.000000000000000000e+00,0.000000000000000000e+00
3.694994659999999886e-05,3.000097779999999936e+00,2.463315179999999938e+00,2.463311920000000210e+00,5.367826049999999682e-01,4.000000000000000000e+00,4.000000000000000000e+00,0.000000000000000000e+00,0.000000000000000000e+00,0.000000000000000000e+00
3.714994659999999694e-05,3.000096740000000040e+00,2.463510620000000095e+00,2.463507390000000186e+00,5.365861180000000008e-01,4.000000000000000000e+00,4.000000000000000000e+00,0.000000000000000000e+00,0.000000000000000000e+00,0.000000000000000000e+00
3.734994660000000180e-05,3.000095710000000082e+00,2.463703980000000016e+00,2.463700789999999863e+00,5.363917280000000121e-01,4.000000000000000000e+00,4.000000000000000000e+00,0.000000000000000000e+00,0.000000000000000000e+00,0.000000000000000000e+00
3.754994659999999989e-05,3.000094690000000064e+00,2.463895289999999960e+00,2.463892130000000069e+00,5.361994030000000189e-01,4.000000000000000000e+00,4.000000000000000000e+00,0.000000000000000000e+00,0.000000000000000000e+00,0.000000000000000000e+00
3.774994659999999797e-05,3.000093699999999863e+00,2.464084590000000130e+00,2.464081460000000057e+00,5.360091099999999553e-01,4.000000000000000000e+00,4.000000000000000000e+00,0.000000000000000000e+00,0.000000000000000000e+00,0.000000000000000000e+00
3.794994660000000283e-05,3.000092710000000107e+00,2.464271899999999960e+00,2.464268800000000148e+00,5.358208159999999776e-01,4.000000000000000000e+00,4.000000000000000000e+00,0.000000000000000000e+00,0.000000000000000000e+00,0.000000000000000000e+00
3.814994660000000092e-05,3.000091750000000168e+00,2.464457260000000094e+00,2.464454200000000039e+00,5.356344910000000459e-01,4.000000000000000000e+00,4.000000000000000000e+00,0.000000000000000000e+00,0.000000000000000000e+00,0.000000000000000000e+00
3.834994659999999900e-05,3.000090789999999785e+00,2.464640689999999967e+00,2.464637660000000174e+00,5.354501029999999551e-01,4.000000000000000000e+00,4.000000000000000000e+00,0.000000000000000000e+00,0.000000000000000000e+00,0.000000000000000000e+00
3.854994659999999709e-05,3.000089860000000108e+00,2.464822229999999781e+00,2.464819240000000189e+00,5.352676240000000529e-01,4.000000000000000000e+00,4.000000000000000000e+00,0.000000000000000000e+00,0.000000000000000000e+00,0.000000000000000000e+00
3.874994660000000195e-05,3.000088939999999926e+00,2.465001909999999796e+00,2.464998950000000022e+00,5.350870220000000232e-01,4.000000000000000000e+00,4.000000000000000000e+00,0.000000000000000000e+00,0.000000000000000000e+00,0.000000000000000000e+00
3.894994660000000004e-05,3.000088030000000128e+00,2.465179759999999831e+00,2.465176819999999935e+00,5.349082699999999635e-01,4.000000000000000000e+00,4.000000000000000000e+00,0.000000000000000000e+00,0.000000000000000000e+00,0.000000000000000000e+00
3.914994659999999812e-05,3.000087129999999824e+00,2.465355789999999825e+00,2.465352890000000130e+00,5.347313399999999994e-01,4.000000000000000000e+00,4.000000000000000000e+00,0.000000000000000000e+00,0.000000000000000000e+00,0.000000000000000000e+00
3.934994660000000298e-05,3.000086249999999843e+00,2.465530049999999918e+00,2.465527170000000101e+00,5.345562029999999520e-01,4.000000000000000000e+00,4.000000000000000000e+00,0.000000000000000000e+00,0.000000000000000000e+00,0.000000000000000000e+00
3.954994660000000107e-05,3.000085379999999802e+00,2.465702550000000048e+00,2.465699700000000050e+00,5.343828320000000298e-01,4.000000000000000000e+00,4.000000000000000000e+00,0.000000000000000000e+00,0.000000000000000000e+00,0.000000000000000000e+00
3.974994659999999915e-05,3.000084530000000083e+00,2.465873329999999974e+00,2.465870509999999793e+00,5.342112020000000516e-01,4.000000000000000000e+00,4.000000000000000000e+00,0.000000000000000000e+00,0.000000000000000000e+00,0.000000000000000000e+00
3.994994659999999724e-05,3.000083689999999859e+00,2.466042400000000079e+00,2.466039610000000160e+00,5.340412860000000039e-01,4.000000000000000000e+00,4.000000000000000000e+00,0.000000000000000000e+00,0.000000000000000000e+00,0.000000000000000000e+00
4.014994660000000210e-05,3.000082860000000018e+00,2.466209800000000119e+00,2.466207040000000017e+00,5.338730579999999559e-01,4.000000000000000000e+00,4.000000000000000000e+00,0.000000000000000000e+00,0.000000000000000000e+00,0.000000000000000000e+00
4.034994660000000018e-05,3.000082040000000116e+00,2.466375549999999972e+00,2.466372810000000193e+00,5.337064929999999485e-01,4.000000000000000000e+00,4.000000000000000000e+00,0.000000000000000000e+00,0.000000000000000000e+00,0.000000000000000000e+00
4.054994659999999827e-05,3.000081230000000154e+00,2.466539669999999962e+00,2.466536960000000001e+00,5.335415679999999661e-01,4.000000000000000000e+00,4.000000000000000000e+00,0.000000000000000000e+00,0.000000000000000000e+00,0.000000000000000000e+00
4.074994660000000313e-05,3.000080440000000070e+00,2.466702179999999966e+00,2.466699499999999823e+00,5.333782569999999668e-01,4.000000000000000000e+00,4.000000000000000000e+00,0.000000000000000000e+00,0.000000000000000000e+00,0.000000000000000000e+00
4.094994660000000122e-05,3.000079659999999926e+00,2.466863120000000187e+00,2.466860459999999922e+00,5.332165380000000177e-01,4.000000000000000000e+00,4.000000000000000000e+00,0.000000000000000000e+00,0.000000000000000000e+00,0.000000000000000000e+00
4.114994659999999930e-05,3.000078890000000165e+00,2.467022500000000118e+00,2.467019870000000115e+00,5.330563870000000204e-01,4.000000000000000000e+00,4.000000000000000000e+00,0.000000000000000000e+00,0.000000000000000000e+00,0.000000000000000000e+00
4.134994659999999739e-05,3.000078129999999899e+00,2.467180350000000022e+00,2.467177739999999897e+00,5.328977809999999593e-01,4.000000000000000000e+00,4.000000000000000000e+00,0.000000000000000000e+00,0.000000000000000000e+00,0.000000000000000000e+00
4.154994660000000225e-05,3.000077380000000016e+00,2.467336679999999838e+00,2.467334099999999975e+00,5.327406989999999842e-01,4.000000000000000000e+00,4.000000000000000000e+00,0.000000000000000000e+00,0.000000000000000000e+00,0.000000000000000000e+00
4.174994660000000033e-05,3.000076640000000072e+00,2.467491519999999827e+00,2.467488969999999782e+00,5.325851190000000512e-01,4.000000000000000000e+00,4.000000000000000000e+00,0.000000000000000000e+00,0.000000000000000000e+00,0.000000000000000000e+00
4.194994659999999842e-05,3.000075920000000007e+00,2.467644899999999808e+00,2.467642360000000146e+00,5.324310190000000054e-01,4.000000000000000000e+00,4.000000000000000000e+00,0.000000000000000000e+00,0.000000000000000000e+00,0.000000000000000000e+00
4.214994660000000328e-05,3.000075199999999942e+00,2.467796819999999780e+00,2.467794309999999935e+00,5.322783779999999965e-01,4.000000000000000000e+00,4.000000000000000000e+00,0.000000000000000000e+00,0.000000000000000000e+00,0.000000000000000000e+00
4.234994660000000136e-05,3.000074489999999816e+00,2.467947319999999944e+00,2.467944829999999978e+00,5.321271749999999523e-01,4.000000000000000000e+00,4.000000000000000000e+00,0.000000000000000000e+00,0.000000000000000000e+00,0.000000000000000000e+00
4.254994659999999945e-05,3.000073790000000074e+00,2.468096399999999857e+00,2.468093940000000153e+00,5.319773909999999661e-01,4.000000000000000000e+00,4.000000000000000000e+00,0.000000000000000000e+00,0.000000000000000000e+00,0.000000000000000000e+00
4.274994659999999753e-05,3.000073110000000209e+00,2.468244100000000163e+00,2.468241659999999893e+00,5.318290049999999658e-01,4.000000000000000000e+00,4.000000000000000000e+00,0.000000000000000000e+00,0.000000000000000000e+00,0.000000000000000000e+00
4.294994660000000240e-05,3.000072429999999901e+00,2.468390429999999913e+00,2.468388009999999966e+00,5.316819990000000162e-01,4.000000000000000000e+00,4.000000000000000000e+00,0.000000000000000000e+00,0.000000000000000000e+00,0.000000000000000000e+00
4.314994660000000048e-05,3.000071759999999976e+00,2.468535409999999874e+00,2.468533009999999805e+00,5.315363530000000170e-01,4.000000000000000000e+00,4.000000000000000000e+00,0.000000000000000000e+00,0.000000000000000000e+00,0.000000000000000000e+00
4.334994659999999857e-05,3.000071099999999991e+00,2.468679049999999986e+00,2.468676680000000179e+00,5.313920469999999785e-01,4.000000000000000000e+00,4.000000000000000000e+00,0.000000000000000000e+00,0.000000000000000000e+00,0.000000000000000000e+00
4.354994659999999665e-05,3.000070449999999944e+00,2.468821390000000005e+00,2.468819040000000076e+00,5.312490650000000203e-01,4.000000000000000000e+00,4.000000000000000000e+00,0.000000000000000000e+00,0.000000000000000000e+00,0.000000000000000000e+00
4.374994660000000151e-05,3.000069809999999837e+00,2.468962419999999991e+00,2.468960089999999941e+00,5.311073870000000419e-01,4.000000000000000000e+00,4.000000000000000000e+00,0.000000000000000000e+00,0.000000000000000000e+00,0.000000000000000000e+00
4.394994659999999960e-05,3.000069180000000113e+00,2.469102180000000146e+00,2.469099869999999974e+00,5.309669970000000516e-01,4.000000000000000000e+00,4.000000000000000000e+00,0.000000000000000000e+00,0.000000000000000000e+00,0.000000000000000000e+00
4.414994659999999768e-05,3.000068549999999945e+00,2.469240679999999966e+00,2.469238390000000116e+00,5.308278760000000318e-01,4.000000000000000000e+00,4.000000000000000000e+00,0.000000000000000000e+00,0.000000000000000000e+00,0.000000000000000000e+00
4.434994660000000254e-05,3.000067940000000100e+00,2.469377929999999832e+00,2.469375659999999861e+00,5.306900079999999909e-01,4.000000000000000000e+00,4.000000000000000000e+00,0.000000000000000000e+00,0.000000000000000000e+00,0.000000000000000000e+00
4.454994660000000063e-05,3.000067329999999810e+00,2.469513950000000069e+00,2.469511709999999916e+00,5.305533749999999937e-01,4.000000000000000000e+00,4.000000000000000000e+00,0.000000000000000000e+00,0.000000000000000000e+00,0.000000000000000000e+00
4.474994659999999871e-05,3.000066729999999904e+00,2.469648770000000049e+00,2.469646539999999835e+00,5.304179610000000489e-01,4.000000000000000000e+00,4.000000000000000000e+00,0.000000000000000000e+00,0.000000000000000000e+00,0.000000000000000000e+00
4.494994659999999680e-05,3.000066139999999937e+00,2.469782390000000216e+00,2.469780179999999881e+00,5.302837510000000254e-01,4.000000000000000000e+00,4.000000000000000000e+00,0.000000000000000000e+00,0.000000000000000000e+00,0.000000000000000000e+00
4.514994660000000166e-05,3.000065549999999970e+00,2.469914830000000006e+00,2.469912639999999993e+00,5.301507269999999883e-01,4.000000000000000000e+00,4.000000000000000000e+00,0.000000000000000000e+00,0.000000000000000000e+00,0.000000000000000000e+00
4.534994659999999975e-05,3.000064979999999881e+00,2.470046099999999800e+00,2.470043930000000110e+00,5.300188750000000004e-01,4.000000000000000000e+00,4.000000000000000000e+00,0.000000000000000000e+00,0.000000000000000000e+00,0.000000000000000000e+00
4.554994659999999783e-05,3.000064409999999793e+00,2.470176229999999862e+00,2.470174080000000050e+00,5.298881789999999592e-01,4.000000000000000000e+00,4.000000000000000000e+00,0.000000000000000000e+00,0.000000000000000000e+00,0.000000000000000000e+00
4.574994660000000269e-05,3.000063850000000087e+00,2.470305220000000190e+00,2.470303089999999813e+00,5.297586239999999558e-01,4.000000000000000000e+00,4.000000000000000000e+00,0.000000000000000000e+00,0.000000000000000000e+00,0.000000000000000000e+00
4.594994660000000078e-05,3.000063299999999877e+00,2.470433100000000159e+00,2.470430990000000104e+00,5.296301949999999703e-01,4.000000000000000000e+00,4.000000000000000000e+00,0.000000000000000000e+00,0.000000000000000000e+00,0.000000000000000000e+00
4.614994659999999886e-05,3.000062750000000111e+00,2.470559870000000213e+00,2.470557780000000037e+00,5.295028769999999829e-01,4.000000000000000000e+00,4.000000000000000000e+00,0.000000000000000000e+00,0.000000000000000000e+00,0.000000000000000000e+00
4.634994659999999695e-05,3.000062209999999840e+00,2.470685549999999786e+00,2.470683479999999932e+00,5.293766570000000282e-01,4.000000000000000000e+00,4.000000000000000000e+00,0.000000000000000000e+00,0.000000000000000000e+00,0.000000000000000000e+00
4.654994660000000181e-05,3.000061679999999953e+00,2.470810160000000089e+00,2.470808100000000174e+00,5.292515199999999753e-01,4.000000000000000000e+00,4.000000000000000000e+00,0.000000000000000000e+00,0.000000000000000000e+00,0.000000000000000000e+00
4.674994659999999989e-05,3.000061150000000065e+00,2.470933699999999789e+00,2.470931660000000196e+00,5.291274519999999981e-01,4.000000000000000000e+00,4.000000000000000000e+00,0.000000000000000000e+00,0.000000000000000000e+00,0.000000000000000000e+00
4.694994659999999798e-05,3.000060630000000117e+00,2.471056190000000097e+00,2.471054169999999939e+00,5.290044390000000485e-01,4.000000000000000000e+00,4.000000000000000000e+00,0.000000000000000000e+00,0.000000000000000000e+00,0.000000000000000000e+00
4.714994660000000284e-05,3.000060120000000108e+00,2.471177650000000003e+00,2.471175639999999785e+00,5.288824690000000217e-01,4.000000000000000000e+00,4.000000000000000000e+00,0.000000000000000000e+00,0.000000000000000000e+00,0.000000000000000000e+00
4.734994660000000093e-05,3.000059610000000099e+00,2.471298079999999953e+00,2.471296099999999996e+00,5.287615279999999807e-01,4.000000000000000000e+00,4.000000000000000000e+00,0.000000000000000000e+00,0.000000000000000000e+00,0.000000000000000000e+00
4.754994659999999901e-05,3.000059110000000029e+00,2.471417510000000206e+00,2.471415540000000188e+00,5.286416029999999600e-01,4.000000000000000000e+00,4.000000000000000000e+00,0.000000000000000000e+00,0.000000000000000000e+00,0.000000000000000000e+00
4.774994659999999710e-05,3.000058619999999898e+00,2.471535939999999876e+00,2.471533979999999797e+00,5.285226809999999942e-01,4.000000000000000000e+00,4.000000000000000000e+00,0.000000000000000000e+00,0.000000000000000000e+00,0.000000000000000000e+00
4.794994660000000196e-05,3.000058130000000212e+00,2.471653379999999789e+00,2.471651440000000033e+00,5.284047509999999503e-01,4.000000000000000000e+00,4.000000000000000000e+00,0.000000000000000000e+00,0.000000000000000000e+00,0.000000000000000000e+00
4.814994660000000004e-05,3.000057650000000020e+00,2.471769849999999824e+00,2.471767929999999946e+00,5.282877980000000306e-01,4.000000000000000000e+00,4.000000000000000000e+00,0.000000000000000000e+00,0.000000000000000000e+00,0.000000000000000000e+00
4.834994659999999813e-05,3.000057169999999829e+00,2.471885359999999920e+00,2.471883449999999982e+00,5.281718130000000455e-01,4.000000000000000000e+00,4.000000000000000000e+00,0.000000000000000000e+00,0.000000000000000000e+00,0.000000000000000000e+00
4.854994660000000299e-05,3.000056709999999960e+00,2.471999920000000017e+00,2.471998029999999957e+00,5.280567819999999468e-01,4.000000000000000000e+00,4.000000000000000000e+00,0.000000000000000000e+00,0.000000000000000000e+00,0.000000000000000000e+00
4.874994660000000107e-05,3.000056240000000152e+00,2.472113549999999993e+00,2.472111669999999872e+00,5.279426940000000457e-01,4.000000000000000000e+00,4.000000000000000000e+00,0.000000000000000000e+00,0.000000000000000000e+00,0.000000000000000000e+00
4.894994659999999916e-05,3.000055779999999839e+00,2.472226249999999848e+00,2.472224380000000110e+00,5.278295370000000153e-01,4.000000000000000000e+00,4.000000000000000000e+00,0.000000000000000000e+00,0.000000000000000000e+00,0.000000000000000000e+00
4.914994659999999724e-05,3.000055329999999909e+00,2.472338029999999964e+00,2.472336180000000105e+00,5.277172999999999448e-01,4.000000000000000000e+00,4.000000000000000000e+00,0.000000000000000000e+00,0.000000000000000000e+00,0.000000000000000000e+00
4.934994660000000211e-05,3.000054879999999979e+00,2.472448910000000222e+00,2.472447079999999797e+00,5.276059720000000341e-01,4.000000000000000000e+00,4.000000000000000000e+00,0.000000000000000000e+00,0.000000000000000000e+00,0.000000000000000000e+00
4.954994660000000019e-05,3.000054439999999989e+00,2.472558900000000115e+00,2.472557080000000074e+00,5.274955420000000395e-01,4.000000000000000000e+00,4.000000000000000000e+00,0.000000000000000000e+00,0.000000000000000000e+00,0.000000000000000000e+00
4.974994659999999828e-05,3.000054009999999938e+00,2.472668010000000027e+00,2.472666199999999925e+00,5.273860000000000214e-01,4.000000000000000000e+00,4.000000000000000000e+00,0.000000000000000000e+00,0.000000000000000000e+00,0.000000000000000000e+00
4.994994660000000314e-05,3.000053569999999947e+00,2.472776239999999959e+00,2.472774450000000179e+00,5.272773330000000147e-01,4.000000000000000000e+00,4.000000000000000000e+00,0.000000000000000000e+00,0.000000000000000000e+00,0.000000000000000000e+00
5.014994660000000122e-05,3.000053149999999835e+00,2.472883609999999788e+00,2.472881839999999887e+00,5.271695330000000235e-01,4.000000000000000000e+00,4.000000000000000000e+00,0.000000000000000000e+00,0.000000000000000000e+00,0.000000000000000000e+00
5.034994659999999931e-05,3.000052730000000167e+00,2.472990139999999837e+00,2.472988379999999875e+00,5.270625890000000258e-01,4.000000000000000000e+00,4.000000000000000000e+00,0.000000000000000000e+00,0.000000000000000000e+00,0.000000000000000000e+00
5.054994659999999739e-05,3.000052310000000055e+00,2.473095820000000167e+00,2.473094070000000144e+00,5.269564899999999996e-01,4.000000000000000000e+00,4.000000000000000000e+00,0.000000000000000000e+00,0.000000000000000000e+00,0.000000000000000000e+00
5.074994660000000225e-05,3.000051899999999883e+00,2.473200670000000212e+00,2.473198940000000068e+00,5.268512269999999775e-01,4.000000000000000000e+00,4.000000000000000000e+00,0.000000000000000000e+00,0.000000000000000000e+00,0.000000000000000000e+00
5.094994660000000034e-05,3.000051490000000154e+00,2.473304699999999912e+00,2.473302980000000151e+00,5.267467890000000486e-01,4.000000000000000000e+00,4.000000000000000000e+00,0.000000000000000000e+00,0.000000000000000000e+00,0.000000000000000000e+00
5.114994659999999842e-05,3.000051089999999920e+00,2.473407920000000093e+00,2.473406220000000211e+00,5.266431679999999949e-01,4.000000000000000000e+00,4.000000000000000000e+00,0.000000000000000000e+00,0.000000000000000000e+00,0.000000000000000000e+00
5.134994660000000329e-05,3.000050690000000131e+00,2.473510339999999808e+00,2.473508649999999864e+00,5.265403539999999882e-01,4.000000000000000000e+00,4.000000000000000000e+00,0.000000000000000000e+00,0.000000000000000000e+00,0.000000000000000000e+00
5.154994660000000137e-05,3.000050299999999837e+00,2.473611959999999943e+00,2.473610289999999878e+00,5.264383369999999784e-01,4.000000000000000000e+00,4.000000000000000000e+00,0.000000000000000000e+00,0.000000000000000000e+00,0.000000000000000000e+00
5.174994659999999946e-05,3.000049909999999986e+00,2.473712809999999873e+00,2.473711139999999808e+00,5.263371089999999697e-01,4.000000000000000000e+00,4.000000000000000000e+00,0.000000000000000000e+00,0.000000000000000000e+00,0.000000000000000000e+00
5.194994659999999754e-05,3.000049530000000075e+00,2.473812870000000164e+00,2.473811219999999977e+00,5.262366590000000510e-01,4.000000000000000000e+00,4.000000000000000000e+00,0.000000000000000000e+00,0.000000000000000000e+00,0.000000000000000000e+00
5.214994660000000240e-05,3.000049150000000164e+00,2.473912170000000188e+00,2.473910529999999941e+00,5.261369790000000046e-01,4.000000000000000000e+00,4.000000000000000000e+00,0.000000000000000000e+00,0.000000000000000000e+00,0.000000000000000000e+00
5.234994660000000049e-05,3.000048780000000193e+00,2.474010719999999885e+00,2.474009090000000022e+00,5.260380609999999457e-01,4.000000000000000000e+00,4.000000000000000000e+00,0.000000000000000000e+00,0.000000000000000000e+00,0.000000000000000000e+00
5.254994659999999857e-05,3.000048410000000221e+00,2.474108510000000205e+00,2.474106889999999837e+00,5.259398960000000178e-01,4.000000000000000000e+00,4.000000000000000000e+00,0.000000000000000000e+00,0.000000000000000000e+00,0.000000000000000000e+00
5.274994659999999666e-05,3.000048039999999805e+00,2.474205570000000076e+00,2.474203960000000091e+00,5.258424739999999487e-01,4.000000000000000000e+00,4.000000000000000000e+00,0.000000000000000000e+00,0.000000000000000000e+00,0.000000000000000000e+00
5.294994660000000152e-05,3.000047680000000216e+00,2.474301890000000004e+00,2.474300299999999897e+00,5.257457890000000189e-01,4.000000000000000000e+00,4.000000000000000000e+00,0.000000000000000000e+00,0.000000000000000000e+00,0.000000000000000000e+00
5.314994659999999960e-05,3.000047320000000184e+00,2.474397489999999866e+00,2.474395910000000143e+00,5.256498299999999846e-01,4.000000000000000000e+00,4.000000000000000000e+00,0.000000000000000000e+00,0.000000000000000000e+00,0.000000000000000000e+00
5.334994659999999769e-05,3.000046970000000091e+00,2.474492370000000108e+00,2.474490809999999819e+00,5.255545919999999871e-01,4.000000000000000000e+00,4.000000000000000000e+00,0.000000000000000000e+00,0.000000000000000000e+00,0.000000000000000000e+00
5.354994660000000255e-05,3.000046619999999997e+00,2.474586550000000162e+00,2.474584999999999813e+00,5.254600640000000045e-01,4.000000000000000000e+00,4.000000000000000000e+00,0.000000000000000000e+00,0.000000000000000000e+00,0.000000000000000000e+00
5.374994660000000064e-05,3.000046269999999904e+00,2.474680030000000031e+00,2.474678490000000064e+00,5.253662399999999844e-01,4.000000000000000000e+00,4.000000000000000000e+00,0.000000000000000000e+00,0.000000000000000000e+00,0.000000000000000000e+00
5.394994659999999872e-05,3.000045930000000194e+00,2.474772820000000095e+00,2.474771280000000129e+00,5.252731109999999592e-01,4.000000000000000000e+00,4.000000000000000000e+00,0.000000000000000000e+00,0.000000000000000000e+00,0.000000000000000000e+00
5.414994659999999681e-05,3.000045590000000040e+00,2.474864919999999913e+00,2.474863399999999825e+00,5.251806700000000161e-01,4.000000000000000000e+00,4.000000000000000000e+00,0.000000000000000000e+00,0.000000000000000000e+00,0.000000000000000000e+00
5.434994660000000167e-05,3.000045249999999886e+00,2.474956339999999866e+00,2.474954830000000161e+00,5.250889100000000198e-01,4.000000000000000000e+00,4.000000000000000000e+00,0.000000000000000000e+00,0.000000000000000000e+00,0.000000000000000000e+00
5.454994659999999975e-05,3.000044920000000115e+00,2.475047099999999833e+00,2.475045600000000068e+00,5.249978220000000029e-01,4.000000000000000000e+00,4.000000000000000000e+00,0.000000000000000000e+00,0.000000000000000000e+00,0.000000000000000000e+00
5.474994659999999784e-05,3.000044599999999839e+00,2.475137189999999876e+00,2.475135709999999989e+00,5.249074000000000240e-01,4.000000000000000000e+00,4.000000000000000000e+00,0.000000000000000000e+00,0.000000000000000000e+00,0.000000000000000000e+00
5.494994660000000270e-05,3.000044270000000068e+00,2.475226629999999872e+00,2.475225159999999924e+00,5.248176359999999763e-01,4.000000000000000000e+00,4.000000000000000000e+00,0.000000000000000000e+00,0.000000000000000000e+00,0.000000000000000000e+00
5.514994660000000078e-05,3.000043949999999793e+00,2.475315430000000205e+00,2.475313959999999813e+00,5.247285240000000295e-01,4.000000000000000000e+00,4.000000000000000000e+00,0.000000000000000000e+00,0.000000000000000000e+00,0.000000000000000000e+00
5.534994659999999887e-05,3.000043629999999961e+00,2.475403580000000048e+00,2.475402120000000039e+00,5.246400549999999940e-01,4.000000000000000000e+00,4.000000000000000000e+00,0.000000000000000000e+00,0.000000000000000000e+00,0.000000000000000000e+00
5.554994659999999695e-05,3.000043320000000069e+00,2.475491100000000166e+00,2.475489650000000097e+00,5.245522240000000114e-01,4.000000000000000000e+00,4.000000000000000000e+00,0.000000000000000000e+00,0.000000000000000000e+00,0.000000000000000000e+00
5.574994660000000182e-05,3.000043010000000177e+00,2.475577990000000117e+00,2.475576549999999987e+00,5.244650220000000029e-01,4.000000000000000000e+00,4.000000000000000000e+00,0.000000000000000000e+00,0.000000000000000000e+00,0.000000000000000000e+00
5.594994659999999990e-05,3.000042699999999840e+00,2.475664259999999839e+00,2.475662830000000092e+00,5.243784449999999708e-01,4.000000000000000000e+00,4.000000000000000000e+00,0.000000000000000000e+00,0.000000000000000000e+00,0.000000000000000000e+00
5.614994659999999799e-05,3.000042399999999887e+00,2.475749910000000220e+00,2.475748499999999908e+00,5.242924839999999476e-01,4.000000000000000000e+00,4.000000000000000000e+00,0.000000000000000000e+00,0.000000000000000000e+00,0.000000000000000000e+00
5.634994660000000285e-05,3.000042099999999934e+00,2.475834959999999807e+00,2.475833559999999878e+00,5.242071339999999635e-01,4.000000000000000000e+00,4.000000000000000000e+00,0.000000000000000000e+00,0.000000000000000000e+00,0.000000000000000000e+00
5.654994660000000093e-05,3.000041799999999981e+00,2.475919409999999932e+00,2.475918019999999942e+00,5.241223879999999946e-01,4.000000000000000000e+00,4.000000000000000000e+00,0.000000000000000000e+00,0.000000000000000000e+00,0.000000000000000000e+00
5.674994659999999902e-05,3.000041509999999967e+00,2.476003270000000089e+00,2.476001880000000099e+00,5.240382390000000168e-01,4.000000000000000000e+00,4.000000000000000000e+00,0.000000000000000000e+00,0.000000000000000000e+00,0.000000000000000000e+00
5.694994659999999710e-05,3.000041219999999953e+00,2.476086529999999897e+00,2.476085159999999785e+00,5.239546809999999777e-01,4.000000000000000000e+00,4.000000000000000000e+00,0.000000000000000000e+00,0.000000000000000000e+00,0.000000000000000000e+00
5.714994660000000196e-05,3.000040929999999939e+00,2.476169220000000060e+00,2.476167849999999948e+00,5.238717090000000187e-01,4.000000000000000000e+00,4.000000000000000000e+00,0.000000000000000000e+00,0.000000000000000000e+00,0.000000000000000000e+00
5.734994660000000005e-05,3.000040639999999925e+00,2.476251330000000195e+00,2.476249970000000022e+00,5.237893150000000331e-01,4.000000000000000000e+00,4.000000000000000000e+00,0.000000000000000000e+00,0.000000000000000000e+00,0.000000000000000000e+00
5.754994659999999813e-05,3.000040359999999851e+00,2.476332869999999797e+00,2.476331520000000008e+00,5.237074950000000229e-01,4.000000000000000000e+00,4.000000000000000000e+00,0.000000000000000000e+00,0.000000000000000000e+00,0.000000000000000000e+00
5.774994660000000300e-05,3.000040080000000220e+00,2.476413840000000199e+00,2.476412499999999905e+00,5.236262419999999640e-01,4.000000000000000000e+00,4.000000000000000000e+00,0.000000000000000000e+00,0.000000000000000000e+00,0.000000000000000000e+00
5.794994660000000108e-05,3.000039800000000145e+00,2.476494259999999947e+00,2.476492930000000037e+00,5.235455490000000545e-01,4.000000000000000000e+00,4.000000000000000000e+00,0.000000000000000000e+00,0.000000000000000000e+00,0.000000000000000000e+00
5.814994659999999917e-05,3.000039530000000010e+00,2.476574119999999990e+00,2.476572800000000019e+00,5.234654130000000460e-01,4.000000000000000000e+00,4.000000000000000000e+00,0.000000000000000000e+00,0.000000000000000000e+00,0.000000000000000000e+00
5.834994659999999725e-05,3.000039259999999874e+00,2.476653429999999823e+00,2.476652119999999790e+00,5.233858249999999712e-01,4.000000000000000000e+00,4.000000000000000000e+00,0.000000000000000000e+00,0.000000000000000000e+00,0.000000000000000000e+00
5.854994660000000211e-05,3.000038990000000183e+00,2.476732210000000212e+00,2.476730910000000119e+00,5.233067829999999976e-01,4.000000000000000000e+00,4.000000000000000000e+00,0.000000000000000000e+00,0.000000000000000000e+00,0.000000000000000000e+00
5.874994660000000020e-05,3.000038729999999987e+00,2.476810449999999886e+00,2.476809160000000176e+00,5.232282780000000466e-01,4.000000000000000000e+00,4.000000000000000000e+00,0.000000000000000000e+00,0.000000000000000000e+00,0.000000000000000000e+00
5.894994659999999828e-05,3.000038459999999851e+00,2.476888160000000116e+00,2.476886869999999963e+00,5.231503069999999811e-01,4.000000000000000000e+00,4.000000000000000000e+00,0.000000000000000000e+00,0.000000000000000000e+00,0.000000000000000000e+00
5.914994660000000314e-05,3.000038200000000099e+00,2.476965340000000015e+00,2.476964070000000184e+00,5.230728629999999990e-01,4.000000000000000000e+00,4.000000000000000000e+00,0.000000000000000000e+00,0.000000000000000000e+00,0.000000000000000000e+00
5.934994660000000123e-05,3.000037949999999842e+00,2.477042009999999905e+00,2.477040740000000074e+00,5.229959419999999914e-01,4.000000000000000000e+00,4.000000000000000000e+00,0.000000000000000000e+00,0.000000000000000000e+00,0.000000000000000000e+00
5.954994659999999931e-05,3.000037690000000090e+00,2.477118149999999908e+00,2.477116899999999955e+00,5.229195380000000171e-01,4.000000000000000000e+00,4.000000000000000000e+00,0.000000000000000000e+00,0.000000000000000000e+00,0.000000000000000000e+00
5.974994659999999740e-05,3.000037439999999833e+00,2.477193789999999840e+00,2.477192539999999887e+00,5.228436459999999952e-01,4.000000000000000000e+00,4.000000000000000000e+00,0.000000000000000000e+00,0.000000000000000000e+00,0.000000000000000000e+00
5.994994660000000226e-05,3.000037190000000020e+00,2.477268930000000147e+00,2.477267690000000133e+00,5.227682599999999846e-01,4.000000000000000000e+00,4.000000000000000000e+00,0.000000000000000000e+00,0.000000000000000000e+00,0.000000000000000000e+00
6.014994660000000035e-05,3.000036940000000207e+00,2.477343569999999939e+00,2.477342329999999926e+00,5.226933769999999591e-01,4.000000000000000000e+00,4.000000000000000000e+00,0.000000000000000000e+00,0.000000000000000000e+00,0.000000000000000000e+00
6.034994659999999843e-05,3.000036699999999890e+00,2.477417710000000106e+00,2.477416480000000032e+00,5.226189900000000055e-01,4.000000000000000000e+00,4.000000000000000000e+00,0.000000000000000000e+00,0.000000000000000000e+00,0.000000000000000000e+00
6.054994660000000329e-05,3.000036460000000016e+00,2.477491360000000142e+00,2.477490140000000007e+00,5.225450959999999867e-01,4.000000000000000000e+00,4.000000000000000000e+00,0.000000000000000000e+00,0.000000000000000000e+00,0.000000000000000000e+00
6.074994660000000138e-05,3.000036220000000142e+00,2.477564529999999987e+00,2.477563319999999791e+00,5.224716879999999897e-01,4.000000000000000000e+00,4.000000000000000000e+00,0.000000000000000000e+00,0.000000000000000000e+00,0.000000000000000000e+00
6.094994659999999946e-05,3.000035979999999824e+00,2.477637220000000084e+00,2.477636009999999889e+00,5.223987629999999882e-01,4.000000000000000000e+00,4.000000000000000000e+00,0.000000000000000000e+00,0.000000000000000000e+00,0.000000000000000000e+00
6.114994659999999755e-05,3.000035739999999951e+00,2.477709429999999990e+00,2.477708240000000117e+00,5.223263150000000410e-01,4.000000000000000000e+00,4.000000000000000000e+00,0.000000000000000000e+00,0.000000000000000000e+00,0.000000000000000000e+00
6.134994660000000241e-05,3.000035510000000016e+00,2.477781170000000088e+00,2.477779980000000215e+00,5.222543400000000391e-01,4.000000000000000000e+00,4.000000000000000000e+00,0.000000000000000000e+00,0.000000000000000000e+00,0.000000000000000000e+00
6.154994659999999372e-05,3.000035280000000082e+00,2.477852449999999873e+00,2.477851269999999939e+00,5.221828339999999846e-01,4.000000000000000000e+00,4.000000000000000000e+00,0.000000000000000000e+00,0.000000000000000000e+00,0.000000000000000000e+00
6.174994659999999858e-05,3.000035050000000147e+00,2.477923259999999850e+00,2.477922089999999855e+00,5.221117910000000473e-01,4.000000000000000000e+00,4.000000000000000000e+00,0.000000000000000000e+00,0.000000000000000000e+00,0.000000000000000000e+00
6.194994660000000344e-05,3.000034830000000152e+00,2.477993619999999897e+00,2.477992449999999902e+00,5.220412079999999788e-01,4.000000000000000000e+00,4.000000000000000000e+00,0.000000000000000000e+00,0.000000000000000000e+00,0.000000000000000000e+00
6.214994659999999475e-05,3.000034600000000218e+00,2.478063520000000075e+00,2.478062369999999959e+00,5.219710789999999490e-01,4.000000000000000000e+00,4.000000000000000000e+00,0.000000000000000000e+00,0.000000000000000000e+00,0.000000000000000000e+00
6.234994659999999961e-05,3.000034379999999778e+00,2.478132979999999819e+00,2.478131830000000146e+00,5.219014010000000425e-01,4.000000000000000000e+00,4.000000000000000000e+00,0.000000000000000000e+00,0.000000000000000000e+00,0.000000000000000000e+00
6.254994660000000447e-05,3.000034159999999783e+00,2.478201990000000077e+00,2.478200849999999900e+00,5.218321689999999569e-01,4.000000000000000000e+00,4.000000000000000000e+00,0.000000000000000000e+00,0.000000000000000000e+00,0.000000000000000000e+00
6.274994659999999578e-05,3.000033939999999788e+00,2.478270559999999900e+00,2.478269430000000106e+00,5.217633790000000271e-01,4.000000000000000000e+00,4.000000000000000000e+00,0.000000000000000000e+00,0.000000000000000000e+00,0.000000000000000000e+00
6.294994660000000064e-05,3.000033730000000176e+00,2.478338700000000117e+00,2.478337569999999879e+00,5.216950270000000334e-01,4.000000000000000000e+00,4.000000000000000000e+00,0.000000000000000000e+00,0.000000000000000000e+00,0.000000000000000000e+00
6.314994660000000550e-05,3.000033510000000181e+00,2.478406399999999898e+00,2.478405280000000044e+00,5.216271089999999777e-01,4.000000000000000000e+00,4.000000000000000000e+00,0.000000000000000000e+00,0.000000000000000000e+00,0.000000000000000000e+00
6.334994659999999681e-05,3.000033300000000125e+00,2.478473680000000012e+00,2.478472570000000097e+00,5.215596200000000016e-01,4.000000000000000000e+00,4.000000000000000000e+00,0.000000000000000000e+00,0.000000000000000000e+00,0.000000000000000000e+00
6.354994660000000167e-05,3.000033090000000069e+00,2.478540540000000014e+00,2.478539430000000099e+00,5.214925569999999677e-01,4.000000000000000000e+00,4.000000000000000000e+00,0.000000000000000000e+00,0.000000000000000000e+00,0.000000000000000000e+00
6.374994660000000654e-05,3.000032880000000013e+00,2.478606969999999965e+00,2.478605869999999989e+00,5.214259150000000176e-01,4.000000000000000000e+00,4.000000000000000000e+00,0.000000000000000000e+00,0.000000000000000000e+00,0.000000000000000000e+00
6.394994659999999784e-05,3.000032679999999896e+00,2.478672990000000187e+00,2.478671900000000150e+00,5.213596900000000423e-01,4.000000000000000000e+00,4.000000000000000000e+00,0.000000000000000000e+00,0.000000000000000000e+00,0.000000000000000000e+00
6.414994660000000271e-05,3.000032469999999840e+00,2.478738599999999792e+00,2.478737510000000199e+00,5.212938790000000155e-01,4.000000000000000000e+00,4.000000000000000000e+00,0.000000000000000000e+00,0.000000000000000000e+00,0.000000000000000000e+00
6.434994659999999402e-05,3.000032270000000167e+00,2.478803790000000173e+00,2.478802720000000015e+00,5.212284780000000506e-01,4.000000000000000000e+00,4.000000000000000000e+00,0.000000000000000000e+00,0.000000000000000000e+00,0.000000000000000000e+00
6.454994659999999888e-05,3.000032070000000051e+00,2.478868589999999816e+00,2.478867520000000102e+00,5.211634830000000385e-01,4.000000000000000000e+00,4.000000000000000000e+00,0.000000000000000000e+00,0.000000000000000000e+00,0.000000000000000000e+00
6.474994660000000374e-05,3.000031869999999934e+00,2.478932980000000175e+00,2.478931919999999955e+00,5.210988909999999530e-01,4.000000000000000000e+00,4.000000000000000000e+00,0.000000000000000000e+00,0.000000000000000000e+00,0.000000000000000000e+00
6.494994659999999505e-05,3.000031680000000200e+00,2.478996979999999795e+00,2.478995920000000019e+00,5.210346959999999639e-01,4.000000000000000000e+00,4.000000000000000000e+00,0.000000000000000000e+00,0.000000000000000000e+00,0.000000000000000000e+00
6.514994659999999991e-05,3.000031480000000084e+00,2.479060590000000008e+00,2.479059529999999789e+00,5.209708969999999884e-01,4.000000000000000000e+00,4.000000000000000000e+00,0.000000000000000000e+00,0.000000000000000000e+00,0.000000000000000000e+00
6.534994660000000477e-05,3.000031289999999906e+00,2.479123799999999989e+00,2.479122760000000092e+00,5.209074889999999458e-01,4.000000000000000000e+00,4.000000000000000000e+00,0.000000000000000000e+00,0.000000000000000000e+00,0.000000000000000000e+00
6.554994659999999608e-05,3.000031100000000173e+00,2.479186630000000058e+00,2.479185590000000161e+00,5.208444679999999494e-01,4.000000000000000000e+00,4.000000000000000000e+00,0.000000000000000000e+00,0.000000000000000000e+00,0.000000000000000000e+00
6.574994660000000094e-05,3.000030909999999995e+00,2.479249080000000216e+00,2.479248049999999814e+00,5.207818319999999446e-01,4.000000000000000000e+00,4.000000000000000000e+00,0.000000000000000000e+00,0.000000000000000000e+00,0.000000000000000000e+00
6.594994660000000580e-05,3.000030719999999818e+00,2.479311150000000019e+00,2.479310120000000062e+00,5.207195770000000445e-01,4.000000000000000000e+00,4.000000000000000000e+00,0.000000000000000000e+00,0.000000000000000000e+00,0.000000000000000000e+00
6.614994659999999711e-05,3.000030540000000023e+00,2.479372839999999911e+00,2.479371819999999893e+00,5.206576979999999466e-01,4.000000000000000000e+00,4.000000000000000000e+00,0.000000000000000000e+00,0.000000000000000000e+00,0.000000000000000000e+00
6.634994660000000197e-05,3.000030349999999846e+00,2.479434159999999832e+00,2.479433139999999813e+00,5.205961940000000121e-01,4.000000000000000000e+00,4.000000000000000000e+00,0.000000000000000000e+00,0.000000000000000000e+00,0.000000000000000000e+00
6.654994659999999328e-05,3.000030170000000052e+00,2.479495109999999780e+00,2.479494100000000145e+00,5.205350600000000494e-01,4.000000000000000000e+00,4.000000000000000000e+00,0.000000000000000000e+00,0.000000000000000000e+00,0.000000000000000000e+00
6.674994659999999814e-05,3.000029989999999813e+00,2.479555700000000140e+00,2.479554690000000061e+00,5.204742930000000323e-01,4.000000000000000000e+00,4.000000000000000000e+00,0.000000000000000000e+00,0.000000000000000000e+00,0.000000000000000000e+00
6.694994660000000300e-05,3.000029810000000019e+00,2.479615920000000084e+00,2.479614919999999945e+00,5.204138900000000456e-01,4.000000000000000000e+00,4.000000000000000000e+00,0.000000000000000000e+00,0.000000000000000000e+00,0.000000000000000000e+00
6.714994659999999431e-05,3.000029629999999781e+00,2.479675779999999996e+00,2.479674789999999795e+00,5.203538469999999805e-01,4.000000000000000000e+00,4.000000000000000000e+00,0.000000000000000000e+00,0.000000000000000000e+00,0.000000000000000000e+00
6.734994659999999917e-05,3.000029459999999926e+00,2.479735289999999814e+00,2.479734309999999997e+00,5.202941620000000045e-01,4.000000000000000000e+00,4.000000000000000000e+00,0.000000000000000000e+00,0.000000000000000000e+00,0.000000000000000000e+00
6.754994660000000403e-05,3.000029280000000131e+00,2.479794449999999983e+00,2.479793470000000166e+00,5.202348310000000087e-01,4.000000000000000000e+00,4.000000000000000000e+00,0.000000000000000000e+00,0.000000000000000000e+00,0.000000000000000000e+00
6.774994659999999534e-05,3.000029109999999832e+00,2.479853260000000059e+00,2.479852279999999798e+00,5.201758520000000496e-01,4.000000000000000000e+00,4.000000000000000000e+00,0.000000000000000000e+00,0.000000000000000000e+00,0.000000000000000000e+00
6.794994660000000021e-05,3.000028939999999977e+00,2.479911720000000042e+00,2.479910750000000164e+00,5.201172200000000467e-01,4.000000000000000000e+00,4.000000000000000000e+00,0.000000000000000000e+00,0.000000000000000000e+00,0.000000000000000000e+00
6.814994660000000507e-05,3.000028770000000122e+00,2.479969829999999931e+00,2.479968869999999992e+00,5.200589340000000282e-01,4.000000000000000000e+00,4.000000000000000000e+00,0.000000000000000000e+00,0.000000000000000000e+00,0.000000000000000000e+00
6.834994659999999638e-05,3.000028599999999823e+00,2.480027610000000049e+00,2.480026650000000110e+00,5.200009890000000246e-01,4.000000000000000000e+00,4.000000000000000000e+00,0.000000000000000000e+00,0.000000000000000000e+00,0.000000000000000000e+00
6.854994660000000124e-05,3.000028429999999968e+00,2.480085050000000013e+00,2.480084100000000014e+00,5.199433829999999812e-01,4.000000000000000000e+00,4.000000000000000000e+00,0.000000000000000000e+00,0.000000000000000000e+00,0.000000000000000000e+00
6.874994660000000610e-05,3.000028270000000052e+00,2.480142149999999823e+00,2.480141210000000207e+00,5.198861129999999831e-01,4.000000000000000000e+00,4.000000000000000000e+00,0.000000000000000000e+00,0.000000000000000000e+00,0.000000000000000000e+00
6.894994659999999741e-05,3.000028100000000197e+00,2.480198919999999863e+00,2.480197990000000186e+00,5.198291769999999756e-01,4.000000000000000000e+00,4.000000000000000000e+00,0.000000000000000000e+00,0.000000000000000000e+00,0.000000000000000000e+00
6.914994660000000227e-05,3.000027939999999838e+00,2.480255370000000070e+00,2.480254430000000010e+00,5.197725699999999893e-01,4.000000000000000000e+00,4.000000000000000000e+00,0.000000000000000000e+00,0.000000000000000000e+00,0.000000000000000000e+00
6.934994659999999358e-05,3.000027779999999922e+00,2.480311490000000063e+00,2.480310559999999942e+00,5.197162910000000524e-01,4.000000000000000000e+00,4.000000000000000000e+00,0.000000000000000000e+00,0.000000000000000000e+00,0.000000000000000000e+00
6.954994659999999844e-05,3.000027620000000006e+00,2.480367279999999841e+00,2.480366360000000103e+00,5.196603370000000277e-01,4.000000000000000000e+00,4.000000000000000000e+00,0.000000000000000000e+00,0.000000000000000000e+00,0.000000000000000000e+00
6.974994660000000330e-05,3.000027460000000090e+00,2.480422749999999787e+00,2.480421839999999989e+00,5.196047040000000283e-01,4.000000000000000000e+00,4.000000000000000000e+00,0.000000000000000000e+00,0.000000000000000000e+00,0.000000000000000000e+00
6.994994659999999461e-05,3.000027300000000174e+00,2.480477909999999842e+00,2.480477000000000043e+00,5.195493909999999715e-01,4.000000000000000000e+00,4.000000000000000000e+00,0.000000000000000000e+00,0.000000000000000000e+00,0.000000000000000000e+00
7.014994659999999947e-05,3.000027150000000198e+00,2.480532750000000064e+00,2.480531850000000205e+00,5.194943929999999988e-01,4.000000000000000000e+00,4.000000000000000000e+00,0.000000000000000000e+00,0.000000000000000000e+00,0.000000000000000000e+00
7.034994660000000433e-05,3.000026989999999838e+00,2.480587279999999950e+00,2.480586380000000091e+00,5.194397090000000272e-01,4.000000000000000000e+00,4.000000000000000000e+00,0.000000000000000000e+00,0.000000000000000000e+00,0.000000000000000000e+00
7.054994659999999564e-05,3.000026839999999861e+00,2.480641499999999944e+00,2.480640600000000084e+00,5.193853360000000308e-01,4.000000000000000000e+00,4.000000000000000000e+00,0.000000000000000000e+00,0.000000000000000000e+00,0.000000000000000000e+00
7.074994660000000050e-05,3.000026689999999885e+00,2.480695410000000045e+00,2.480694520000000125e+00,5.193312719999999549e-01,4.000000000000000000e+00,4.000000000000000000e+00,0.000000000000000000e+00,0.000000000000000000e+00,0.000000000000000000e+00
7.094994660000000536e-05,3.000026539999999908e+00,2.480749020000000193e+00,2.480748140000000213e+00,5.192775130000000239e-01,4.000000000000000000e+00,4.000000000000000000e+00,0.000000000000000000e+00,0.000000000000000000e+00,0.000000000000000000e+00
7.114994659999999667e-05,3.000026389999999932e+00,2.480802329999999944e+00,2.480801449999999964e+00,5.192240569999999611e-01,4.000000000000000000e+00,4.000000000000000000e+00,0.000000000000000000e+00,0.000000000000000000e+00,0.000000000000000000e+00
7.134994660000000153e-05,3.000026239999999955e+00,2.480855340000000187e+00,2.480854460000000206e+00,5.191709020000000452e-01,4.000000000000000000e+00,4.000000000000000000e+00,0.000000000000000000e+00,0.000000000000000000e+00,0.000000000000000000e+00
7.154994660000000639e-05,3.000026089999999979e+00,2.480908050000000031e+00,2.480907170000000050e+00,5.191180450000000279e-01,4.000000000000000000e+00,4.000000000000000000e+00,0.000000000000000000e+00,0.000000000000000000e+00,0.000000000000000000e+00
7.174994659999999770e-05,3.000025949999999941e+00,2.480960459999999923e+00,2.480959589999999881e+00,5.190654839999999659e-01,4.000000000000000000e+00,4.000000000000000000e+00,0.000000000000000000e+00,0.000000000000000000e+00,0.000000000000000000e+00
7.194994660000000257e-05,3.000025799999999965e+00,2.481012590000000184e+00,2.481011720000000143e+00,5.190132149999999722e-01,4.000000000000000000e+00,4.000000000000000000e+00,0.000000000000000000e+00,0.000000000000000000e+00,0.000000000000000000e+00
7.214994659999999387e-05,3.000025659999999927e+00,2.481064420000000048e+00,2.481063559999999946e+00,5.189612380000000469e-01,4.000000000000000000e+00,4.000000000000000000e+00,0.000000000000000000e+00,0.000000000000000000e+00,0.000000000000000000e+00
7.234994659999999874e-05,3.000025519999999890e+00,2.481115969999999837e+00,2.481115110000000179e+00,5.189095479999999982e-01,4.000000000000000000e+00,4.000000000000000000e+00,0.000000000000000000e+00,0.000000000000000000e+00,0.000000000000000000e+00
7.254994660000000360e-05,3.000025369999999914e+00,2.481167230000000057e+00,2.481166379999999894e+00,5.188581450000000483e-01,4.000000000000000000e+00,4.000000000000000000e+00,0.000000000000000000e+00,0.000000000000000000e+00,0.000000000000000000e+00
7.274994659999999491e-05,3.000025229999999876e+00,2.481218210000000202e+00,2.481217369999999978e+00,5.188070249999999772e-01,4.000000000000000000e+00,4.000000000000000000e+00,0.000000000000000000e+00,0.000000000000000000e+00,0.000000000000000000e+00
7.294994659999999977e-05,3.000025099999999778e+00,2.481268909999999828e+00,2.481268070000000048e+00,5.187561859999999525e-01,4.000000000000000000e+00,4.000000000000000000e+00,0.000000000000000000e+00,0.000000000000000000e+00,0.000000000000000000e+00
7.314994660000000463e-05,3.000024960000000185e+00,2.481319329999999823e+00,2.481318499999999982e+00,5.187056270000000024e-01,4.000000000000000000e+00,4.000000000000000000e+00,0.000000000000000000e+00,0.000000000000000000e+00,0.000000000000000000e+00
7.334994659999999594e-05,3.000024820000000148e+00,2.481369480000000127e+00,2.481368649999999842e+00,5.186553440000000181e-01,4.000000000000000000e+00,4.000000000000000000e+00,0.000000000000000000e+00,0.000000000000000000e+00,0.000000000000000000e+00
7.354994660000000080e-05,3.000024690000000049e+00,2.481419349999999913e+00,2.481418530000000011e+00,5.186053349999999451e-01,4.000000000000000000e+00,4.000000000000000000e+00,0.000000000000000000e+00,0.000000000000000000e+00,0.000000000000000000e+00
7.374994660000000566e-05,3.000024550000000012e+00,2.481468950000000007e+00,2.481468130000000105e+00,5.185555990000000337e-01,4.000000000000000000e+00,4.000000000000000000e+00,0.000000000000000000e+00,0.000000000000000000e+00,0.000000000000000000e+00
7.394994659999999697e-05,3.000024419999999914e+00,2.481518289999999904e+00,2.481517470000000003e+00,5.185061319999999530e-01,4.000000000000000000e+00,4.000000000000000000e+00,0.000000000000000000e+00,0.000000000000000000e+00,0.000000000000000000e+00
7.414994660000000183e-05,3.000024289999999816e+00,2.481567350000000172e+00,2.481566540000000209e+00,5.184569340000000359e-01,4.000000000000000000e+00,4.000000000000000000e+00,0.000000000000000000e+00,0.000000000000000000e+00,0.000000000000000000e+00
7.434994660000000669e-05,3.000024160000000162e+00,2.481616160000000182e+00,2.481615350000000220e+00,5.184080009999999517e-01,4.000000000000000000e+00,4.000000000000000000e+00,0.000000000000000000e+00,0.000000000000000000e+00,0.000000000000000000e+00
7.454994659999999800e-05,3.000024030000000064e+00,2.481664700000000057e+00,2.481663890000000094e+00,5.183593309999999788e-01,4.000000000000000000e+00,4.000000000000000000e+00,0.000000000000000000e+00,0.000000000000000000e+00,0.000000000000000000e+00
7.474994660000000286e-05,3.000023899999999966e+00,2.481712969999999796e+00,2.481712180000000156e+00,5.183109230000000345e-01,4.000000000000000000e+00,4.000000000000000000e+00,0.000000000000000000e+00,0.000000000000000000e+00,0.000000000000000000e+00
7.494994659999999417e-05,3.000023769999999868e+00,2.481761000000000106e+00,2.481760200000000083e+00,5.182627739999999816e-01,4.000000000000000000e+00,4.000000000000000000e+00,0.000000000000000000e+00,0.000000000000000000e+00,0.000000000000000000e+00
7.514994659999999903e-05,3.000023640000000213e+00,2.481808759999999836e+00,2.481807970000000196e+00,5.182148829999999595e-01,4.000000000000000000e+00,4.000000000000000000e+00,0.000000000000000000e+00,0.000000000000000000e+00,0.000000000000000000e+00
7.534994660000000389e-05,3.000023520000000055e+00,2.481856270000000197e+00,2.481855480000000114e+00,5.181672459999999703e-01,4.000000000000000000e+00,4.000000000000000000e+00,0.000000000000000000e+00,0.000000000000000000e+00,0.000000000000000000e+00
7.554994659999999520e-05,3.000023389999999957e+00,2.481903529999999858e+00,2.481902750000000157e+00,5.181198630000000138e-01,4.000000000000000000e+00,4.000000000000000000e+00,0.000000000000000000e+00,0.000000000000000000e+00,0.000000000000000000e+00
7.574994660000000006e-05,3.000023269999999798e+00,2.481950540000000149e+00,2.481949760000000005e+00,5.180727309999999530e-01,4.000000000000000000e+00,4.000000000000000000e+00,0.000000000000000000e+00,0.000000000000000000e+00,0.000000000000000000e+00
7.594994660000000493e-05,3.000023150000000083e+00,2.481997300000000184e+00,2.481996520000000039e+00,5.180258490000000382e-01,4.000000000000000000e+00,4.000000000000000000e+00,0.000000000000000000e+00,0.000000000000000000e+00,0.000000000000000000e+00
7.614994659999999623e-05,3.000023019999999985e+00,2.482043809999999961e+00,2.482043040000000200e+00,5.179792130000000494e-01,4.000000000000000000e+00,4.000000000000000000e+00,0.000000000000000000e+00,0.000000000000000000e+00,0.000000000000000000e+00
7.634994660000000110e-05,3.000022899999999826e+00,2.482090079999999865e+00,2.482089310000000104e+00,5.179328229999999866e-01,4.000000000000000000e+00,4.000000000000000000e+00,0.000000000000000000e+00,0.000000000000000000e+00,0.000000000000000000e+00
7.654994660000000596e-05,3.000022780000000111e+00,2.482136109999999896e+00,2.482135340000000134e+00,5.178866760000000458e-01,4.000000000000000000e+00,4.000000000000000000e+00,0.000000000000000000e+00,0.000000000000000000e+00,0.000000000000000000e+00
7.674994659999999727e-05,3.000022659999999952e+00,2.482181890000000113e+00,2.482181129999999847e+00,5.178407710000000330e-01,4.000000000000000000e+00,4.000000000000000000e+00,0.000000000000000000e+00,0.000000000000000000e+00,0.000000000000000000e+00
7.694994660000000213e-05,3.000022550000000177e+00,2.482227439999999952e+00,2.482226690000000069e+00,5.177951050000000333e-01,4.000000000000000000e+00,4.000000000000000000e+00,0.000000000000000000e+00,0.000000000000000000e+00,0.000000000000000000e+00
7.714994659999999344e-05,3.000022430000000018e+00,2.482272749999999917e+00,2.482272000000000034e+00,5.177496769999999637e-01,4.000000000000000000e+00,4.000000000000000000e+00,0.000000000000000000e+00,0.000000000000000000e+00,0.000000000000000000e+00
7.734994659999999830e-05,3.000022309999999859e+00,2.482317829999999947e+00,2.482317080000000065e+00,5.177044849999999920e-01,4.000000000000000000e+00,4.000000000000000000e+00,0.000000000000000000e+00,0.000000000000000000e+00,0.000000000000000000e+00
7.754994660000000316e-05,3.000022200000000083e+00,2.482362670000000104e+00,2.482361930000000161e+00,5.176595269999999527e-01,4.000000000000000000e+00,4.000000000000000000e+00,0.000000000000000000e+00,0.000000000000000000e+00,0.000000000000000000e+00
7.774994659999999447e-05,3.000022079999999924e+00,2.482407279999999883e+00,2.482406539999999939e+00,5.176148010000000133e-01,4.000000000000000000e+00,4.000000000000000000e+00,0.000000000000000000e+00,0.000000000000000000e+00,0.000000000000000000e+00
7.794994659999999933e-05,3.000021970000000149e+00,2.482451660000000171e+00,2.482450930000000167e+00,5.175703059999999800e-01,4.000000000000000000e+00,4.000000000000000000e+00,0.000000000000000000e+00,0.000000000000000000e+00,0.000000000000000000e+00
7.814994660000000419e-05,3.000021859999999929e+00,2.482495820000000020e+00,2.482495080000000076e+00,5.175260390000000488e-01,4.000000000000000000e+00,4.000000000000000000e+00,0.000000000000000000e+00,0.000000000000000000e+00,0.000000000000000000e+00
7.834994659999999550e-05,3.000021740000000214e+00,2.482539739999999995e+00,2.482539019999999930e+00,5.174819999999999975e-01,4.000000000000000000e+00,4.000000000000000000e+00,0.000000000000000000e+00,0.000000000000000000e+00,0.000000000000000000e+00
7.854994660000000036e-05,3.000021629999999995e+00,2.482583449999999914e+00,2.482582719999999910e+00,5.174381860000000222e-01,4.000000000000000000e+00,4.000000000000000000e+00,0.000000000000000000e+00,0.000000000000000000e+00,0.000000000000000000e+00
7.874994660000000522e-05,3.000021520000000219e+00,2.482626929999999899e+00,2.482626209999999833e+00,5.173945949999999572e-01,4.000000000000000000e+00,4.000000000000000000e+00,0.000000000000000000e+00,0.000000000000000000e+00,0.000000000000000000e+00
7.894994659999999653e-05,3.000021409999999999e+00,2.482670189999999888e+00,2.482669469999999823e+00,5.173512260000000529e-01,4.000000000000000000e+00,4.000000000000000000e+00,0.000000000000000000e+00,0.000000000000000000e+00,0.000000000000000000e+00
7.914994660000000139e-05,3.000021299999999780e+00,2.482713229999999882e+00,2.482712509999999817e+00,5.173080780000000045e-01,4.000000000000000000e+00,4.000000000000000000e+00,0.000000000000000000e+00,0.000000000000000000e+00,0.000000000000000000e+00
7.934994660000000625e-05,3.000021199999999943e+00,2.482756049999999881e+00,2.482755340000000199e+00,5.172651470000000362e-01,4.000000000000000000e+00,4.000000000000000000e+00,0.000000000000000000e+00,0.000000000000000000e+00,0.000000000000000000e+00
7.954994659999999756e-05,3.000021090000000168e+00,2.482798659999999824e+00,2.482797950000000142e+00,5.172224340000000087e-01,4.000000000000000000e+00,4.000000000000000000e+00,0.000000000000000000e+00,0.000000000000000000e+00,0.000000000000000000e+00
7.974994660000000242e-05,3.000020979999999948e+00,2.482841050000000216e+00,2.482840350000000029e+00,5.171799360000000068e-01,4.000000000000000000e+00,4.000000000000000000e+00,0.000000000000000000e+00,0.000000000000000000e+00,0.000000000000000000e+00
7.994994659999999373e-05,3.000020880000000112e+00,2.482883230000000108e+00,2.482882529999999921e+00,5.171376519999999477e-01,4.000000000000000000e+00,4.000000000000000000e+00,0.000000000000000000e+00,0.000000000000000000e+00,0.000000000000000000e+00
8.014994659999999859e-05,3.000020769999999892e+00,2.482925190000000004e+00,2.482924500000000201e+00,5.170955790000000274e-01,4.000000000000000000e+00,4.000000000000000000e+00,0.000000000000000000e+00,0.000000000000000000e+00,0.000000000000000000e+00
8.034994660000000346e-05,3.000020670000000056e+00,2.482966949999999784e+00,2.482966259999999981e+00,5.170537170000000238e-01,4.000000000000000000e+00,4.000000000000000000e+00,0.000000000000000000e+00,0.000000000000000000e+00,0.000000000000000000e+00
8.054994659999999476e-05,3.000020570000000220e+00,2.483008499999999952e+00,2.483007810000000148e+00,5.170120639999999934e-01,4.000000000000000000e+00,4.000000000000000000e+00,0.000000000000000000e+00,0.000000000000000000e+00,0.000000000000000000e+00
8.074994659999999963e-05,3.000020460000000000e+00,2.483049850000000003e+00,2.483049160000000199e+00,5.169706189999999646e-01,4.000000000000000000e+00,4.000000000000000000e+00,0.000000000000000000e+00,0.000000000000000000e+00,0.000000000000000000e+00
8.094994660000000449e-05,3.000020360000000164e+00,2.483090980000000059e+00,2.483090300000000195e+00,5.169293790000000222e-01,4.000000000000000000e+00,4.000000000000000000e+00,0.000000000000000000e+00,0.000000000000000000e+00,0.000000000000000000e+00
8.114994659999999580e-05,3.000020259999999883e+00,2.483131919999999937e+00,2.483131240000000073e+00,5.168883429999999723e-01,4.000000000000000000e+00,4.000000000000000000e+00,0.000000000000000000e+00,0.000000000000000000e+00,0.000000000000000000e+00
8.134994660000000066e-05,3.000020160000000047e+00,2.483172650000000203e+00,2.483171979999999834e+00,5.168475099999999545e-01,4.000000000000000000e+00,4.000000000000000000e+00,0.000000000000000000e+00,0.000000000000000000e+00,0.000000000000000000e+00
8.154994660000000552e-05,3.000020060000000210e+00,2.483213179999999909e+00,2.483212509999999984e+00,5.168068789999999968e-01,4.000000000000000000e+00,4.000000000000000000e+00,0.000000000000000000e+00,0.000000000000000000e+00,0.000000000000000000e+00
8.174994659999999683e-05,3.000019959999999930e+00,2.483253519999999881e+00,2.483252849999999956e+00,5.167664469999999621e-01,4.000000000000000000e+00,4.000000000000000000e+00,0.000000000000000000e+00,0.000000000000000000e+00,0.000000000000000000e+00
8.194994660000000169e-05,3.000019870000000033e+00,2.483293649999999797e+00,2.483292989999999811e+00,5.167262139999999615e-01,4.000000000000000000e+00,4.000000000000000000e+00,0.000000000000000000e+00,0.000000000000000000e+00,0.000000000000000000e+00
8.214994660000000655e-05,3.000019770000000197e+00,2.483333589999999980e+00,2.483332929999999994e+00,5.166861769999999687e-01,4.000000000000000000e+00,4.000000000000000000e+00,0.000000000000000000e+00,0.000000000000000000e+00,0.000000000000000000e+00
8.234994659999999786e-05,3.000019669999999916e+00,2.483373339999999985e+00,2.483372679999999999e+00,5.166463359999999838e-01,4.000000000000000000e+00,4.000000000000000000e+00,0.000000000000000000e+00,0.000000000000000000e+00,0.000000000000000000e+00
8.254994660000000272e-05,3.000019580000000019e+00,2.483412889999999873e+00,2.483412229999999887e+00,5.166066889999999523e-01,4.000000000000000000e+00,4.000000000000000000e+00,0.000000000000000000e+00,0.000000000000000000e+00,0.000000000000000000e+00
8.274994659999999403e-05,3.000019480000000183e+00,2.483452250000000028e+00,2.483451599999999981e+00,5.165672350000000135e-01,4.000000000000000000e+00,4.000000000000000000e+00,0.000000000000000000e+00,0.000000000000000000e+00,0.000000000000000000e+00
8.294994659999999889e-05,3.000019389999999841e+00,2.483491420000000005e+00,2.483490769999999959e+00,5.165279720000000019e-01,4.000000000000000000e+00,4.000000000000000000e+00,0.000000000000000000e+00,0.000000000000000000e+00,0.000000000000000000e+00
8.314994660000000375e-05,3.000019290000000005e+00,2.483530399999999805e+00,2.483529750000000202e+00,5.164888989999999458e-01,4.000000000000000000e+00,4.000000000000000000e+00,0.000000000000000000e+00,0.000000000000000000e+00,0.000000000000000000e+00
8.334994659999999506e-05,3.000019200000000108e+00,2.483569189999999871e+00,2.483568539999999825e+00,5.164500140000000128e-01,4.000000000000000000e+00,4.000000000000000000e+00,0.000000000000000000e+00,0.000000000000000000e+00,0.000000000000000000e+00
8.354994659999999992e-05,3.000019110000000211e+00,2.483607790000000204e+00,2.483607150000000097e+00,5.164113169999999808e-01,4.000000000000000000e+00,4.000000000000000000e+00,0.000000000000000000e+00,0.000000000000000000e+00,0.000000000000000000e+00
8.374994660000000478e-05,3.000019019999999870e+00,2.483646209999999854e+00,2.483645580000000130e+00,5.163728060000000175e-01,4.000000000000000000e+00,4.000000000000000000e+00,0.000000000000000000e+00,0.000000000000000000e+00,0.000000000000000000e+00
8.394994659999999609e-05,3.000018929999999973e+00,2.483684450000000155e+00,2.483683810000000047e+00,5.163344789999999573e-01,4.000000000000000000e+00,4.000000000000000000e+00,0.000000000000000000e+00,0.000000000000000000e+00,0.000000000000000000e+00
8.414994660000000095e-05,3.000018840000000075e+00,2.483722499999999833e+00,2.483721870000000109e+00,5.162963350000000506e-01,4.000000000000000000e+00,4.000000000000000000e+00,0.000000000000000000e+00,0.000000000000000000e+00,0.000000000000000000e+00
8.434994660000000582e-05,3.000018750000000178e+00,2.483760370000000162e+00,2.483759749999999933e+00,5.162583729999999926e-01,4.000000000000000000e+00,4.000000000000000000e+00,0.000000000000000000e+00,0.000000000000000000e+00,0.000000000000000000e+00
8.454994659999999712e-05,3.000018659999999837e+00,2.483798070000000191e+00,2.483797440000000023e+00,5.162205909999999509e-01,4.000000000000000000e+00,4.000000000000000000e+00,0.000000000000000000e+00,0.000000000000000000e+00,0.000000000000000000e+00
8.474994660000000199e-05,3.000018569999999940e+00,2.483835580000000043e+00,2.483834959999999814e+00,5.161829900000000082e-01,4.000000000000000000e+00,4.000000000000000000e+00,0.000000000000000000e+00,0.000000000000000000e+00,0.000000000000000000e+00
8.494994659999999329e-05,3.000018480000000043e+00,2.483872920000000040e+00,2.483872299999999811e+00,5.161455659999999446e-01,4.000000000000000000e+00,4.000000000000000000e+00,0.000000000000000000e+00,0.000000000000000000e+00,0.000000000000000000e+00
8.514994659999999816e-05,3.000018390000000146e+00,2.483910079999999798e+00,2.483909460000000013e+00,5.161083189999999821e-01,4.000000000000000000e+00,4.000000000000000000e+00,0.000000000000000000e+00,0.000000000000000000e+00,0.000000000000000000e+00
8.534994660000000302e-05,3.000018310000000188e+00,2.483947060000000207e+00,2.483946449999999917e+00,5.160712469999999552e-01,4.000000000000000000e+00,4.000000000000000000e+00,0.000000000000000000e+00,0.000000000000000000e+00,0.000000000000000000e+00
8.554994659999999433e-05,3.000018219999999847e+00,2.483983869999999872e+00,2.483983260000000026e+00,5.160343499999999750e-01,4.000000000000000000e+00,4.000000000000000000e+00,0.000000000000000000e+00,0.000000000000000000e+00,0.000000000000000000e+00
8.574994659999999919e-05,3.000018139999999889e+00,2.484020510000000126e+00,2.484019899999999836e+00,5.159976259999999870e-01,4.000000000000000000e+00,4.000000000000000000e+00,0.000000000000000000e+00,0.000000000000000000e+00,0.000000000000000000e+00
8.594994660000000405e-05,3.000018049999999992e+00,2.484056980000000081e+00,2.484056369999999792e+00,5.159610740000000195e-01,4.000000000000000000e+00,4.000000000000000000e+00,0.000000000000000000e+00,0.000000000000000000e+00,0.000000000000000000e+00
8.614994659999999536e-05,3.000017970000000034e+00,2.484093269999999798e+00,2.484092669999999892e+00,5.159246929999999898e-01,4.000000000000000000e+00,4.000000000000000000e+00,0.000000000000000000e+00,0.000000000000000000e+00,0.000000000000000000e+00
8.634994660000000022e-05,3.000017880000000137e+00,2.484129400000000043e+00,2.484128800000000137e+00,5.158884809999999543e-01,4.000000000000000000e+00,4.000000000000000000e+00,0.000000000000000000e+00,0.000000000000000000e+00,0.000000000000000000e+00
8.654994660000000508e-05,3.000017800000000179e+00,2.484165359999999989e+00,2.484164770000000022e+00,5.158524370000000525e-01,4.000000000000000000e+00,4.000000000000000000e+00,0.000000000000000000e+00,0.000000000000000000e+00,0.000000000000000000e+00
8.674994659999999639e-05,3.000017720000000221e+00,2.484201160000000019e+00,2.484200560000000113e+00,5.158165609999999512e-01,4.000000000000000000e+00,4.000000000000000000e+00,0.000000000000000000e+00,0.000000000000000000e+00,0.000000000000000000e+00
8.694994660000000125e-05,3.000017639999999819e+00,2.484236779999999811e+00,2.484236189999999844e+00,5.157808510000000402e-01,4.000000000000000000e+00,4.000000000000000000e+00,0.000000000000000000e+00,0.000000000000000000e+00,0.000000000000000000e+00
8.714994660000000611e-05,3.000017549999999922e+00,2.484272250000000071e+00,2.484271660000000104e+00,5.157453060000000145e-01,4.000000000000000000e+00,4.000000000000000000e+00,0.000000000000000000e+00,0.000000000000000000e+00,0.000000000000000000e+00
8.734994659999999742e-05,3.000017469999999964e+00,2.484307550000000031e+00,2.484306960000000064e+00,5.157099240000000417e-01,4.000000000000000000e+00,4.000000000000000000e+00,0.000000000000000000e+00,0.000000000000000000e+00,0.000000000000000000e+00
8.754994660000000228e-05,3.000017390000000006e+00,2.484342690000000076e+00,2.484342110000000048e+00,5.156747059999999827e-01,4.000000000000000000e+00,4.000000000000000000e+00,0.000000000000000000e+00,0.000000000000000000e+00,0.000000000000000000e+00
8.774994659999999359e-05,3.000017310000000048e+00,2.484377670000000204e+00,2.484377090000000177e+00,5.156396479999999505e-01,4.000000000000000000e+00,4.000000000000000000e+00,0.000000000000000000e+00,0.000000000000000000e+00,0.000000000000000000e+00
8.794994659999999845e-05,3.000017230000000090e+00,2.484412480000000034e+00,2.484411909999999946e+00,5.156047519999999995e-01,4.000000000000000000e+00,4.000000000000000000e+00,0.000000000000000000e+00,0.000000000000000000e+00,0.000000000000000000e+00
8.814994660000000331e-05,3.000017160000000072e+00,2.484447139999999887e+00,2.484446569999999799e+00,5.155700140000000209e-01,4.000000000000000000e+00,4.000000000000000000e+00,0.000000000000000000e+00,0.000000000000000000e+00,0.000000000000000000e+00
8.834994659999999462e-05,3.000017080000000114e+00,2.484481639999999825e+00,2.484481070000000180e+00,5.155354349999999863e-01,4.000000000000000000e+00,4.000000000000000000e+00,0.000000000000000000e+00,0.000000000000000000e+00,0.000000000000000000e+00
8.854994659999999948e-05,3.000017000000000156e+00,2.484515989999999785e+00,2.484515420000000141e+00,5.155010129999999524e-01,4.000000000000000000e+00,4.000000000000000000e+00,0.000000000000000000e+00,0.000000000000000000e+00,0.000000000000000000e+00
8.874994660000000435e-05,3.000016920000000198e+00,2.484550179999999830e+00,2.484549610000000186e+00,5.154667480000000301e-01,4.000000000000000000e+00,4.000000000000000000e+00,0.000000000000000000e+00,0.000000000000000000e+00,0.000000000000000000e+00
8.894994659999999565e-05,3.000016850000000179e+00,2.484584209999999960e+00,2.484583649999999810e+00,5.154326369999999713e-01,4.000000000000000000e+00,4.000000000000000000e+00,0.000000000000000000e+00,0.000000000000000000e+00,0.000000000000000000e+00
8.914994660000000052e-05,3.000016770000000221e+00,2.484618090000000112e+00,2.484617529999999963e+00,5.153986799999999979e-01,4.000000000000000000e+00,4.000000000000000000e+00,0.000000000000000000e+00,0.000000000000000000e+00,0.000000000000000000e+00
8.934994660000000538e-05,3.000016700000000203e+00,2.484651819999999844e+00,2.484651260000000139e+00,5.153648769999999990e-01,4.000000000000000000e+00,4.000000000000000000e+00,0.000000000000000000e+00,0.000000000000000000e+00,0.000000000000000000e+00
8.954994659999999669e-05,3.000016619999999801e+00,2.484685390000000105e+00,2.484684839999999895e+00,5.153312249999999484e-01,4.000000000000000000e+00,4.000000000000000000e+00,0.000000000000000000e+00,0.000000000000000000e+00,0.000000000000000000e+00
8.974994660000000155e-05,3.000016549999999782e+00,2.484718819999999884e+00,2.484718270000000118e+00,5.152977250000000398e-01,4.000000000000000000e+00,4.000000000000000000e+00,0.000000000000000000e+00,0.000000000000000000e+00,0.000000000000000000e+00
8.994994660000000641e-05,3.000016469999999824e+00,2.484752100000000130e+00,2.484751549999999920e+00,5.152643740000000250e-01,4.000000000000000000e+00,4.000000000000000000e+00,0.000000000000000000e+00,0.000000000000000000e+00,0.000000000000000000e+00
9.014994659999999772e-05,3.000016399999999805e+00,2.484785229999999956e+00,2.484784680000000190e+00,5.152311729999999868e-01,4.000000000000000000e+00,4.000000000000000000e+00,0.000000000000000000e+00,0.000000000000000000e+00,0.000000000000000000e+00
9.034994660000000258e-05,3.000016329999999787e+00,2.484818209999999805e+00,2.484817660000000039e+00,5.151981190000000099e-01,4.000000000000000000e+00,4.000000000000000000e+00,0.000000000000000000e+00,0.000000000000000000e+00,0.000000000000000000e+00
9.054994659999999389e-05,3.000016249999999829e+00,2.484851040000000122e+00,2.484850499999999851e+00,5.151652129999999552e-01,4.000000000000000000e+00,4.000000000000000000e+00,0.000000000000000000e+00,0.000000000000000000e+00,0.000000000000000000e+00
9.074994659999999875e-05,3.000016179999999810e+00,2.484883729999999957e+00,2.484883190000000130e+00,5.151324520000000184e-01,4.000000000000000000e+00,4.000000000000000000e+00,0.000000000000000000e+00,0.000000000000000000e+00,0.000000000000000000e+00
9.094994660000000361e-05,3.000016109999999792e+00,2.484916269999999816e+00,2.484915729999999989e+00,5.150998369999999493e-01,4.000000000000000000e+00,4.000000000000000000e+00,0.000000000000000000e+00,0.000000000000000000e+00,0.000000000000000000e+00
9.114994659999999492e-05,3.000016040000000217e+00,2.484948670000000082e+00,2.484948129999999811e+00,5.150673660000000265e-01,4.000000000000000000e+00,4.000000000000000000e+00,0.000000000000000000e+00,0.000000000000000000e+00,0.000000000000000000e+00
9.134994659999999978e-05,3.000015970000000198e+00,2.484980929999999866e+00,2.484980390000000039e+00,5.150350379999999451e-01,4.000000000000000000e+00,4.000000000000000000e+00,0.000000000000000000e+00,0.000000000000000000e+00,0.000000000000000000e+00
9.154994660000000464e-05,3.000015900000000180e+00,2.485013040000000117e+00,2.485012509999999786e+00,5.150028519999999554e-01,4.000000000000000000e+00,4.000000000000000000e+00,0.000000000000000000e+00,0.000000000000000000e+00,0.000000000000000000e+00
9.174994659999999595e-05,3.000015830000000161e+00,2.485045019999999827e+00,2.485044489999999939e+00,5.149708079999999466e-01,4.000000000000000000e+00,4.000000000000000000e+00,0.000000000000000000e+00,0.000000000000000000e+00,0.000000000000000000e+00
9.194994660000000081e-05,3.000015760000000142e+00,2.485076850000000004e+00,2.485076330000000056e+00,5.149389039999999751e-01,4.000000000000000000e+00,4.000000000000000000e+00,0.000000000000000000e+00,0.000000000000000000e+00,0.000000000000000000e+00
9.214994660000000567e-05,3.000015690000000124e+00,2.485108550000000083e+00,2.485108020000000195e+00,5.149071389999999582e-01,4.000000000000000000e+00,4.000000000000000000e+00,0.000000000000000000e+00,0.000000000000000000e+00,0.000000000000000000e+00
9.234994659999999698e-05,3.000015620000000105e+00,2.485140110000000124e+00,2.485139579999999793e+00,5.148755130000000069e-01,4.000000000000000000e+00,4.000000000000000000e+00,0.000000000000000000e+00,0.000000000000000000e+00,0.000000000000000000e+00
9.254994660000000184e-05,3.000015550000000086e+00,2.485171530000000129e+00,2.485171010000000180e+00,5.148440250000000384e-01,4.000000000000000000e+00,4.000000000000000000e+00,0.000000000000000000e+00,0.000000000000000000e+00,0.000000000000000000e+00
9.274994660000000671e-05,3.000015490000000007e+00,2.485202810000000095e+00,2.485202290000000147e+00,5.148126739999999701e-01,4.000000000000000000e+00,4.000000000000000000e+00,0.000000000000000000e+00,0.000000000000000000e+00,0.000000000000000000e+00
9.294994659999999801e-05,3.000015419999999988e+00,2.485233959999999964e+00,2.485233440000000016e+00,5.147814579999999696e-01,4.000000000000000000e+00,4.000000000000000000e+00,0.000000000000000000e+00,0.000000000000000000e+00,0.000000000000000000e+00
9.314994660000000288e-05,3.000015349999999970e+00,2.485264969999999796e+00,2.485264459999999787e+00,5.147503780000000084e-01,4.000000000000000000e+00,4.000000000000000000e+00,0.000000000000000000e+00,0.000000000000000000e+00,0.000000000000000000e+00
9.334994659999999419e-05,3.000015289999999890e+00,2.485295849999999973e+00,2.485295339999999964e+00,5.147194320000000323e-01,4.000000000000000000e+00,4.000000000000000000e+00,0.000000000000000000e+00,0.000000000000000000e+00,0.000000000000000000e+00
9.354994659999999905e-05,3.000015219999999871e+00,2.485326600000000052e+00,2.485326090000000043e+00,5.146886189999999583e-01,4.000000000000000000e+00,4.000000000000000000e+00,0.000000000000000000e+00,0.000000000000000000e+00,0.000000000000000000e+00
9.374994660000000391e-05,3.000015149999999853e+00,2.485357220000000034e+00,2.485356710000000025e+00,5.146579380000000370e-01,4.000000000000000000e+00,4.000000000000000000e+00,0.000000000000000000e+00,0.000000000000000000e+00,0.000000000000000000e+00
9.394994659999999522e-05,3.000015090000000217e+00,2.485387699999999978e+00,2.485387189999999968e+00,5.146273900000000179e-01,4.000000000000000000e+00,4.000000000000000000e+00,0.000000000000000000e+00,0.000000000000000000e+00,0.000000000000000000e+00
9.414994660000000008e-05,3.000015020000000199e+00,2.485418049999999823e+00,2.485417550000000197e+00,5.145969719999999858e-01,4.000000000000000000e+00,4.000000000000000000e+00,0.000000000000000000e+00,0.000000000000000000e+00,0.000000000000000000e+00
9.434994660000000494e-05,3.000014960000000119e+00,2.485448279999999954e+00,2.485447779999999884e+00,5.145666840000000519e-01,4.000000000000000000e+00,4.000000000000000000e+00,0.000000000000000000e+00,0.000000000000000000e+00,0.000000000000000000e+00
9.454994659999999625e-05,3.000014900000000040e+00,2.485478370000000048e+00,2.485477869999999978e+00,5.145365250000000223e-01,4.000000000000000000e+00,4.000000000000000000e+00,0.000000000000000000e+00,0.000000000000000000e+00,0.000000000000000000e+00
9.474994660000000111e-05,3.000014830000000021e+00,2.485508339999999983e+00,2.485507839999999913e+00,5.145064940000000364e-01,4.000000000000000000e+00,4.000000000000000000e+00,0.000000000000000000e+00,0.000000000000000000e+00,0.000000000000000000e+00
9.494994660000000597e-05,3.000014769999999942e+00,2.485538179999999819e+00,2.485537680000000194e+00,5.144765909999999831e-01,4.000000000000000000e+00,4.000000000000000000e+00,0.000000000000000000e+00,0.000000000000000000e+00,0.000000000000000000e+00
9.514994659999999728e-05,3.000014709999999862e+00,2.485567890000000002e+00,2.485567399999999871e+00,5.144468150000000017e-01,4.000000000000000000e+00,4.000000000000000000e+00,0.000000000000000000e+00,0.000000000000000000e+00,0.000000000000000000e+00
9.534994660000000214e-05,3.000014649999999783e+00,2.485597480000000026e+00,2.485596989999999895e+00,5.144171640000000378e-01,4.000000000000000000e+00,4.000000000000000000e+00,0.000000000000000000e+00,0.000000000000000000e+00,0.000000000000000000e+00
9.554994659999999345e-05,3.000014580000000208e+00,2.485626949999999891e+00,2.485626460000000204e+00,5.143876389999999521e-01,4.000000000000000000e+00,4.000000000000000000e+00,0.000000000000000000e+00,0.000000000000000000e+00,0.000000000000000000e+00
9.574994659999999831e-05,3.000014520000000129e+00,2.485656280000000162e+00,2.485655799999999971e+00,5.143582380000000231e-01,4.000000000000000000e+00,4.000000000000000000e+00,0.000000000000000000e+00,0.000000000000000000e+00,0.000000000000000000e+00
9.594994660000000317e-05,3.000014460000000049e+00,2.485685500000000214e+00,2.485685020000000023e+00,5.143289610000000289e-01,4.000000000000000000e+00,4.000000000000000000e+00,0.000000000000000000e+00,0.000000000000000000e+00,0.000000000000000000e+00
9.614994659999999448e-05,3.000014399999999970e+00,2.485714600000000107e+00,2.485714109999999977e+00,5.142998060000000260e-01,4.000000000000000000e+00,4.000000000000000000e+00,0.000000000000000000e+00,0.000000000000000000e+00,0.000000000000000000e+00
9.634994659999999934e-05,3.000014339999999891e+00,2.485743569999999902e+00,2.485743090000000155e+00,5.142707730000000144e-01,4.000000000000000000e+00,4.000000000000000000e+00,0.000000000000000000e+00,0.000000000000000000e+00,0.000000000000000000e+00
9.654994660000000420e-05,3.000014279999999811e+00,2.485772419999999983e+00,2.485771939999999791e+00,5.142418619999999940e-01,4.000000000000000000e+00,4.000000000000000000e+00,0.000000000000000000e+00,0.000000000000000000e+00,0.000000000000000000e+00
9.674994659999999551e-05,3.000014220000000176e+00,2.485801149999999904e+00,2.485800670000000157e+00,5.142130710000000215e-01,4.000000000000000000e+00,4.000000000000000000e+00,0.000000000000000000e+00,0.000000000000000000e+00,0.000000000000000000e+00
9.694994660000000038e-05,3.000014160000000096e+00,2.485829760000000110e+00,2.485829289999999858e+00,5.141843999999999859e-01,4.000000000000000000e+00,4.000000000000000000e+00,0.000000000000000000e+00,0.000000000000000000e+00,0.000000000000000000e+00
9.714994660000000524e-05,3.000014100000000017e+00,2.485858260000000097e+00,2.485857779999999906e+00,5.141558480000000264e-01,4.000000000000000000e+00,4.000000000000000000e+00,0.000000000000000000e+00,0.000000000000000000e+00,0.000000000000000000e+00
9.734994659999999655e-05,3.000014049999999877e+00,2.485886629999999986e+00,2.485886160000000178e+00,5.141274150000000320e-01,4.000000000000000000e+00,4.000000000000000000e+00,0.000000000000000000e+00,0.000000000000000000e+00,0.000000000000000000e+00
9.754994660000000141e-05,3.000013989999999797e+00,2.485914890000000099e+00,2.485914419999999847e+00,5.140990989999999483e-01,4.000000000000000000e+00,4.000000000000000000e+00,0.000000000000000000e+00,0.000000000000000000e+00,0.000000000000000000e+00
9.774994660000000627e-05,3.000013930000000162e+00,2.485943030000000054e+00,2.485942559999999801e+00,5.140708999999999973e-01,4.000000000000000000e+00,4.000000000000000000e+00,0.000000000000000000e+00,0.000000000000000000e+00,0.000000000000000000e+00
9.794994659999999758e-05,3.000013870000000082e+00,2.485971059999999788e+00,2.485970589999999980e+00,5.140428169999999852e-01,4.000000000000000000e+00,4.000000000000000000e+00,0.000000000000000000e+00,0.000000000000000000e+00,0.000000000000000000e+00
9.814994660000000244e-05,3.000013819999999942e+00,2.485998969999999808e+00,2.485998500000000000e+00,5.140148490000000514e-01,4.000000000000000000e+00,4.000000000000000000e+00,0.000000000000000000e+00,0.000000000000000000e+00,0.000000000000000000e+00
9.834994659999999375e-05,3.000013759999999863e+00,2.486026760000000113e+00,2.486026299999999800e+00,5.139869959999999738e-01,4.000000000000000000e+00,4.000000000000000000e+00,0.000000000000000000e+00,0.000000000000000000e+00,0.000000000000000000e+00
9.854994659999999861e-05,3.000013699999999783e+00,2.486054450000000138e+00,2.486053989999999825e+00,5.139592570000000027e-01,4.000000000000000000e+00,4.000000000000000000e+00,0.000000000000000000e+00,0.000000000000000000e+00,0.000000000000000000e+00
9.874994660000000347e-05,3.000013650000000087e+00,2.486082010000000064e+00,2.486081560000000135e+00,5.139316320000000271e-01,4.000000000000000000e+00,4.000000000000000000e+00,0.000000000000000000e+00,0.000000000000000000e+00,0.000000000000000000e+00
9.894994659999999478e-05,3.000013590000000008e+00,2.486109470000000154e+00,2.486109019999999781e+00,5.139041189999999926e-01,4.000000000000000000e+00,4.000000000000000000e+00,0.000000000000000000e+00,0.000000000000000000e+00,0.000000000000000000e+00
9.914994659999999964e-05,3.000013539999999868e+00,2.486136820000000025e+00,2.486136360000000156e+00,5.138767180000000101e-01,4.000000000000000000e+00,4.000000000000000000e+00,0.000000000000000000e+00,0.000000000000000000e+00,0.000000000000000000e+00
9.934994660000000450e-05,3.000013479999999788e+00,2.486164050000000181e+00,2.486163599999999807e+00,5.138494289999999687e-01,4.000000000000000000e+00,4.000000000000000000e+00,0.000000000000000000e+00,0.000000000000000000e+00,0.000000000000000000e+00
9.954994659999999581e-05,3.000013430000000092e+00,2.486191180000000056e+00,2.486190730000000126e+00,5.138222500000000359e-01,4.000000000000000000e+00,4.000000000000000000e+00,0.000000000000000000e+00,0.000000000000000000e+00,0.000000000000000000e+00
9.974994660000000067e-05,3.000013370000000013e+00,2.486218190000000217e+00,2.486217739999999843e+00,5.137951809999999897e-01,4.000000000000000000e+00,4.000000000000000000e+00,0.000000000000000000e+00,0.000000000000000000e+00,0.000000000000000000e+00
9.994994660000000553e-05,3.000013319999999872e+00,2.486245100000000097e+00,2.486244650000000167e+00,5.137682220000000521e-01,4.000000000000000000e+00,4.000000000000000000e+00,0.000000000000000000e+00,0.000000000000000000e+00,0.000000000000000000e+00
1.001499470000000034e-04,3.000013259999999793e+00,2.486271889999999818e+00,2.486271449999999827e+00,5.137413709999999467e-01,4.000000000000000000e+00,4.000000000000000000e+00,0.000000000000000000e+00,0.000000000000000000e+00,0.000000000000000000e+00
1.003499469999999947e-04,3.000013210000000097e+00,2.486298580000000147e+00,2.486298140000000156e+00,5.137146280000000065e-01,4.000000000000000000e+00,4.000000000000000000e+00,0.000000000000000000e+00,0.000000000000000000e+00,0.000000000000000000e+00
1.005499469999999995e-04,3.000013159999999957e+00,2.486325170000000195e+00,2.486324719999999822e+00,5.136879920000000377e-01,4.000000000000000000e+00,4.000000000000000000e+00,0.000000000000000000e+00,0.000000000000000000e+00,0.000000000000000000e+00
1.007499470000000044e-04,3.000013109999999816e+00,2.486351640000000085e+00,2.486351200000000095e+00,5.136614640000000120e-01,4.000000000000000000e+00,4.000000000000000000e+00,0.000000000000000000e+00,0.000000000000000000e+00,0.000000000000000000e+00
1.009499469999999957e-04,3.000013050000000181e+00,2.486378010000000138e+00,2.486377570000000148e+00,5.136350410000000144e-01,4.000000000000000000e+00,4.000000000000000000e+00,0.000000000000000000e+00,0.000000000000000000e+00,0.000000000000000000e+00
1.011499470000000006e-04,3.000013000000000041e+00,2.486404279999999911e+00,2.486403839999999921e+00,5.136087240000000165e-01,4.000000000000000000e+00,4.000000000000000000e+00,0.000000000000000000e+00,0.000000000000000000e+00,0.000000000000000000e+00
1.013499470000000054e-04,3.000012949999999901e+00,2.486430439999999908e+00,2.486429999999999918e+00,5.135825109999999638e-01,4.000000000000000000e+00,4.000000000000000000e+00,0.000000000000000000e+00,0.000000000000000000e+00,0.000000000000000000e+00
1.015499469999999967e-04,3.000012900000000204e+00,2.486456490000000130e+00,2.486456060000000079e+00,5.135564030000000502e-01,4.000000000000000000e+00,4.000000000000000000e+00,0.000000000000000000e+00,0.000000000000000000e+00,0.000000000000000000e+00
1.017499470000000016e-04,3.000012850000000064e+00,2.486482450000000011e+00,2.486482019999999959e+00,5.135303979999999990e-01,4.000000000000000000e+00,4.000000000000000000e+00,0.000000000000000000e+00,0.000000000000000000e+00,0.000000000000000000e+00
1.019499470000000065e-04,3.000012799999999924e+00,2.486508300000000116e+00,2.486507870000000064e+00,5.135044970000000042e-01,4.000000000000000000e+00,4.000000000000000000e+00,0.000000000000000000e+00,0.000000000000000000e+00,0.000000000000000000e+00
1.021499469999999978e-04,3.000012749999999784e+00,2.486534049999999940e+00,2.486533619999999889e+00,5.134786980000000112e-01,4.000000000000000000e+00,4.000000000000000000e+00,0.000000000000000000e+00,0.000000000000000000e+00,0.000000000000000000e+00
1.023499470000000026e-04,3.000012700000000088e+00,2.486559689999999989e+00,2.486559269999999877e+00,5.134530000000000483e-01,4.000000000000000000e+00,4.000000000000000000e+00,0.000000000000000000e+00,0.000000000000000000e+00,0.000000000000000000e+00
1.025499469999999939e-04,3.000012649999999947e+00,2.486585240000000141e+00,2.486584820000000029e+00,5.134274039999999761e-01,4.000000000000000000e+00,4.000000000000000000e+00,0.000000000000000000e+00,0.000000000000000000e+00,0.000000000000000000e+00
1.027499469999999988e-04,3.000012599999999807e+00,2.486610690000000012e+00,2.486610259999999961e+00,5.134019090000000451e-01,4.000000000000000000e+00,4.000000000000000000e+00,0.000000000000000000e+00,0.000000000000000000e+00,0.000000000000000000e+00
1.029499470000000037e-04,3.000012550000000111e+00,2.486636030000000108e+00,2.486635609999999996e+00,5.133765129999999788e-01,4.000000000000000000e+00,4.000000000000000000e+00,0.000000000000000000e+00,0.000000000000000000e+00,0.000000000000000000e+00
1.031499469999999950e-04,3.000012499999999971e+00,2.486661279999999863e+00,2.486660860000000195e+00,5.133512169999999708e-01,4.000000000000000000e+00,4.000000000000000000e+00,0.000000000000000000e+00,0.000000000000000000e+00,0.000000000000000000e+00
1.033499469999999998e-04,3.000012449999999831e+00,2.486686429999999781e+00,2.486686010000000113e+00,5.133260200000000495e-01,4.000000000000000000e+00,4.000000000000000000e+00,0.000000000000000000e+00,0.000000000000000000e+00,0.000000000000000000e+00
1.035499470000000047e-04,3.000012400000000135e+00,2.486711479999999863e+00,2.486711060000000195e+00,5.133009210000000211e-01,4.000000000000000000e+00,4.000000000000000000e+00,0.000000000000000000e+00,0.000000000000000000e+00,0.000000000000000000e+00
1.037499469999999960e-04,3.000012349999999994e+00,2.486736430000000109e+00,2.486736019999999936e+00,5.132759199999999966e-01,4.000000000000000000e+00,4.000000000000000000e+00,0.000000000000000000e+00,0.000000000000000000e+00,0.000000000000000000e+00
1.039499470000000009e-04,3.000012299999999854e+00,2.486761290000000013e+00,2.486760869999999901e+00,5.132510160000000043e-01,4.000000000000000000e+00,4.000000000000000000e+00,0.000000000000000000e+00,0.000000000000000000e+00,0.000000000000000000e+00
1.041499470000000057e-04,3.000012260000000097e+00,2.486786050000000081e+00,2.486785639999999908e+00,5.132262090000000443e-01,4.000000000000000000e+00,4.000000000000000000e+00,0.000000000000000000e+00,0.000000000000000000e+00,0.000000000000000000e+00
1.043499469999999970e-04,3.000012209999999957e+00,2.486810709999999869e+00,2.486810300000000140e+00,5.132014980000000337e-01,4.000000000000000000e+00,4.000000000000000000e+00,0.000000000000000000e+00,0.000000000000000000e+00,0.000000000000000000e+00
1.045499470000000019e-04,3.000012159999999817e+00,2.486835280000000203e+00,2.486834870000000031e+00,5.131768820000000009e-01,4.000000000000000000e+00,4.000000000000000000e+00,0.000000000000000000e+00,0.000000000000000000e+00,0.000000000000000000e+00
1.047499470000000068e-04,3.000012110000000121e+00,2.486859749999999813e+00,2.486859350000000024e+00,5.131523609999999458e-01,4.000000000000000000e+00,4.000000000000000000e+00,0.000000000000000000e+00,0.000000000000000000e+00,0.000000000000000000e+00
1.049499469999999981e-04,3.000012069999999920e+00,2.486884129999999971e+00,2.486883730000000181e+00,5.131279349999999795e-01,4.000000000000000000e+00,4.000000000000000000e+00,0.000000000000000000e+00,0.000000000000000000e+00,0.000000000000000000e+00
1.051499470000000029e-04,3.000012019999999779e+00,2.486908419999999786e+00,2.486908019999999997e+00,5.131036020000000475e-01,4.000000000000000000e+00,4.000000000000000000e+00,0.000000000000000000e+00,0.000000000000000000e+00,0.000000000000000000e+00
1.053499469999999942e-04,3.000011980000000023e+00,2.486932610000000210e+00,2.486932209999999976e+00,5.130793630000000105e-01,4.000000000000000000e+00,4.000000000000000000e+00,0.000000000000000000e+00,0.000000000000000000e+00,0.000000000000000000e+00
1.055499469999999991e-04,3.000011929999999882e+00,2.486956709999999848e+00,2.486956310000000059e+00,5.130552170000000078e-01,4.000000000000000000e+00,4.000000000000000000e+00,0.000000000000000000e+00,0.000000000000000000e+00,0.000000000000000000e+00
1.057499470000000040e-04,3.000011880000000186e+00,2.486980720000000034e+00,2.486980319999999800e+00,5.130311619999999850e-01,4.000000000000000000e+00,4.000000000000000000e+00,0.000000000000000000e+00,0.000000000000000000e+00,0.000000000000000000e+00
1.059499469999999953e-04,3.000011839999999985e+00,2.487004639999999878e+00,2.487004240000000088e+00,5.130071999999999965e-01,4.000000000000000000e+00,4.000000000000000000e+00,0.000000000000000000e+00,0.000000000000000000e+00,0.000000000000000000e+00
1.061499470000000001e-04,3.000011789999999845e+00,2.487028459999999885e+00,2.487028070000000035e+00,5.129833289999999879e-01,4.000000000000000000e+00,4.000000000000000000e+00,0.000000000000000000e+00,0.000000000000000000e+00,0.000000000000000000e+00
1.063499470000000050e-04,3.000011750000000088e+00,2.487052199999999935e+00,2.487051810000000085e+00,5.129595489999999591e-01,4.000000000000000000e+00,4.000000000000000000e+00,0.000000000000000000e+00,0.000000000000000000e+00,0.000000000000000000e+00
1.065499469999999963e-04,3.000011699999999948e+00,2.487075850000000088e+00,2.487075449999999854e+00,5.129358590000000495e-01,4.000000000000000000e+00,4.000000000000000000e+00,0.000000000000000000e+00,0.000000000000000000e+00,0.000000000000000000e+00
1.067499470000000012e-04,3.000011660000000191e+00,2.487099399999999960e+00,2.487099010000000110e+00,5.129122579999999543e-01,4.000000000000000000e+00,4.000000000000000000e+00,0.000000000000000000e+00,0.000000000000000000e+00,0.000000000000000000e+00
1.069499470000000060e-04,3.000011619999999990e+00,2.487122869999999875e+00,2.487122480000000024e+00,5.128887469999999782e-01,4.000000000000000000e+00,4.000000000000000000e+00,0.000000000000000000e+00,0.000000000000000000e+00,0.000000000000000000e+00
1.071499469999999973e-04,3.000011569999999850e+00,2.487146249999999892e+00,2.487145860000000042e+00,5.128653250000000385e-01,4.000000000000000000e+00,4.000000000000000000e+00,0.000000000000000000e+00,0.000000000000000000e+00,0.000000000000000000e+00
1.073499470000000022e-04,3.000011530000000093e+00,2.487169540000000012e+00,2.487169150000000162e+00,5.128419910000000526e-01,4.000000000000000000e+00,4.000000000000000000e+00,0.000000000000000000e+00,0.000000000000000000e+00,0.000000000000000000e+00
1.075499469999999935e-04,3.000011489999999892e+00,2.487192739999999791e+00,2.487192359999999880e+00,5.128187440000000485e-01,4.000000000000000000e+00,4.000000000000000000e+00,0.000000000000000000e+00,0.000000000000000000e+00,0.000000000000000000e+00
1.077499469999999984e-04,3.000011440000000196e+00,2.487215860000000056e+00,2.487215470000000206e+00,5.127955849999999982e-01,4.000000000000000000e+00,4.000000000000000000e+00,0.000000000000000000e+00,0.000000000000000000e+00,0.000000000000000000e+00
1.079499470000000032e-04,3.000011399999999995e+00,2.487238889999999980e+00,2.487238500000000130e+00,5.127725130000000409e-01,4.000000000000000000e+00,4.000000000000000000e+00,0.000000000000000000e+00,0.000000000000000000e+00,0.000000000000000000e+00
1.081499469999999945e-04,3.000011359999999794e+00,2.487261830000000007e+00,2.487261450000000096e+00,5.127495260000000110e-01,4.000000000000000000e+00,4.000000000000000000e+00,0.000000000000000000e+00,0.000000000000000000e+00,0.000000000000000000e+00
1.083499469999999994e-04,3.000011310000000098e+00,2.487284690000000076e+00,2.487284310000000165e+00,5.127266259999999631e-01,4.000000000000000000e+00,4.000000000000000000e+00,0.000000000000000000e+00,0.000000000000000000e+00,0.000000000000000000e+00
1.085499470000000043e-04,3.000011269999999897e+00,2.487307459999999804e+00,2.487307079999999893e+00,5.127038109999999538e-01,4.000000000000000000e+00,4.000000000000000000e+00,0.000000000000000000e+00,0.000000000000000000e+00,0.000000000000000000e+00
1.087499469999999956e-04,3.000011230000000140e+00,2.487330150000000017e+00,2.487329770000000106e+00,5.126810809999999830e-01,4.000000000000000000e+00,4.000000000000000000e+00,0.000000000000000000e+00,0.000000000000000000e+00,0.000000000000000000e+00
1.089499470000000004e-04,3.000011189999999939e+00,2.487352749999999890e+00,2.487352379999999918e+00,5.126584349999999679e-01,4.000000000000000000e+00,4.000000000000000000e+00,0.000000000000000000e+00,0.000000000000000000e+00,0.000000000000000000e+00
1.091499470000000053e-04,3.000011150000000182e+00,2.487375269999999805e+00,2.487374899999999833e+00,5.126358730000000197e-01,4.000000000000000000e+00,4.000000000000000000e+00,0.000000000000000000e+00,0.000000000000000000e+00,0.000000000000000000e+00
1.093499469999999966e-04,3.000011109999999981e+00,2.487397710000000206e+00,2.487397339999999790e+00,5.126133950000000272e-01,4.000000000000000000e+00,4.000000000000000000e+00,0.000000000000000000e+00,0.000000000000000000e+00,0.000000000000000000e+00
1.095499470000000015e-04,3.000011069999999780e+00,2.487420070000000205e+00,2.487419689999999850e+00,5.125910000000000188e-01,4.000000000000000000e+00,4.000000000000000000e+00,0.000000000000000000e+00,0.000000000000000000e+00,0.000000000000000000e+00
1.097499470000000063e-04,3.000011020000000084e+00,2.487442339999999863e+00,2.487441969999999891e+00,5.125686870000000228e-01,4.000000000000000000e+00,4.000000000000000000e+00,0.000000000000000000e+00,0.000000000000000000e+00,0.000000000000000000e+00
1.099499469999999976e-04,3.000010979999999883e+00,2.487464530000000007e+00,2.487464160000000035e+00,5.125464560000000391e-01,4.000000000000000000e+00,4.000000000000000000e+00,0.000000000000000000e+00,0.000000000000000000e+00,0.000000000000000000e+00
1.101499470000000025e-04,3.000010940000000126e+00,2.487486640000000193e+00,2.487486270000000221e+00,5.125243069999999568e-01,4.000000000000000000e+00,4.000000000000000000e+00,0.000000000000000000e+00,0.000000000000000000e+00,0.000000000000000000e+00
1.103499469999999938e-04,3.000010899999999925e+00,2.487508660000000038e+00,2.487508300000000006e+00,5.125022390000000261e-01,4.000000000000000000e+00,4.000000000000000000e+00,0.000000000000000000e+00,0.000000000000000000e+00,0.000000000000000000e+00
1.105499469999999987e-04,3.000010860000000168e+00,2.487530609999999864e+00,2.487530249999999832e+00,5.124802520000000250e-01,4.000000000000000000e+00,4.000000000000000000e+00,0.000000000000000000e+00,0.000000000000000000e+00,0.000000000000000000e+00
1.107499470000000035e-04,3.000010819999999967e+00,2.487552480000000177e+00,2.487552110000000205e+00,5.124583449999999818e-01,4.000000000000000000e+00,4.000000000000000000e+00,0.000000000000000000e+00,0.000000000000000000e+00,0.000000000000000000e+00
1.109499469999999948e-04,3.000010780000000210e+00,2.487574270000000087e+00,2.487573900000000116e+00,5.124365189999999792e-01,4.000000000000000000e+00,4.000000000000000000e+00,0.000000000000000000e+00,0.000000000000000000e+00,0.000000000000000000e+00
1.111499469999999997e-04,3.000010749999999948e+00,2.487595970000000101e+00,2.487595610000000068e+00,5.124147709999999911e-01,4.000000000000000000e+00,4.000000000000000000e+00,0.000000000000000000e+00,0.000000000000000000e+00,0.000000000000000000e+00
1.113499470000000046e-04,3.000010710000000191e+00,2.487617600000000095e+00,2.487617240000000063e+00,5.123931029999999609e-01,4.000000000000000000e+00,4.000000000000000000e+00,0.000000000000000000e+00,0.000000000000000000e+00,0.000000000000000000e+00
1.115499469999999959e-04,3.000010669999999990e+00,2.487639150000000132e+00,2.487638800000000039e+00,5.123715140000000279e-01,4.000000000000000000e+00,4.000000000000000000e+00,0.000000000000000000e+00,0.000000000000000000e+00,0.000000000000000000e+00
1.117499470000000007e-04,3.000010629999999789e+00,2.487660630000000150e+00,2.487660270000000118e+00,5.123500020000000266e-01,4.000000000000000000e+00,4.000000000000000000e+00,0.000000000000000000e+00,0.000000000000000000e+00,0.000000000000000000e+00
1.119499470000000056e-04,3.000010590000000033e+00,2.487682019999999827e+00,2.487681670000000178e+00,5.123285690000000114e-01,4.000000000000000000e+00,4.000000000000000000e+00,0.000000000000000000e+00,0.000000000000000000e+00,0.000000000000000000e+00
1.121499469999999969e-04,3.000010549999999832e+00,2.487703339999999930e+00,2.487702989999999836e+00,5.123072119999999563e-01,4.000000000000000000e+00,4.000000000000000000e+00,0.000000000000000000e+00,0.000000000000000000e+00,0.000000000000000000e+00
1.123499470000000018e-04,3.000010510000000075e+00,2.487724580000000074e+00,2.487724229999999981e+00,5.122859330000000266e-01,4.000000000000000000e+00,4.000000000000000000e+00,0.000000000000000000e+00,0.000000000000000000e+00,0.000000000000000000e+00
1.125499470000000066e-04,3.000010479999999813e+00,2.487745750000000200e+00,2.487745390000000167e+00,5.122647299999999460e-01,4.000000000000000000e+00,4.000000000000000000e+00,0.000000000000000000e+00,0.000000000000000000e+00,0.000000000000000000e+00
1.127499469999999979e-04,3.000010440000000056e+00,2.487766839999999924e+00,2.487766479999999891e+00,5.122436040000000190e-01,4.000000000000000000e+00,4.000000000000000000e+00,0.000000000000000000e+00,0.000000000000000000e+00,0.000000000000000000e+00
1.129499470000000028e-04,3.000010399999999855e+00,2.487787850000000134e+00,2.487787500000000041e+00,5.122225529999999694e-01,4.000000000000000000e+00,4.000000000000000000e+00,0.000000000000000000e+00,0.000000000000000000e+00,0.000000000000000000e+00
1.131499469999999941e-04,3.000010360000000098e+00,2.487808789999999881e+00,2.487808439999999788e+00,5.122015770000000190e-01,4.000000000000000000e+00,4.000000000000000000e+00,0.000000000000000000e+00,0.000000000000000000e+00,0.000000000000000000e+00
1.133499469999999990e-04,3.000010329999999836e+00,2.487829650000000115e+00,2.487829300000000021e+00,5.121806770000000286e-01,4.000000000000000000e+00,4.000000000000000000e+00,0.000000000000000000e+00,0.000000000000000000e+00,0.000000000000000000e+00
1.135499470000000038e-04,3.000010290000000079e+00,2.487850439999999885e+00,2.487850089999999792e+00,5.121598510000000548e-01,4.000000000000000000e+00,4.000000000000000000e+00,0.000000000000000000e+00,0.000000000000000000e+00,0.000000000000000000e+00
1.137499469999999951e-04,3.000010249999999878e+00,2.487871160000000081e+00,2.487870809999999988e+00,5.121390989999999865e-01,4.000000000000000000e+00,4.000000000000000000e+00,0.000000000000000000e+00,0.000000000000000000e+00,0.000000000000000000e+00
1.139499470000000000e-04,3.000010220000000061e+00,2.487891799999999876e+00,2.487891449999999782e+00,5.121184210000000459e-01,4.000000000000000000e+00,4.000000000000000000e+00,0.000000000000000000e+00,0.000000000000000000e+00,0.000000000000000000e+00
1.141499470000000049e-04,3.000010179999999860e+00,2.487912370000000095e+00,2.487912020000000002e+00,5.120978160000000390e-01,4.000000000000000000e+00,4.000000000000000000e+00,0.000000000000000000e+00,0.000000000000000000e+00,0.000000000000000000e+00
1.143499469999999962e-04,3.000010150000000042e+00,2.487932859999999913e+00,2.487932520000000203e+00,5.120772839999999659e-01,4.000000000000000000e+00,4.000000000000000000e+00,0.000000000000000000e+00,0.000000000000000000e+00,0.000000000000000000e+00
1.145499470000000010e-04,3.000010109999999841e+00,2.487953280000000156e+00,2.487952940000000002e+00,5.120568250000000488e-01,4.000000000000000000e+00,4.000000000000000000e+00,0.000000000000000000e+00,0.000000000000000000e+00,0.000000000000000000e+00
1.147499470000000059e-04,3.000010070000000084e+00,2.487973639999999875e+00,2.487973300000000165e+00,5.120364379999999827e-01,4.000000000000000000e+00,4.000000000000000000e+00,0.000000000000000000e+00,0.000000000000000000e+00,0.000000000000000000e+00
1.149499469999999972e-04,3.000010039999999822e+00,2.487993920000000081e+00,2.487993579999999927e+00,5.120161229999999897e-01,4.000000000000000000e+00,4.000000000000000000e+00,0.000000000000000000e+00,0.000000000000000000e+00,0.000000000000000000e+00
1.151499470000000021e-04,3.000010000000000066e+00,2.488014119999999885e+00,2.488013790000000114e+00,5.119958799999999588e-01,4.000000000000000000e+00,4.000000000000000000e+00,0.000000000000000000e+00,0.000000000000000000e+00,0.000000000000000000e+00
1.153499469999999934e-04,3.000009969999999804e+00,2.488034260000000053e+00,2.488033929999999838e+00,5.119757069999999466e-01,4.000000000000000000e+00,4.000000000000000000e+00,0.000000000000000000e+00,0.000000000000000000e+00,0.000000000000000000e+00
1.155499469999999982e-04,3.000009930000000047e+00,2.488054330000000203e+00,2.488053990000000049e+00,5.119556050000000358e-01,4.000000000000000000e+00,4.000000000000000000e+00,0.000000000000000000e+00,0.000000000000000000e+00,0.000000000000000000e+00
1.157499470000000031e-04,3.000009899999999785e+00,2.488074319999999950e+00,2.488073990000000180e+00,5.119355740000000043e-01,4.000000000000000000e+00,4.000000000000000000e+00,0.000000000000000000e+00,0.000000000000000000e+00,0.000000000000000000e+00
1.159499469999999944e-04,3.000009860000000028e+00,2.488094250000000063e+00,2.488093919999999848e+00,5.119156129999999916e-01,4.000000000000000000e+00,4.000000000000000000e+00,0.000000000000000000e+00,0.000000000000000000e+00,0.000000000000000000e+00
1.161499469999999993e-04,3.000009830000000211e+00,2.488114110000000156e+00,2.488113779999999942e+00,5.118957210000000257e-01,4.000000000000000000e+00,4.000000000000000000e+00,0.000000000000000000e+00,0.000000000000000000e+00,0.000000000000000000e+00
1.163499470000000041e-04,3.000009799999999949e+00,2.488133899999999787e+00,2.488133570000000017e+00,5.118758979999999958e-01,4.000000000000000000e+00,4.000000000000000000e+00,0.000000000000000000e+00,0.000000000000000000e+00,0.000000000000000000e+00
1.165499469999999954e-04,3.000009760000000192e+00,2.488153619999999844e+00,2.488153290000000073e+00,5.118561449999999846e-01,4.000000000000000000e+00,4.000000000000000000e+00,0.000000000000000000e+00,0.000000000000000000e+00,0.000000000000000000e+00
1.167499470000000003e-04,3.000009729999999930e+00,2.488173269999999881e+00,2.488172940000000111e+00,5.118364600000000486e-01,4.000000000000000000e+00,4.000000000000000000e+00,0.000000000000000000e+00,0.000000000000000000e+00,0.000000000000000000e+00
1.169499470000000052e-04,3.000009690000000173e+00,2.488192849999999900e+00,2.488192520000000130e+00,5.118168429999999658e-01,4.000000000000000000e+00,4.000000000000000000e+00,0.000000000000000000e+00,0.000000000000000000e+00,0.000000000000000000e+00
1.171499469999999965e-04,3.000009659999999911e+00,2.488212369999999840e+00,2.488212040000000069e+00,5.117972950000000409e-01,4.000000000000000000e+00,4.000000000000000000e+00,0.000000000000000000e+00,0.000000000000000000e+00,0.000000000000000000e+00
1.173499470000000013e-04,3.000009630000000094e+00,2.488231809999999822e+00,2.488231489999999990e+00,5.117778130000000258e-01,4.000000000000000000e+00,4.000000000000000000e+00,0.000000000000000000e+00,0.000000000000000000e+00,0.000000000000000000e+00
1.175499470000000062e-04,3.000009589999999893e+00,2.488251190000000168e+00,2.488250869999999892e+00,5.117583989999999750e-01,4.000000000000000000e+00,4.000000000000000000e+00,0.000000000000000000e+00,0.000000000000000000e+00,0.000000000000000000e+00
1.177499469999999975e-04,3.000009560000000075e+00,2.488270509999999991e+00,2.488270190000000159e+00,5.117390520000000276e-01,4.000000000000000000e+00,4.000000000000000000e+00,0.000000000000000000e+00,0.000000000000000000e+00,0.000000000000000000e+00
1.179499470000000024e-04,3.000009529999999813e+00,2.488289759999999795e+00,2.488289439999999964e+00,5.117197709999999899e-01,4.000000000000000000e+00,4.000000000000000000e+00,0.000000000000000000e+00,0.000000000000000000e+00,0.000000000000000000e+00
1.181499469999999937e-04,3.000009490000000056e+00,2.488308940000000025e+00,2.488308620000000193e+00,5.117005569999999448e-01,4.000000000000000000e+00,4.000000000000000000e+00,0.000000000000000000e+00,0.000000000000000000e+00,0.000000000000000000e+00
1.183499469999999985e-04,3.000009459999999795e+00,2.488328049999999791e+00,2.488327739999999899e+00,5.116814079999999487e-01,4.000000000000000000e+00,4.000000000000000000e+00,0.000000000000000000e+00,0.000000000000000000e+00,0.000000000000000000e+00
1.185499470000000034e-04,3.000009429999999977e+00,2.488347109999999862e+00,2.488346790000000031e+00,5.116623249999999734e-01,4.000000000000000000e+00,4.000000000000000000e+00,0.000000000000000000e+00,0.000000000000000000e+00,0.000000000000000000e+00
1.187499469999999947e-04,3.000009400000000159e+00,2.488366089999999975e+00,2.488365780000000083e+00,5.116433070000000471e-01,4.000000000000000000e+00,4.000000000000000000e+00,0.000000000000000000e+00,0.000000000000000000e+00,0.000000000000000000e+00
1.189499469999999996e-04,3.000009369999999898e+00,2.488385010000000008e+00,2.488384700000000116e+00,5.116243529999999762e-01,4.000000000000000000e+00,4.000000000000000000e+00,0.000000000000000000e+00,0.000000000000000000e+00,0.000000000000000000e+00
1.191499470000000044e-04,3.000009330000000141e+00,2.488403869999999962e+00,2.488403560000000070e+00,5.116054650000000370e-01,4.000000000000000000e+00,4.000000000000000000e+00,0.000000000000000000e+00,0.000000000000000000e+00,0.000000000000000000e+00
1.193499469999999957e-04,3.000009299999999879e+00,2.488422659999999897e+00,2.488422350000000005e+00,5.115866399999999814e-01,4.000000000000000000e+00,4.000000000000000000e+00,0.000000000000000000e+00,0.000000000000000000e+00,0.000000000000000000e+00
1.195499470000000006e-04,3.000009270000000061e+00,2.488441390000000197e+00,2.488441079999999861e+00,5.115678799999999748e-01,4.000000000000000000e+00,4.000000000000000000e+00,0.000000000000000000e+00,0.000000000000000000e+00,0.000000000000000000e+00
1.197499470000000055e-04,3.000009239999999799e+00,2.488460059999999974e+00,2.488459750000000081e+00,5.115491829999999629e-01,4.000000000000000000e+00,4.000000000000000000e+00,0.000000000000000000e+00,0.000000000000000000e+00,0.000000000000000000e+00
1.199499469999999968e-04,3.000009209999999982e+00,2.488478660000000176e+00,2.488478349999999839e+00,5.115305489999999455e-01,4.000000000000000000e+00,4.000000000000000000e+00,0.000000000000000000e+00,0.000000000000000000e+00,0.000000000000000000e+00
1.201499470000000016e-04,3.000009180000000164e+00,2.488497199999999854e+00,2.488496889999999961e+00,5.115119780000000338e-01,4.000000000000000000e+00,4.000000000000000000e+00,0.000000000000000000e+00,0.000000000000000000e+00,0.000000000000000000e+00
1.203499470000000065e-04,3.000009149999999902e+00,2.488515679999999897e+00,2.488515370000000004e+00,5.114934690000000339e-01,4.000000000000000000e+00,4.000000000000000000e+00,0.000000000000000000e+00,0.000000000000000000e+00,0.000000000000000000e+00
1.205499469999999978e-04,3.000009120000000085e+00,2.488534089999999921e+00,2.488533789999999968e+00,5.114750230000000286e-01,4.000000000000000000e+00,4.000000000000000000e+00,0.000000000000000000e+00,0.000000000000000000e+00,0.000000000000000000e+00
1.207499470000000027e-04,3.000009079999999884e+00,2.488552449999999805e+00,2.488552139999999913e+00,5.114566390000000462e-01,4.000000000000000000e+00,4.000000000000000000e+00,0.000000000000000000e+00,0.000000000000000000e+00,0.000000000000000000e+00
1.209499469999999940e-04,3.000009050000000066e+00,2.488570740000000114e+00,2.488570430000000222e+00,5.114383169999999756e-01,4.000000000000000000e+00,4.000000000000000000e+00,0.000000000000000000e+00,0.000000000000000000e+00,0.000000000000000000e+00
1.211499469999999988e-04,3.000009019999999804e+00,2.488588969999999900e+00,2.488588660000000008e+00,5.114200559999999562e-01,4.000000000000000000e+00,4.000000000000000000e+00,0.000000000000000000e+00,0.000000000000000000e+00,0.000000000000000000e+00
1.213499470000000037e-04,3.000008989999999987e+00,2.488607140000000051e+00,2.488606840000000098e+00,5.114018559999999880e-01,4.000000000000000000e+00,4.000000000000000000e+00,0.000000000000000000e+00,0.000000000000000000e+00,0.000000000000000000e+00
1.215499469999999950e-04,3.000008960000000169e+00,2.488625250000000122e+00,2.488624950000000169e+00,5.113837169999999599e-01,4.000000000000000000e+00,4.000000000000000000e+00,0.000000000000000000e+00,0.000000000000000000e+00,0.000000000000000000e+00
1.217499469999999999e-04,3.000008929999999907e+00,2.488643300000000114e+00,2.488642990000000221e+00,5.113656380000000112e-01,4.000000000000000000e+00,4.000000000000000000e+00,0.000000000000000000e+00,0.000000000000000000e+00,0.000000000000000000e+00
1.219499470000000047e-04,3.000008900000000089e+00,2.488661280000000087e+00,2.488660980000000134e+00,5.113476200000000027e-01,4.000000000000000000e+00,4.000000000000000000e+00,0.000000000000000000e+00,0.000000000000000000e+00,0.000000000000000000e+00
1.221499470000000096e-04,3.000008869999999828e+00,2.488679209999999919e+00,2.488678909999999966e+00,5.113296609999999909e-01,4.000000000000000000e+00,4.000000000000000000e+00,0.000000000000000000e+00,0.000000000000000000e+00,0.000000000000000000e+00
1.223499469999999873e-04,3.000008849999999949e+00,2.488697080000000117e+00,2.488696790000000103e+00,5.113117619999999475e-01,4.000000000000000000e+00,4.000000000000000000e+00,0.000000000000000000e+00,0.000000000000000000e+00,0.000000000000000000e+00
1.225499469999999922e-04,3.000008820000000132e+00,2.488714889999999791e+00,2.488714600000000221e+00,5.112939229999999835e-01,4.000000000000000000e+00,4.000000000000000000e+00,0.000000000000000000e+00,0.000000000000000000e+00,0.000000000000000000e+00
1.227499469999999971e-04,3.000008789999999870e+00,2.488732639999999829e+00,2.488732349999999816e+00,5.112761420000000445e-01,4.000000000000000000e+00,4.000000000000000000e+00,0.000000000000000000e+00,0.000000000000000000e+00,0.000000000000000000e+00
1.229499470000000019e-04,3.000008760000000052e+00,2.488750340000000172e+00,2.488750040000000219e+00,5.112584199999999912e-01,4.000000000000000000e+00,4.000000000000000000e+00,0.000000000000000000e+00,0.000000000000000000e+00,0.000000000000000000e+00
1.231499470000000068e-04,3.000008729999999790e+00,2.488767970000000052e+00,2.488767680000000038e+00,5.112407559999999629e-01,4.000000000000000000e+00,4.000000000000000000e+00,0.000000000000000000e+00,0.000000000000000000e+00,0.000000000000000000e+00
1.233499470000000116e-04,3.000008699999999973e+00,2.488785549999999791e+00,2.488785260000000221e+00,5.112231510000000423e-01,4.000000000000000000e+00,4.000000000000000000e+00,0.000000000000000000e+00,0.000000000000000000e+00,0.000000000000000000e+00
1.235499469999999894e-04,3.000008670000000155e+00,2.488803069999999895e+00,2.488802779999999881e+00,5.112056029999999529e-01,4.000000000000000000e+00,4.000000000000000000e+00,0.000000000000000000e+00,0.000000000000000000e+00,0.000000000000000000e+00
1.237499469999999943e-04,3.000008639999999893e+00,2.488820529999999920e+00,2.488820239999999906e+00,5.111881129999999995e-01,4.000000000000000000e+00,4.000000000000000000e+00,0.000000000000000000e+00,0.000000000000000000e+00,0.000000000000000000e+00
1.239499469999999991e-04,3.000008620000000015e+00,2.488837929999999865e+00,2.488837639999999851e+00,5.111706809999999601e-01,4.000000000000000000e+00,4.000000000000000000e+00,0.000000000000000000e+00,0.000000000000000000e+00,0.000000000000000000e+00
1.241499470000000040e-04,3.000008590000000197e+00,2.488855280000000114e+00,2.488854990000000100e+00,5.111533050000000022e-01,4.000000000000000000e+00,4.000000000000000000e+00,0.000000000000000000e+00,0.000000000000000000e+00,0.000000000000000000e+00
1.243499470000000088e-04,3.000008559999999935e+00,2.488872569999999840e+00,2.488872279999999826e+00,5.111359859999999866e-01,4.000000000000000000e+00,4.000000000000000000e+00,0.000000000000000000e+00,0.000000000000000000e+00,0.000000000000000000e+00
1.245499469999999866e-04,3.000008530000000118e+00,2.488889809999999869e+00,2.488889519999999855e+00,5.111187240000000243e-01,4.000000000000000000e+00,4.000000000000000000e+00,0.000000000000000000e+00,0.000000000000000000e+00,0.000000000000000000e+00
1.247499469999999915e-04,3.000008499999999856e+00,2.488906989999999819e+00,2.488906699999999805e+00,5.111015180000000324e-01,4.000000000000000000e+00,4.000000000000000000e+00,0.000000000000000000e+00,0.000000000000000000e+00,0.000000000000000000e+00
1.249499469999999963e-04,3.000008479999999977e+00,2.488924110000000134e+00,2.488923820000000120e+00,5.110843670000000394e-01,4.000000000000000000e+00,4.000000000000000000e+00,0.000000000000000000e+00,0.000000000000000000e+00,0.000000000000000000e+00
1.251499470000000012e-04,3.000008450000000160e+00,2.488941179999999864e+00,2.488940889999999850e+00,5.110672729999999886e-01,4.000000000000000000e+00,4.000000000000000000e+00,0.000000000000000000e+00,0.000000000000000000e+00,0.000000000000000000e+00
1.253499470000000060e-04,3.000008419999999898e+00,2.488958189999999959e+00,2.488957899999999945e+00,5.110502340000000476e-01,4.000000000000000000e+00,4.000000000000000000e+00,0.000000000000000000e+00,0.000000000000000000e+00,0.000000000000000000e+00
1.255499470000000109e-04,3.000008390000000080e+00,2.488975139999999975e+00,2.488974859999999900e+00,5.110332499999999945e-01,4.000000000000000000e+00,4.000000000000000000e+00,0.000000000000000000e+00,0.000000000000000000e+00,0.000000000000000000e+00
1.257499469999999887e-04,3.000008370000000202e+00,2.488992049999999789e+00,2.488991760000000220e+00,5.110163199999999684e-01,4.000000000000000000e+00,4.000000000000000000e+00,0.000000000000000000e+00,0.000000000000000000e+00,0.000000000000000000e+00
1.259499469999999935e-04,3.000008339999999940e+00,2.489008890000000029e+00,2.489008609999999955e+00,5.109994460000000238e-01,4.000000000000000000e+00,4.000000000000000000e+00,0.000000000000000000e+00,0.000000000000000000e+00,0.000000000000000000e+00
1.261499469999999984e-04,3.000008310000000122e+00,2.489025690000000068e+00,2.489025409999999994e+00,5.109826259999999953e-01,4.000000000000000000e+00,4.000000000000000000e+00,0.000000000000000000e+00,0.000000000000000000e+00,0.000000000000000000e+00
1.263499470000000032e-04,3.000008289999999800e+00,2.489042430000000028e+00,2.489042149999999953e+00,5.109658599999999939e-01,4.000000000000000000e+00,4.000000000000000000e+00,0.000000000000000000e+00,0.000000000000000000e+00,0.000000000000000000e+00
1.265499470000000081e-04,3.000008259999999982e+00,2.489059109999999908e+00,2.489058829999999833e+00,5.109491470000000479e-01,4.000000000000000000e+00,4.000000000000000000e+00,0.000000000000000000e+00,0.000000000000000000e+00,0.000000000000000000e+00
1.267499470000000130e-04,3.000008230000000164e+00,2.489075740000000092e+00,2.489075469999999957e+00,5.109324889999999897e-01,4.000000000000000000e+00,4.000000000000000000e+00,0.000000000000000000e+00,0.000000000000000000e+00,0.000000000000000000e+00
1.269499469999999907e-04,3.000008209999999842e+00,2.489092320000000136e+00,2.489092050000000000e+00,5.109158839999999868e-01,4.000000000000000000e+00,4.000000000000000000e+00,0.000000000000000000e+00,0.000000000000000000e+00,0.000000000000000000e+00
1.271499469999999956e-04,3.000008180000000024e+00,2.489108850000000039e+00,2.489108569999999965e+00,5.108993309999999566e-01,4.000000000000000000e+00,4.000000000000000000e+00,0.000000000000000000e+00,0.000000000000000000e+00,0.000000000000000000e+00
1.273499470000000005e-04,3.000008150000000207e+00,2.489125319999999864e+00,2.489125050000000172e+00,5.108828319999999534e-01,4.000000000000000000e+00,4.000000000000000000e+00,0.000000000000000000e+00,0.000000000000000000e+00,0.000000000000000000e+00
1.275499470000000053e-04,3.000008129999999884e+00,2.489141739999999992e+00,2.489141469999999856e+00,5.108663850000000339e-01,4.000000000000000000e+00,4.000000000000000000e+00,0.000000000000000000e+00,0.000000000000000000e+00,0.000000000000000000e+00
1.277499470000000102e-04,3.000008100000000066e+00,2.489158109999999979e+00,2.489157839999999844e+00,5.108499909999999478e-01,4.000000000000000000e+00,4.000000000000000000e+00,0.000000000000000000e+00,0.000000000000000000e+00,0.000000000000000000e+00
1.279499469999999879e-04,3.000008080000000188e+00,2.489174429999999827e+00,2.489174160000000136e+00,5.108336479999999735e-01,4.000000000000000000e+00,4.000000000000000000e+00,0.000000000000000000e+00,0.000000000000000000e+00,0.000000000000000000e+00
1.281499469999999928e-04,3.000008049999999926e+00,2.489190690000000039e+00,2.489190419999999904e+00,5.108173580000000547e-01,4.000000000000000000e+00,4.000000000000000000e+00,0.000000000000000000e+00,0.000000000000000000e+00,0.000000000000000000e+00
1.283249729999999880e-04,3.000008030000000048e+00,2.489204879999999953e+00,2.489204609999999818e+00,5.108031440000000423e-01,4.000000000000000000e+00,4.000000000000000000e+00,0.000000000000000000e+00,0.000000000000000000e+00,0.000000000000000000e+00
1.285000000000000064e-04,3.000008010000000169e+00,2.489219040000000049e+00,2.489218769999999914e+00,5.107889690000000371e-01,4.000000000000000000e+00,4.000000000000000000e+00,0.000000000000000000e+00,0.000000000000000000e+00,0.000000000000000000e+00
1.285001999999999932e-04,3.000008010000000169e+00,2.489219049999999989e+00,2.489218779999999853e+00,5.107889530000000455e-01,3.600000000000000089e+00,3.600000000000000089e+00,0.000000000000000000e+00,0.000000000000000000e+00,0.000000000000000000e+00
1.285005249999999957e-04,3.000008010000000169e+00,2.489219079999999806e+00,2.489218810000000115e+00,5.107889270000000037e-01,2.950000000000000178e+00,2.950000000000000178e+00,0.000000000000000000e+00,0.000000000000000000e+00,0.000000000000000000e+00
1.285006199999999955e-04,3.000008010000000169e+00,2.489219090000000190e+00,2.489218820000000054e+00,5.107889190000000079e-01,2.759374999999999911e+00,2.759374999999999911e+00,0.000000000000000000e+00,0.000000000000000000e+00,0.000000000000000000e+00
1.285007870000000059e-04,3.000008010000000169e+00,2.489219100000000129e+00,2.489218829999999993e+00,5.107889049999999598e-01,2.425781250000000000e+00,2.425781250000000000e+00,0.000000000000000000e+00,0.000000000000000000e+00,0.000000000000000000e+00
1.285008330000000118e-04,3.000008010000000169e+00,2.489219100000000129e+00,2.489218829999999993e+00,5.107889020000000446e-01,2.333447270000000184e+00,2.333447270000000184e+00,0.000000000000000000e+00,0.000000000000000000e+00,0.000000000000000000e+00
1.285009140000000134e-04,3.000008010000000169e+00,2.489219110000000068e+00,2.489218839999999933e+00,5.107888950000000206e-01,2.171862790000000043e+00,2.171862790000000043e+00,0.000000000000000000e+00,0.000000000000000000e+00,0.000000000000000000e+00
1.285010040000000061e-04,3.000008139999999823e+00,2.489219240000000166e+00,2.489218960000000092e+00,5.107888919999999944e-01,1.992965700000000062e+00,1.992965700000000062e+00,0.000000000000000000e+00,0.000000000000000000e+00,0.000000000000000000e+00
1.285011819999999996e-04,3.000008479999999977e+00,2.489219589999999815e+00,2.489219269999999984e+00,5.107888870000000248e-01,1.635171509999999939e+00,1.635171509999999939e+00,0.000000000000000000e+00,0.000000000000000000e+00,0.000000000000000000e+00
1.285015400000000057e-04,3.000009219999999921e+00,2.489220340000000142e+00,2.489219949999999848e+00,5.107888800000000007e-01,9.195831300000000263e-01,9.195831300000000263e-01,0.000000000000000000e+00,0.000000000000000000e+00,0.000000000000000000e+00
1.285020000000000107e-04,3.000010220000000061e+00,2.489221350000000221e+00,2.489220860000000091e+00,5.107888720000000049e-01,5.420996980000000139e-11,5.420996980000000139e-11,0.000000000000000000e+00,0.000000000000000000e+00,0.000000000000000000e+00
1.285020719999999941e-04,3.000010379999999977e+00,2.489221510000000137e+00,2.489221000000000128e+00,5.107888699999999504e-01,0.000000000000000000e+00,0.000000000000000000e+00,0.000000000000000000e+00,0.000000000000000000e+00,0.000000000000000000e+00
1.285022149999999919e-04,3.000010689999999869e+00,2.489221820000000029e+00,2.489221290000000142e+00,5.107888680000000070e-01,0.000000000000000000e+00,0.000000000000000000e+00,0.000000000000000000e+00,0.000000000000000000e+00,0.000000000000000000e+00
1.285025009999999875e-04,3.000011329999999976e+00,2.489222460000000137e+00,2.489221859999999786e+00,5.107888630000000374e-01,0.000000000000000000e+00,0.000000000000000000e+00,0.000000000000000000e+00,0.000000000000000000e+00,0.000000000000000000e+00
1.285030730000000058e-04,3.000012589999999868e+00,2.489223739999999907e+00,2.489223009999999903e+00,5.107888539999999589e-01,0.000000000000000000e+00,0.000000000000000000e+00,0.000000000000000000e+00,0.000000000000000000e+00,0.000000000000000000e+00
1.285042180000000114e-04,3.000015120000000035e+00,2.489226280000000013e+00,2.489225310000000135e+00,5.107888350000000521e-01,0.000000000000000000e+00,0.000000000000000000e+00,0.000000000000000000e+00,0.000000000000000000e+00,0.000000000000000000e+00
1.285065079999999954e-04,3.000020179999999925e+00,2.489231380000000105e+00,2.489229910000000157e+00,5.107887970000000166e-01,0.000000000000000000e+00,0.000000000000000000e+00,0.000000000000000000e+00,0.000000000000000000e+00,0.000000000000000000e+00
1.285110879999999906e-04,3.000030290000000210e+00,2.489241569999999903e+00,2.489239099999999816e+00,5.107887199999999739e-01,0.000000000000000000e+00,0.000000000000000000e+00,0.000000000000000000e+00,0.000000000000000000e+00,0.000000000000000000e+00
1.285199999999999960e-04,3.000049980000000005e+00,2.489261410000000119e+00,2.489256989999999892e+00,5.107885720000000518e-01,0.000000000000000000e+00,0.000000000000000000e+00,0.000000000000000000e+00,0.000000000000000000e+00,0.000000000000000000e+00
1.285202000000000100e-04,3.000050419999999995e+00,2.489261850000000109e+00,2.489257390000000125e+00,5.107885690000000256e-01,0.000000000000000000e+00,0.000000000000000000e+00,4.000000000000000222e-01,0.000000000000000000e+00,0.000000000000000000e+00
1.285205250000000124e-04,3.000051140000000061e+00,2.489262570000000174e+00,2.489258040000000172e+00,5.107885629999999733e-01,0.000000000000000000e+00,0.000000000000000000e+00,1.050000000000000044e+00,0.000000000000000000e+00,0.000000000000000000e+00
1.285206200000000123e-04,3.000051350000000117e+00,2.489262790000000169e+00,2.489258229999999905e+00,5.107885620000000015e-01,0.000000000000000000e+00,0.000000000000000000e+00,1.240625000000000089e+00,0.000000000000000000e+00,0.000000000000000000e+00
1.285207869999999955e-04,3.000051720000000088e+00,2.489263160000000141e+00,2.489258570000000059e+00,5.107885589999999754e-01,0.000000000000000000e+00,0.000000000000000000e+00,1.574218750000000000e+00,0.000000000000000000e+00,0.000000000000000000e+00
1.285208330000000014e-04,3.000051819999999925e+00,2.489263259999999978e+00,2.489258659999999956e+00,5.107885580000000036e-01,0.000000000000000000e+00,0.000000000000000000e+00,1.666552730000000038e+00,0.000000000000000000e+00,0.000000000000000000e+00
1.285209140000000030e-04,3.000052000000000163e+00,2.489263440000000216e+00,2.489258819999999872e+00,5.107885570000000319e-01,0.000000000000000000e+00,0.000000000000000000e+00,1.828137209999999957e+00,0.000000000000000000e+00,0.000000000000000000e+00
1.285209229999999942e-04,3.000052020000000041e+00,2.489263460000000094e+00,2.489258840000000195e+00,5.107885559999999492e-01,0.000000000000000000e+00,0.000000000000000000e+00,1.845426460000000102e+00,0.000000000000000000e+00,0.000000000000000000e+00
1.285209400000000076e-04,3.000052049999999859e+00,2.489263499999999851e+00,2.489258870000000012e+00,5.107885559999999492e-01,0.000000000000000000e+00,0.000000000000000000e+00,1.880004959999999947e+00,0.000000000000000000e+00,0.000000000000000000e+00
1.285209750000000032e-04,3.000052129999999817e+00,2.489263569999999870e+00,2.489258940000000031e+00,5.107885559999999492e-01,0.000000000000000000e+00,0.000000000000000000e+00,1.949161949999999921e+00,0.000000000000000000e+00,0.000000000000000000e+00
1.285209800000000104e-04,3.000052140000000200e+00,2.489263590000000193e+00,2.489258949999999970e+00,5.107885559999999492e-01,0.000000000000000000e+00,0.000000000000000000e+00,1.960390340000000009e+00,0.000000000000000000e+00,0.000000000000000000e+00
1.285209909999999935e-04,3.000052170000000018e+00,2.489263610000000071e+00,2.489258979999999788e+00,5.107885549999999775e-01,0.000000000000000000e+00,0.000000000000000000e+00,1.982847110000000024e+00,0.000000000000000000e+00,0.000000000000000000e+00
1.285209950000000046e-04,3.000052170000000018e+00,2.489263620000000010e+00,2.489258979999999788e+00,5.107885549999999775e-01,0.000000000000000000e+00,0.000000000000000000e+00,1.989643040000000029e+00,0.000000000000000000e+00,0.000000000000000000e+00
1.285209969999999966e-04,3.000052179999999957e+00,2.489263629999999949e+00,2.489258990000000171e+00,5.107885549999999775e-01,0.000000000000000000e+00,0.000000000000000000e+00,1.994654240000000023e+00,0.000000000000000000e+00,0.000000000000000000e+00
1.285209989999999886e-04,3.000052179999999957e+00,2.489263629999999949e+00,2.489258990000000171e+00,5.107885549999999775e-01,0.000000000000000000e+00,0.000000000000000000e+00,1.998230699999999915e+00,0.000000000000000000e+00,0.000000000000000000e+00
1.285210010000000078e-04,2.999360810000000210e+00,2.488567049999999892e+00,2.488630469999999928e+00,5.107937599999999856e-01,0.000000000000000000e+00,0.000000000000000000e+00,2.001267330000000122e+00,0.000000000000000000e+00,0.000000000000000000e+00
1.285210020000000038e-04,2.998485179999999861e+00,2.487684830000000069e+00,2.487834449999999809e+00,5.108003519999999575e-01,0.000000000000000000e+00,0.000000000000000000e+00,2.004208980000000029e+00,0.000000000000000000e+00,0.000000000000000000e+00
1.285210039999999958e-04,2.997417770000000203e+00,2.486609379999999980e+00,2.486864070000000204e+00,5.108083879999999466e-01,0.000000000000000000e+00,0.000000000000000000e+00,2.007544020000000096e+00,0.000000000000000000e+00,0.000000000000000000e+00
1.285210059999999878e-04,2.995726900000000192e+00,2.484905780000000064e+00,2.485326909999999945e+00,5.108211179999999629e-01,0.000000000000000000e+00,0.000000000000000000e+00,2.012709769999999843e+00,0.000000000000000000e+00,0.000000000000000000e+00
1.285210099999999989e-04,2.993099459999999823e+00,2.482258560000000003e+00,2.482938330000000082e+00,5.108408979999999877e-01,0.000000000000000000e+00,0.000000000000000000e+00,2.020675370000000193e+00,0.000000000000000000e+00,0.000000000000000000e+00
1.285210179999999940e-04,2.987952840000000165e+00,2.477073190000000036e+00,2.478259589999999957e+00,5.108796439999999661e-01,0.000000000000000000e+00,0.000000000000000000e+00,2.036254469999999817e+00,0.000000000000000000e+00,0.000000000000000000e+00
1.285210329999999883e-04,2.978412800000000082e+00,2.467461339999999836e+00,2.469586829999999900e+00,5.109514649999999936e-01,0.000000000000000000e+00,0.000000000000000000e+00,2.065183020000000091e+00,0.000000000000000000e+00,0.000000000000000000e+00
1.285210620000000080e-04,2.959434320000000174e+00,2.448339980000000082e+00,2.452333659999999860e+00,5.110943430000000065e-01,0.000000000000000000e+00,0.000000000000000000e+00,2.123040140000000076e+00,0.000000000000000000e+00,0.000000000000000000e+00
1.285211189999999970e-04,2.921909059999999947e+00,2.410532209999999953e+00,2.418219790000000202e+00,5.113768490000000222e-01,0.000000000000000000e+00,0.000000000000000000e+00,2.238754370000000105e+00,0.000000000000000000e+00,0.000000000000000000e+00
1.285212349999999943e-04,2.848573619999999806e+00,2.336644670000000090e+00,2.351551199999999842e+00,5.119289479999999948e-01,0.000000000000000000e+00,0.000000000000000000e+00,2.470182819999999779e+00,0.000000000000000000e+00,0.000000000000000000e+00
1.285214350000000083e-04,2.726877229999999930e+00,2.214032099999999836e+00,2.240918129999999842e+00,5.128451280000000390e-01,0.000000000000000000e+00,0.000000000000000000e+00,2.870712399999999942e+00,0.000000000000000000e+00,0.000000000000000000e+00
1.285216549999999966e-04,2.600879330000000156e+00,2.087085640000000186e+00,2.126374579999999792e+00,5.137936920000000240e-01,0.000000000000000000e+00,0.000000000000000000e+00,3.309302220000000183e+00,0.000000000000000000e+00,0.000000000000000000e+00
1.285218269999999869e-04,2.506777050000000173e+00,1.992274920000000060e+00,2.040827049999999865e+00,5.145021319999999454e-01,0.000000000000000000e+00,0.000000000000000000e+00,3.654651110000000092e+00,0.000000000000000000e+00,0.000000000000000000e+00
1.285220000000000004e-04,2.416956889999999802e+00,1.901778559999999896e+00,1.959172359999999946e+00,5.151783349999999873e-01,0.000000000000000000e+00,0.000000000000000000e+00,4.000000000000000000e+00,0.000000000000000000e+00,0.000000000000000000e+00
1.285220130000000027e-04,2.410400409999999827e+00,1.895172709999999983e+00,1.953211919999999990e+00,5.152276949999999855e-01,0.000000000000000000e+00,0.000000000000000000e+00,4.000000000000000000e+00,0.000000000000000000e+00,0.000000000000000000e+00
1.285220390000000072e-04,2.397342060000000163e+00,1.882016050000000051e+00,1.941340690000000091e+00,5.153260039999999487e-01,0.000000000000000000e+00,0.000000000000000000e+00,4.000000000000000000e+00,0.000000000000000000e+00,0.000000000000000000e+00
1.285220909999999891e-04,2.371485359999999876e+00,1.855964699999999912e+00,1.917834610000000106e+00,5.155206629999999901e-01,0.000000000000000000e+00,0.000000000000000000e+00,4.000000000000000000e+00,0.000000000000000000e+00,0.000000000000000000e+00
1.285221909999999961e-04,2.322609579999999951e+00,1.806720960000000042e+00,1.873402079999999970e+00,5.158886200000000199e-01,0.000000000000000000e+00,0.000000000000000000e+00,4.000000000000000000e+00,0.000000000000000000e+00,0.000000000000000000e+00
1.285223910000000101e-04,2.228674820000000167e+00,1.712079020000000007e+00,1.788006839999999986e+00,5.165958000000000494e-01,0.000000000000000000e+00,0.000000000000000000e+00,4.000000000000000000e+00,0.000000000000000000e+00,0.000000000000000000e+00
1.285226220000000087e-04,2.125878059999999792e+00,1.608508370000000021e+00,1.694555239999999907e+00,5.173696960000000455e-01,0.000000000000000000e+00,0.000000000000000000e+00,4.000000000000000000e+00,0.000000000000000000e+00,0.000000000000000000e+00
1.285228320000000098e-04,2.038217190000000123e+00,1.520187549999999943e+00,1.614863539999999986e+00,5.180296429999999841e-01,0.000000000000000000e+00,0.000000000000000000e+00,4.000000000000000000e+00,0.000000000000000000e+00,0.000000000000000000e+00
1.285230589999999972e-04,1.948799519999999896e+00,1.430096709999999938e+00,1.533574750000000098e+00,5.187028150000000393e-01,0.000000000000000000e+00,0.000000000000000000e+00,4.000000000000000000e+00,0.000000000000000000e+00,0.000000000000000000e+00
1.285232639999999912e-04,1.872430059999999896e+00,1.353152310000000025e+00,1.464147969999999965e+00,5.192777560000000348e-01,0.000000000000000000e+00,0.000000000000000000e+00,4.000000000000000000e+00,0.000000000000000000e+00,0.000000000000000000e+00
1.285234830000000106e-04,1.795616759999999923e+00,1.275760720000000070e+00,1.394317699999999993e+00,5.198560380000000203e-01,0.000000000000000000e+00,0.000000000000000000e+00,4.000000000000000000e+00,0.000000000000000000e+00,0.000000000000000000e+00
1.285236880000000046e-04,1.727498600000000106e+00,1.207129740000000062e+00,1.332392100000000079e+00,5.203688589999999614e-01,0.000000000000000000e+00,0.000000000000000000e+00,4.000000000000000000e+00,0.000000000000000000e+00,0.000000000000000000e+00
1.285239040000000089e-04,1.659884359999999948e+00,1.139006469999999993e+00,1.270924600000000071e+00,5.208778870000000394e-01,0.000000000000000000e+00,0.000000000000000000e+00,4.000000000000000000e+00,0.000000000000000000e+00,0.000000000000000000e+00
1.285241109999999949e-04,1.598604010000000075e+00,1.077264779999999922e+00,1.215215200000000051e+00,5.213392300000000423e-01,0.000000000000000000e+00,0.000000000000000000e+00,4.000000000000000000e+00,0.000000000000000000e+00,0.000000000000000000e+00
1.285243250000000072e-04,1.538633700000000104e+00,1.016842990000000002e+00,1.160696739999999894e+00,5.217907109999999626e-01,0.000000000000000000e+00,0.000000000000000000e+00,4.000000000000000000e+00,0.000000000000000000e+00,0.000000000000000000e+00
1.285245329999999892e-04,1.483585939999999992e+00,9.613808040000000332e-01,1.110653310000000005e+00,5.222051340000000152e-01,0.000000000000000000e+00,0.000000000000000000e+00,4.000000000000000000e+00,0.000000000000000000e+00,0.000000000000000000e+00
1.285247470000000015e-04,1.430299439999999978e+00,9.076931440000000073e-01,1.062211039999999995e+00,5.226062959999999702e-01,0.000000000000000000e+00,0.000000000000000000e+00,4.000000000000000000e+00,0.000000000000000000e+00,0.000000000000000000e+00
1.285249560000000066e-04,1.380961759999999927e+00,8.579840300000000086e-01,1.017358610000000052e+00,5.229777300000000295e-01,0.000000000000000000e+00,0.000000000000000000e+00,4.000000000000000000e+00,0.000000000000000000e+00,0.000000000000000000e+00
1.285251689999999958e-04,1.333559960000000100e+00,8.102253659999999469e-01,9.742660570000000186e-01,5.233345910000000156e-01,0.000000000000000000e+00,0.000000000000000000e+00,4.000000000000000000e+00,0.000000000000000000e+00,0.000000000000000000e+00
1.285253780000000009e-04,1.289401220000000015e+00,7.657341850000000116e-01,9.341217520000000274e-01,5.236670359999999746e-01,0.000000000000000000e+00,0.000000000000000000e+00,4.000000000000000000e+00,0.000000000000000000e+00,0.000000000000000000e+00
1.285255909999999900e-04,1.247192730000000083e+00,7.232079289999999716e-01,8.957503940000000053e-01,5.239847979999999739e-01,0.000000000000000000e+00,0.000000000000000000e+00,4.000000000000000000e+00,0.000000000000000000e+00,0.000000000000000000e+00
1.285258009999999912e-04,1.207702990000000032e+00,6.834208999999999978e-01,8.598506360000000015e-01,5.242820929999999491e-01,0.000000000000000000e+00,0.000000000000000000e+00,4.000000000000000000e+00,0.000000000000000000e+00,0.000000000000000000e+00
1.285260130000000114e-04,1.170091460000000083e+00,6.455262130000000154e-01,8.256583339999999938e-01,5.245652480000000395e-01,0.000000000000000000e+00,0.000000000000000000e+00,4.000000000000000000e+00,0.000000000000000000e+00,0.000000000000000000e+00
1.285262230000000126e-04,1.134797620000000062e+00,6.099666609999999656e-01,7.935730199999999623e-01,5.248309549999999879e-01,0.000000000000000000e+00,0.000000000000000000e+00,4.000000000000000000e+00,0.000000000000000000e+00,0.000000000000000000e+00
1.285264350000000057e-04,1.101265530000000048e+00,5.761821289999999873e-01,7.630893029999999966e-01,5.250833980000000345e-01,0.000000000000000000e+00,0.000000000000000000e+00,4.000000000000000000e+00,0.000000000000000000e+00,0.000000000000000000e+00
1.285266450000000068e-04,1.069734650000000009e+00,5.444138790000000450e-01,7.344248740000000053e-01,5.253207749999999621e-01,0.000000000000000000e+00,0.000000000000000000e+00,4.000000000000000000e+00,0.000000000000000000e+00,0.000000000000000000e+00
1.285268570000000000e-04,1.039829209999999948e+00,5.142832929999999747e-01,7.072381049999999503e-01,5.255459160000000018e-01,0.000000000000000000e+00,0.000000000000000000e+00,4.000000000000000000e+00,0.000000000000000000e+00,0.000000000000000000e+00
1.285270670000000011e-04,1.011668170000000089e+00,4.859102430000000195e-01,6.816371580000000208e-01,5.257579239999999876e-01,0.000000000000000000e+00,0.000000000000000000e+00,4.000000000000000000e+00,0.000000000000000000e+00,0.000000000000000000e+00
1.285272789999999943e-04,9.849907409999999475e-01,4.590319789999999789e-01,6.573849529999999941e-01,5.259587620000000241e-01,0.000000000000000000e+00,0.000000000000000000e+00,4.000000000000000000e+00,0.000000000000000000e+00,0.000000000000000000e+00
1.285274930000000065e-04,9.594923400000000546e-01,4.333416150000000133e-01,6.342045889999999853e-01,5.261507250000000413e-01,0.000000000000000000e+00,0.000000000000000000e+00,4.000000000000000000e+00,0.000000000000000000e+00,0.000000000000000000e+00
1.285277110000000028e-04,9.349230389999999558e-01,4.085873469999999896e-01,6.118688610000000416e-01,5.263356930000000489e-01,0.000000000000000000e+00,0.000000000000000000e+00,4.000000000000000000e+00,0.000000000000000000e+00,0.000000000000000000e+00
1.285279330000000102e-04,9.113507469999999611e-01,3.848375929999999778e-01,5.904395049999999756e-01,5.265131539999999832e-01,0.000000000000000000e+00,0.000000000000000000e+00,4.000000000000000000e+00,0.000000000000000000e+00,0.000000000000000000e+00
1.285281609999999936e-04,8.886629369999999861e-01,3.619789789999999785e-01,5.698142219999999813e-01,5.266839580000000076e-01,0.000000000000000000e+00,0.000000000000000000e+00,4.000000000000000000e+00,0.000000000000000000e+00,0.000000000000000000e+00
1.285283919999999922e-04,8.669314080000000144e-01,3.400838469999999947e-01,5.500582870000000346e-01,5.268475609999999643e-01,0.000000000000000000e+00,0.000000000000000000e+00,4.000000000000000000e+00,0.000000000000000000e+00,0.000000000000000000e+00
1.285286289999999939e-04,8.460762170000000193e-01,3.190716490000000127e-01,5.310990230000000034e-01,5.270045679999999511e-01,0.000000000000000000e+00,0.000000000000000000e+00,4.000000000000000000e+00,0.000000000000000000e+00,0.000000000000000000e+00
1.285288710000000026e-04,8.261341939999999884e-01,2.989794940000000123e-01,5.129699110000000006e-01,5.271546999999999761e-01,0.000000000000000000e+00,0.000000000000000000e+00,4.000000000000000000e+00,0.000000000000000000e+00,0.000000000000000000e+00
1.285291169999999955e-04,8.070426360000000354e-01,2.797442070000000225e-01,4.956139489999999981e-01,5.272984290000000129e-01,0.000000000000000000e+00,0.000000000000000000e+00,4.000000000000000000e+00,0.000000000000000000e+00,0.000000000000000000e+00
1.285293699999999874e-04,7.888166789999999651e-01,2.613810380000000100e-01,4.790448979999999968e-01,5.274356409999999551e-01,0.000000000000000000e+00,0.000000000000000000e+00,4.000000000000000000e+00,0.000000000000000000e+00,0.000000000000000000e+00
1.285296269999999905e-04,7.714078629999999714e-01,2.438411610000000007e-01,4.632187019999999822e-01,5.275667019999999985e-01,0.000000000000000000e+00,0.000000000000000000e+00,4.000000000000000000e+00,0.000000000000000000e+00,0.000000000000000000e+00
1.285298909999999927e-04,7.548188230000000276e-01,2.271272320000000122e-01,4.481377570000000254e-01,5.276915909999999599e-01,0.000000000000000000e+00,0.000000000000000000e+00,4.000000000000000000e+00,0.000000000000000000e+00,0.000000000000000000e+00
1.285301609999999980e-04,7.390112159999999708e-01,2.112006190000000061e-01,4.337672049999999890e-01,5.278105969999999925e-01,0.000000000000000000e+00,0.000000000000000000e+00,4.000000000000000000e+00,0.000000000000000000e+00,0.000000000000000000e+00
1.285304370000000065e-04,7.239797460000000351e-01,1.960559849999999882e-01,4.201022320000000199e-01,5.279237599999999642e-01,0.000000000000000000e+00,0.000000000000000000e+00,4.000000000000000000e+00,0.000000000000000000e+00,0.000000000000000000e+00
1.285307199999999870e-04,7.096926940000000128e-01,1.816613750000000138e-01,4.071140039999999738e-01,5.280313189999999990e-01,0.000000000000000000e+00,0.000000000000000000e+00,4.000000000000000000e+00,0.000000000000000000e+00,0.000000000000000000e+00
1.285310099999999937e-04,6.961395809999999518e-01,1.680062280000000074e-01,3.947929909999999820e-01,5.281333520000000004e-01,0.000000000000000000e+00,0.000000000000000000e+00,4.000000000000000000e+00,0.000000000000000000e+00,0.000000000000000000e+00
1.285313069999999996e-04,6.832929749999999691e-01,1.550629089999999988e-01,3.831142599999999843e-01,5.282300669999999698e-01,0.000000000000000000e+00,0.000000000000000000e+00,4.000000000000000000e+00,0.000000000000000000e+00,0.000000000000000000e+00
1.285316129999999966e-04,6.711390409999999918e-01,1.428174739999999998e-01,3.720652280000000256e-01,5.283215669999999919e-01,0.000000000000000000e+00,0.000000000000000000e+00,4.000000000000000000e+00,0.000000000000000000e+00,0.000000000000000000e+00
1.285319259999999927e-04,6.596531359999999733e-01,1.312450990000000040e-01,3.616234970000000160e-01,5.284080370000000526e-01,0.000000000000000000e+00,0.000000000000000000e+00,4.000000000000000000e+00,0.000000000000000000e+00,0.000000000000000000e+00
1.285322480000000071e-04,6.488192790000000265e-01,1.203296799999999944e-01,3.517745369999999983e-01,5.284895990000000321e-01,0.000000000000000000e+00,0.000000000000000000e+00,4.000000000000000000e+00,0.000000000000000000e+00,0.000000000000000000e+00
1.285325800000000087e-04,6.386146510000000331e-01,1.100482269999999985e-01,3.424976020000000121e-01,5.285664239999999792e-01,0.000000000000000000e+00,0.000000000000000000e+00,4.000000000000000000e+00,0.000000000000000000e+00,0.000000000000000000e+00
1.285329200000000054e-04,6.290219179999999577e-01,1.003832759999999935e-01,3.337769360000000241e-01,5.286386419999999919e-01,0.000000000000000000e+00,0.000000000000000000e+00,4.000000000000000000e+00,0.000000000000000000e+00,0.000000000000000000e+00
1.285332720000000083e-04,6.200194549999999971e-01,9.131303929999999569e-02,3.255928799999999734e-01,5.287064160000000124e-01,0.000000000000000000e+00,0.000000000000000000e+00,4.000000000000000000e+00,0.000000000000000000e+00,0.000000000000000000e+00
1.285336339999999984e-04,6.115890980000000532e-01,8.281921429999999917e-02,3.179289180000000048e-01,5.287698830000000516e-01,0.000000000000000000e+00,0.000000000000000000e+00,4.000000000000000000e+00,0.000000000000000000e+00,0.000000000000000000e+00
1.285340069999999987e-04,6.037100130000000453e-01,7.488081259999999906e-02,3.107661139999999822e-01,5.288291999999999993e-01,0.000000000000000000e+00,0.000000000000000000e+00,4.000000000000000000e+00,0.000000000000000000e+00,0.000000000000000000e+00
1.285343930000000013e-04,5.963635409999999970e-01,6.747903310000000210e-02,3.040875040000000085e-01,5.288845079999999754e-01,0.000000000000000000e+00,0.000000000000000000e+00,4.000000000000000000e+00,0.000000000000000000e+00,0.000000000000000000e+00
1.285347920000000062e-04,5.895293879999999875e-01,6.059342990000000234e-02,2.978746380000000249e-01,5.289359580000000394e-01,0.000000000000000000e+00,0.000000000000000000e+00,4.000000000000000000e+00,0.000000000000000000e+00,0.000000000000000000e+00
1.285352050000000094e-04,5.831886219999999899e-01,5.420492779999999677e-02,2.921103050000000145e-01,5.289836940000000043e-01,0.000000000000000000e+00,0.000000000000000000e+00,4.000000000000000000e+00,0.000000000000000000e+00,0.000000000000000000e+00
1.285356330000000068e-04,5.773213299999999659e-01,4.829346469999999669e-02,2.867764039999999848e-01,5.290278649999999860e-01,0.000000000000000000e+00,0.000000000000000000e+00,4.000000000000000000e+00,0.000000000000000000e+00,0.000000000000000000e+00
1.285360759999999985e-04,5.719084559999999540e-01,4.283984049999999683e-02,2.818556099999999787e-01,5.290686159999999916e-01,0.000000000000000000e+00,0.000000000000000000e+00,4.000000000000000000e+00,0.000000000000000000e+00,0.000000000000000000e+00
1.285365379999999955e-04,5.669303749999999864e-01,3.782428270000000314e-02,2.773300819999999778e-01,5.291060929999999995e-01,0.000000000000000000e+00,0.000000000000000000e+00,4.000000000000000000e+00,0.000000000000000000e+00,0.000000000000000000e+00
1.285370170000000060e-04,5.623680089999999465e-01,3.322756920000000114e-02,2.731824769999999791e-01,5.291404400000000452e-01,0.000000000000000000e+00,0.000000000000000000e+00,4.000000000000000000e+00,0.000000000000000000e+00,0.000000000000000000e+00
1.285375169999999868e-04,5.582019700000000473e-01,2.903016660000000068e-02,2.693951700000000171e-01,5.291718039999999679e-01,0.000000000000000000e+00,0.000000000000000000e+00,4.000000000000000000e+00,0.000000000000000000e+00,0.000000000000000000e+00
1.285380389999999881e-04,5.544132320000000336e-01,2.521290500000000073e-02,2.659508629999999818e-01,5.292003269999999704e-01,0.000000000000000000e+00,0.000000000000000000e+00,4.000000000000000000e+00,0.000000000000000000e+00,0.000000000000000000e+00
1.285385840000000059e-04,5.509826230000000047e-01,2.175646919999999970e-02,2.628321279999999982e-01,5.292261539999999487e-01,0.000000000000000000e+00,0.000000000000000000e+00,4.000000000000000000e+00,0.000000000000000000e+00,0.000000000000000000e+00
1.285391559999999971e-04,5.478912289999999796e-01,1.864180130000000005e-02,2.600217699999999854e-01,5.292494269999999945e-01,0.000000000000000000e+00,0.000000000000000000e+00,4.000000000000000000e+00,0.000000000000000000e+00,0.000000000000000000e+00
1.285397560000000119e-04,5.451200959999999984e-01,1.584980669999999994e-02,2.575025590000000197e-01,5.292702900000000321e-01,0.000000000000000000e+00,0.000000000000000000e+00,4.000000000000000000e+00,0.000000000000000000e+00,0.000000000000000000e+00
1.285403870000000114e-04,5.426504749999999655e-01,1.336159280000000053e-02,2.552574490000000251e-01,5.292888820000000161e-01,0.000000000000000000e+00,0.000000000000000000e+00,4.000000000000000000e+00,0.000000000000000000e+00,0.000000000000000000e+00
1.285410530000000065e-04,5.404636520000000166e-01,1.115830609999999938e-02,2.532694289999999904e-01,5.293053450000000382e-01,0.000000000000000000e+00,0.000000000000000000e+00,4.000000000000000000e+00,0.000000000000000000e+00,0.000000000000000000e+00
1.285417570000000123e-04,5.385410950000000252e-01,9.221275350000000467e-03,2.515216499999999855e-01,5.293198190000000247e-01,0.000000000000000000e+00,0.000000000000000000e+00,4.000000000000000000e+00,0.000000000000000000e+00,0.000000000000000000e+00
1.285425040000000090e-04,5.368643699999999797e-01,7.531927770000000286e-03,2.499973560000000039e-01,5.293324430000000413e-01,0.000000000000000000e+00,0.000000000000000000e+00,4.000000000000000000e+00,0.000000000000000000e+00,0.000000000000000000e+00
1.285432999999999997e-04,5.354152309999999915e-01,6.071878420000000227e-03,2.486799570000000070e-01,5.293433520000000447e-01,0.000000000000000000e+00,0.000000000000000000e+00,4.000000000000000000e+00,0.000000000000000000e+00,0.000000000000000000e+00
1.285441499999999914e-04,5.341755820000000377e-01,4.822896519999999784e-03,2.475530039999999932e-01,5.293526849999999895e-01,0.000000000000000000e+00,0.000000000000000000e+00,4.000000000000000000e+00,0.000000000000000000e+00,0.000000000000000000e+00
1.285450620000000064e-04,5.331275429999999815e-01,3.766967390000000148e-03,2.466002419999999973e-01,5.293605749999999999e-01,0.000000000000000000e+00,0.000000000000000000e+00,4.000000000000000000e+00,0.000000000000000000e+00,0.000000000000000000e+00
1.285460460000000047e-04,5.322534479999999624e-01,2.886292339999999880e-03,2.458056120000000067e-01,5.293671559999999499e-01,0.000000000000000000e+00,0.000000000000000000e+00,4.000000000000000000e+00,0.000000000000000000e+00,0.000000000000000000e+00
1.285471129999999967e-04,5.315358999999999501e-01,2.163342019999999876e-03,2.451532959999999928e-01,5.293725580000000486e-01,0.000000000000000000e+00,0.000000000000000000e+00,4.000000000000000000e+00,0.000000000000000000e+00,0.000000000000000000e+00
1.285482770000000077e-04,5.309577930000000112e-01,1.580883099999999975e-03,2.446277460000000070e-01,5.293769099999999783e-01,0.000000000000000000e+00,0.000000000000000000e+00,4.000000000000000000e+00,0.000000000000000000e+00,0.000000000000000000e+00
1.285495569999999888e-04,5.305023770000000249e-01,1.122037889999999904e-03,2.442137319999999889e-01,5.293803390000000331e-01,0.000000000000000000e+00,0.000000000000000000e+00,4.000000000000000000e+00,0.000000000000000000e+00,0.000000000000000000e+00
1.285509760000000108e-04,5.301533069999999626e-01,7.703397270000000071e-04,2.438963969999999870e-01,5.293829669999999821e-01,0.000000000000000000e+00,0.000000000000000000e+00,4.000000000000000000e+00,0.000000000000000000e+00,0.000000000000000000e+00
1.285525650000000041e-04,5.298947290000000088e-01,5.098149250000000255e-04,2.436613270000000109e-01,5.293849139999999842e-01,0.000000000000000000e+00,0.000000000000000000e+00,4.000000000000000000e+00,0.000000000000000000e+00,0.000000000000000000e+00
1.285543659999999905e-04,5.297113730000000409e-01,3.250782340000000071e-04,2.434946420000000111e-01,5.293862940000000350e-01,0.000000000000000000e+00,0.000000000000000000e+00,4.000000000000000000e+00,0.000000000000000000e+00,0.000000000000000000e+00
1.285564380000000053e-04,5.295886789999999511e-01,2.014603680000000058e-04,2.433831039999999890e-01,5.293872179999999927e-01,0.000000000000000000e+00,0.000000000000000000e+00,4.000000000000000000e+00,0.000000000000000000e+00,0.000000000000000000e+00
1.285588670000000031e-04,5.295129579999999780e-01,1.251690359999999989e-04,2.433142689999999997e-01,5.293877890000000530e-01,0.000000000000000000e+00,0.000000000000000000e+00,4.000000000000000000e+00,0.000000000000000000e+00,0.000000000000000000e+00
1.285617830000000065e-04,5.294716000000000422e-01,8.349963459999999857e-05,2.432766729999999988e-01,5.293881000000000281e-01,0.000000000000000000e+00,0.000000000000000000e+00,4.000000000000000000e+00,0.000000000000000000e+00,0.000000000000000000e+00
1.285653939999999976e-04,5.294533439999999924e-01,6.510595849999999954e-05,2.432600799999999897e-01,5.293882380000000110e-01,0.000000000000000000e+00,0.000000000000000000e+00,4.000000000000000000e+00,0.000000000000000000e+00,0.000000000000000000e+00
1.285700619999999934e-04,5.294486170000000103e-01,6.034284259999999885e-05,2.432557870000000011e-01,5.293882739999999920e-01,0.000000000000000000e+00,0.000000000000000000e+00,4.000000000000000000e+00,0.000000000000000000e+00,0.000000000000000000e+00
1.285764799999999897e-04,5.294499379999999533e-01,6.167322759999999441e-05,2.432569940000000042e-01,5.293882650000000245e-01,0.000000000000000000e+00,0.000000000000000000e+00,4.000000000000000000e+00,0.000000000000000000e+00,0.000000000000000000e+00
1.285862059999999952e-04,5.294523260000000286e-01,6.407763919999999436e-05,2.432591739999999947e-01,5.293882479999999502e-01,0.000000000000000000e+00,0.000000000000000000e+00,4.000000000000000000e+00,0.000000000000000000e+00,0.000000000000000000e+00
1.286038489999999975e-04,5.294535070000000454e-01,6.526639629999999963e-05,2.432602640000000038e-01,5.293882410000000371e-01,0.000000000000000000e+00,0.000000000000000000e+00,4.000000000000000000e+00,0.000000000000000000e+00,0.000000000000000000e+00
1.286391330000000101e-04,5.294535000000000213e-01,6.525497070000000374e-05,2.432602899999999901e-01,5.293882450000000350e-01,0.000000000000000000e+00,0.000000000000000000e+00,4.000000000000000000e+00,0.000000000000000000e+00,0.000000000000000000e+00
1.286895670000000119e-04,5.294533540000000427e-01,6.510308230000000243e-05,2.432602040000000077e-01,5.293882509999999764e-01,0.000000000000000000e+00,0.000000000000000000e+00,4.000000000000000000e+00,0.000000000000000000e+00,0.000000000000000000e+00
1.287399999999999905e-04,5.294533390000000228e-01,6.508268929999999749e-05,2.432602369999999903e-01,5.293882570000000287e-01,0.000000000000000000e+00,0.000000000000000000e+00,4.000000000000000000e+00,0.000000000000000000e+00,0.000000000000000000e+00
1.287402000000000045e-04,5.294533399999999945e-01,6.508286000000000388e-05,2.432602369999999903e-01,5.293882570000000287e-01,0.000000000000000000e+00,0.000000000000000000e+00,4.000000000000000000e+00,4.000000000000000222e-01,0.000000000000000000e+00
1.287405250000000069e-04,5.294533399999999945e-01,6.508312320000000657e-05,2.432602379999999898e-01,5.293882570000000287e-01,0.000000000000000000e+00,0.000000000000000000e+00,4.000000000000000000e+00,1.050000000000000044e+00,0.000000000000000000e+00
1.287406200000000068e-04,5.294533399999999945e-01,6.508319669999999748e-05,2.432602379999999898e-01,5.293882570000000287e-01,0.000000000000000000e+00,0.000000000000000000e+00,4.000000000000000000e+00,1.240625000000000089e+00,0.000000000000000000e+00
1.287407869999999900e-04,5.294533399999999945e-01,6.508332109999999642e-05,2.432602379999999898e-01,5.293882570000000287e-01,0.000000000000000000e+00,0.000000000000000000e+00,4.000000000000000000e+00,1.574218750000000000e+00,0.000000000000000000e+00
1.287408329999999959e-04,5.294533399999999945e-01,6.508335459999999809e-05,2.432602389999999892e-01,5.293882570000000287e-01,0.000000000000000000e+00,0.000000000000000000e+00,4.000000000000000000e+00,1.666552730000000038e+00,0.000000000000000000e+00
1.287409139999999975e-04,5.294533399999999945e-01,6.508341220000000375e-05,2.432602389999999892e-01,5.293882570000000287e-01,0.000000000000000000e+00,0.000000000000000000e+00,4.000000000000000000e+00,1.828137209999999957e+00,0.000000000000000000e+00
1.287409190000000047e-04,5.294533399999999945e-01,6.508341589999999980e-05,2.432602389999999892e-01,5.293882570000000287e-01,0.000000000000000000e+00,0.000000000000000000e+00,4.000000000000000000e+00,1.838893939999999949e+00,0.000000000000000000e+00
1.287409299999999878e-04,5.294533399999999945e-01,6.508342350000000196e-05,2.432602389999999892e-01,5.293882570000000287e-01,0.000000000000000000e+00,0.000000000000000000e+00,4.000000000000000000e+00,1.860407399999999933e+00,0.000000000000000000e+00
1.287409520000000083e-04,5.294533399999999945e-01,6.508343860000000126e-05,2.432602389999999892e-01,5.293882570000000287e-01,0.000000000000000000e+00,0.000000000000000000e+00,4.000000000000000000e+00,1.903434330000000063e+00,0.000000000000000000e+00
1.287409810000000009e-04,5.294533399999999945e-01,6.508345869999999412e-05,2.432602389999999892e-01,5.293882570000000287e-01,0.000000000000000000e+00,0.000000000000000000e+00,4.000000000000000000e+00,1.961318190000000072e+00,0.000000000000000000e+00
1.287409839999999889e-04,5.294533399999999945e-01,6.508346089999999618e-05,2.432602389999999892e-01,5.293882570000000287e-01,0.000000000000000000e+00,0.000000000000000000e+00,4.000000000000000000e+00,1.967991119999999983e+00,0.000000000000000000e+00
1.287409909999999880e-04,5.294533399999999945e-01,6.508346549999999677e-05,2.432602389999999892e-01,5.293882570000000287e-01,0.000000000000000000e+00,0.000000000000000000e+00,4.000000000000000000e+00,1.981336989999999965e+00,0.000000000000000000e+00
1.287409920000000111e-04,5.294533399999999945e-01,6.508346659999999779e-05,2.432602389999999892e-01,5.293882570000000287e-01,0.000000000000000000e+00,0.000000000000000000e+00,4.000000000000000000e+00,1.984575170000000055e+00,0.000000000000000000e+00
1.287409959999999951e-04,5.294533399999999945e-01,6.508346890000000487e-05,2.432602389999999892e-01,5.293882570000000287e-01,0.000000000000000000e+00,0.000000000000000000e+00,4.000000000000000000e+00,1.991051539999999953e+00,0.000000000000000000e+00
1.287409969999999911e-04,5.294533399999999945e-01,6.508346959999999936e-05,2.432602389999999892e-01,5.293882570000000287e-01,0.000000000000000000e+00,0.000000000000000000e+00,4.000000000000000000e+00,1.993304949999999964e+00,0.000000000000000000e+00
1.287409990000000103e-04,5.294533399999999945e-01,6.508347119999999839e-05,2.432602389999999892e-01,5.293882570000000287e-01,0.000000000000000000e+00,0.000000000000000000e+00,4.000000000000000000e+00,1.997811769999999987e+00,0.000000000000000000e+00
1.287410000000000063e-04,5.294533399999999945e-01,6.508347180000000141e-05,2.432602389999999892e-01,5.293882570000000287e-01,0.000000000000000000e+00,0.000000000000000000e+00,4.000000000000000000e+00,1.999690989999999946e+00,0.000000000000000000e+00
1.287410010000000023e-04,5.296172550000000090e-01,2.240305599999999932e-04,2.436077160000000019e-01,5.293932249999999673e-01,0.000000000000000000e+00,0.000000000000000000e+00,4.000000000000000000e+00,2.001197429999999944e+00,0.000000000000000000e+00
1.287410010000000023e-04,5.298307580000000128e-01,4.310616649999999975e-04,2.440603460000000113e-01,5.293996970000000024e-01,0.000000000000000000e+00,0.000000000000000000e+00,4.000000000000000000e+00,2.002711600000000036e+00,0.000000000000000000e+00
1.287410019999999983e-04,5.300517099999999537e-01,6.453143310000000006e-04,2.445288100000000131e-01,5.294063959999999458e-01,0.000000000000000000e+00,0.000000000000000000e+00,4.000000000000000000e+00,2.004167409999999983e+00,0.000000000000000000e+00
1.287410029999999943e-04,5.304359899999999683e-01,1.017939739999999902e-03,2.453436760000000105e-01,5.294180499999999734e-01,0.000000000000000000e+00,0.000000000000000000e+00,4.000000000000000000e+00,2.006647930000000191e+00,0.000000000000000000e+00
1.287410050000000134e-04,5.309520129999999449e-01,1.518305470000000032e-03,2.464381320000000042e-01,5.294337070000000312e-01,0.000000000000000000e+00,0.000000000000000000e+00,4.000000000000000000e+00,2.009954689999999822e+00,0.000000000000000000e+00
1.287410080000000014e-04,5.319850059999999825e-01,2.519930289999999795e-03,2.486298530000000118e-01,5.294650760000000345e-01,0.000000000000000000e+00,0.000000000000000000e+00,4.000000000000000000e+00,2.016568219999999911e+00,0.000000000000000000e+00
1.287410140000000045e-04,5.338654819999999468e-01,4.343217570000000236e-03,2.526224599999999931e-01,5.295222649999999920e-01,0.000000000000000000e+00,0.000000000000000000e+00,4.000000000000000000e+00,2.028637999999999941e+00,0.000000000000000000e+00
1.287410260000000108e-04,5.376013539999999757e-01,7.965139070000000140e-03,2.605651179999999845e-01,5.296362150000000213e-01,0.000000000000000000e+00,0.000000000000000000e+00,4.000000000000000000e+00,2.052777550000000062e+00,0.000000000000000000e+00
1.287410509999999922e-04,5.449684809999999491e-01,1.510622569999999984e-02,2.762705950000000077e-01,5.298622549999999487e-01,0.000000000000000000e+00,0.000000000000000000e+00,4.000000000000000000e+00,2.101056659999999798e+00,0.000000000000000000e+00
1.287410989999999901e-04,5.592891479999999582e-01,2.898223800000000044e-02,3.069683089999999948e-01,5.303069099999999647e-01,0.000000000000000000e+00,0.000000000000000000e+00,4.000000000000000000e+00,2.197614859999999837e+00,0.000000000000000000e+00
1.287411750000000117e-04,5.807542009999999699e-01,4.976677239999999919e-02,3.534297359999999943e-01,5.309874289999999553e-01,0.000000000000000000e+00,0.000000000000000000e+00,4.000000000000000000e+00,2.349623479999999986e+00,0.000000000000000000e+00
1.287412630000000125e-04,6.041007830000000300e-01,7.235176290000000510e-02,4.046492079999999825e-01,5.317490200000000167e-01,0.000000000000000000e+00,0.000000000000000000e+00,4.000000000000000000e+00,2.526152450000000105e+00,0.000000000000000000e+00
1.287413489999999941e-04,6.252345209999999875e-01,9.277395950000000280e-02,4.517223369999999738e-01,5.324605610000000544e-01,0.000000000000000000e+00,0.000000000000000000e+00,4.000000000000000000e+00,2.697613469999999847e+00,0.000000000000000000e+00
1.287414400000000099e-04,6.461200430000000328e-01,1.129323690000000047e-01,4.990083080000000115e-01,5.331876740000000003e-01,0.000000000000000000e+00,0.000000000000000000e+00,4.000000000000000000e+00,2.879782350000000157e+00,0.000000000000000000e+00
1.287415280000000107e-04,6.647997879999999471e-01,1.309383889999999884e-01,5.420492150000000287e-01,5.338613989999999587e-01,0.000000000000000000e+00,0.000000000000000000e+00,4.000000000000000000e+00,3.055263730000000066e+00,0.000000000000000000e+00
1.287416199999999954e-04,6.830512279999999548e-01,1.485066660000000094e-01,5.848995949999999944e-01,5.345445629999999726e-01,0.000000000000000000e+00,0.000000000000000000e+00,4.000000000000000000e+00,3.240190919999999863e+00,0.000000000000000000e+00
1.287417110000000113e-04,6.996714349999999527e-01,1.644797149999999986e-01,6.247218589999999905e-01,5.351917200000000374e-01,0.000000000000000000e+00,0.000000000000000000e+00,4.000000000000000000e+00,3.422270399999999935e+00,0.000000000000000000e+00
1.287418070000000071e-04,7.157565700000000364e-01,1.799117379999999877e-01,6.641193840000000348e-01,5.358448329999999649e-01,0.000000000000000000e+00,0.000000000000000000e+00,4.000000000000000000e+00,3.613252829999999971e+00,0.000000000000000000e+00
1.287419020000000070e-04,7.305136250000000553e-01,1.940421180000000134e-01,7.011435750000000189e-01,5.364715070000000141e-01,0.000000000000000000e+00,0.000000000000000000e+00,4.000000000000000000e+00,3.803751660000000090e+00,0.000000000000000000e+00
1.287419999999999949e-04,7.444600150000000305e-01,2.073673679999999964e-01,7.370584040000000003e-01,5.370926470000000341e-01,0.000000000000000000e+00,0.000000000000000000e+00,4.000000000000000000e+00,4.000000000000000000e+00,0.000000000000000000e+00
1.287420100000000091e-04,7.457944600000000479e-01,2.086404639999999977e-01,7.405561929999999737e-01,5.371539960000000224e-01,0.000000000000000000e+00,0.000000000000000000e+00,4.000000000000000000e+00,4.000000000000000000e+00,0.000000000000000000e+00
1.287420300000000105e-04,7.484346339999999875e-01,2.111585069999999953e-01,7.475005959999999616e-01,5.372761280000000195e-01,0.000000000000000000e+00,0.000000000000000000e+00,4.000000000000000000e+00,4.000000000000000000e+00,0.000000000000000000e+00
1.287420689999999902e-04,7.535794369999999631e-01,2.160617320000000063e-01,7.611475920000000395e-01,5.375177049999999568e-01,0.000000000000000000e+00,0.000000000000000000e+00,4.000000000000000000e+00,4.000000000000000000e+00,0.000000000000000000e+00
1.287421260000000064e-04,7.606130650000000326e-01,2.227565910000000038e-01,7.800768569999999569e-01,5.378564740000000288e-01,0.000000000000000000e+00,0.000000000000000000e+00,4.000000000000000000e+00,4.000000000000000000e+00,0.000000000000000000e+00
1.287422400000000117e-04,7.736215109999999839e-01,2.351087910000000114e-01,8.160364650000000442e-01,5.385127199999999448e-01,0.000000000000000000e+00,0.000000000000000000e+00,4.000000000000000000e+00,4.000000000000000000e+00,0.000000000000000000e+00
1.287423459999999947e-04,7.846284049999999732e-01,2.455238499999999879e-01,8.476331030000000544e-01,5.391045549999999853e-01,0.000000000000000000e+00,0.000000000000000000e+00,4.000000000000000000e+00,4.000000000000000000e+00,0.000000000000000000e+00
1.287424629999999880e-04,7.953963170000000193e-01,2.556715179999999865e-01,8.798640030000000056e-01,5.397247990000000328e-01,0.000000000000000000e+00,0.000000000000000000e+00,4.000000000000000000e+00,4.000000000000000000e+00,0.000000000000000000e+00
1.287425740000000052e-04,8.045634019999999831e-01,2.642693070000000088e-01,9.086236229999999914e-01,5.402940950000000297e-01,0.000000000000000000e+00,0.000000000000000000e+00,4.000000000000000000e+00,4.000000000000000000e+00,0.000000000000000000e+00
1.287426909999999985e-04,8.131192729999999758e-01,2.722491980000000256e-01,9.368942409999999610e-01,5.408700749999999502e-01,0.000000000000000000e+00,0.000000000000000000e+00,4.000000000000000000e+00,4.000000000000000000e+00,0.000000000000000000e+00
1.287428059999999998e-04,8.205506609999999590e-01,2.791340279999999785e-01,9.629301879999999647e-01,5.414166329999999805e-01,0.000000000000000000e+00,0.000000000000000000e+00,4.000000000000000000e+00,4.000000000000000000e+00,0.000000000000000000e+00
1.287429280000000002e-04,8.273710899999999757e-01,2.854015360000000112e-01,9.884671630000000375e-01,5.419695540000000200e-01,0.000000000000000000e+00,0.000000000000000000e+00,4.000000000000000000e+00,4.000000000000000000e+00,0.000000000000000000e+00
1.287430500000000006e-04,8.332734779999999564e-01,2.907702690000000256e-01,1.012331850000000033e+00,5.425032090000000418e-01,0.000000000000000000e+00,0.000000000000000000e+00,4.000000000000000000e+00,4.000000000000000000e+00,0.000000000000000000e+00
1.287431780000000041e-04,8.385307810000000028e-01,2.954899850000000106e-01,1.035580530000000055e+00,5.430407950000000206e-01,0.000000000000000000e+00,0.000000000000000000e+00,4.000000000000000000e+00,4.000000000000000000e+00,0.000000000000000000e+00
1.287433070000000037e-04,8.429728349999999759e-01,2.994087730000000169e-01,1.057433419999999957e+00,5.435640619999999590e-01,0.000000000000000000e+00,0.000000000000000000e+00,4.000000000000000000e+00,4.000000000000000000e+00,0.000000000000000000e+00
1.287434430000000023e-04,8.467507640000000446e-01,3.026617639999999998e-01,1.078576069999999998e+00,5.440890010000000165e-01,0.000000000000000000e+00,0.000000000000000000e+00,4.000000000000000000e+00,4.000000000000000000e+00,0.000000000000000000e+00
1.287435799999999970e-04,8.497847029999999746e-01,3.051816299999999815e-01,1.098515420000000020e+00,5.446030729999999931e-01,0.000000000000000000e+00,0.000000000000000000e+00,4.000000000000000000e+00,4.000000000000000000e+00,0.000000000000000000e+00
1.287437239999999908e-04,8.521569169999999582e-01,3.070393129999999804e-01,1.117708450000000076e+00,5.451176039999999778e-01,0.000000000000000000e+00,0.000000000000000000e+00,4.000000000000000000e+00,4.000000000000000000e+00,0.000000000000000000e+00
1.287438700000000037e-04,8.538400360000000244e-01,3.082159569999999849e-01,1.135851219999999939e+00,5.456240780000000123e-01,0.000000000000000000e+00,0.000000000000000000e+00,4.000000000000000000e+00,4.000000000000000000e+00,0.000000000000000000e+00
1.287440229999999887e-04,8.548764009999999525e-01,3.087457960000000168e-01,1.153251880000000007e+00,5.461306049999999912e-01,0.000000000000000000e+00,0.000000000000000000e+00,4.000000000000000000e+00,4.000000000000000000e+00,0.000000000000000000e+00
1.287441800000000119e-04,8.552671990000000335e-01,3.086357579999999823e-01,1.169728080000000059e+00,5.466314410000000512e-01,0.000000000000000000e+00,0.000000000000000000e+00,4.000000000000000000e+00,4.000000000000000000e+00,0.000000000000000000e+00
1.287443430000000111e-04,8.550324390000000330e-01,3.078999629999999987e-01,1.185491209999999906e+00,5.471324760000000342e-01,0.000000000000000000e+00,0.000000000000000000e+00,4.000000000000000000e+00,4.000000000000000000e+00,0.000000000000000000e+00
1.287445120000000134e-04,8.541876510000000478e-01,3.065577480000000188e-01,1.200437369999999948e+00,5.476299030000000290e-01,0.000000000000000000e+00,0.000000000000000000e+00,4.000000000000000000e+00,4.000000000000000000e+00,0.000000000000000000e+00
1.287446879999999878e-04,8.527409150000000437e-01,3.046128209999999781e-01,1.214715750000000094e+00,5.481280950000000374e-01,0.000000000000000000e+00,0.000000000000000000e+00,4.000000000000000000e+00,4.000000000000000000e+00,0.000000000000000000e+00
1.287448699999999924e-04,8.507136819999999711e-01,3.020890609999999921e-01,1.228273249999999983e+00,5.486246200000000073e-01,0.000000000000000000e+00,0.000000000000000000e+00,4.000000000000000000e+00,4.000000000000000000e+00,0.000000000000000000e+00
1.287450599999999921e-04,8.481078560000000488e-01,2.989850179999999913e-01,1.241219510000000081e+00,5.491228379999999465e-01,0.000000000000000000e+00,0.000000000000000000e+00,4.000000000000000000e+00,4.000000000000000000e+00,0.000000000000000000e+00
1.287452590000000101e-04,8.449457649999999598e-01,2.953244449999999910e-01,1.253534520000000096e+00,5.496213189999999971e-01,0.000000000000000000e+00,0.000000000000000000e+00,4.000000000000000000e+00,4.000000000000000000e+00,0.000000000000000000e+00
1.287454659999999961e-04,8.412259250000000410e-01,2.911031539999999751e-01,1.265303129999999943e+00,5.501227699999999832e-01,0.000000000000000000e+00,0.000000000000000000e+00,4.000000000000000000e+00,4.000000000000000000e+00,0.000000000000000000e+00
1.287456829999999964e-04,8.369683669999999909e-01,2.863418369999999880e-01,1.276527270000000103e+00,5.506265299999999474e-01,0.000000000000000000e+00,0.000000000000000000e+00,4.000000000000000000e+00,4.000000000000000000e+00,0.000000000000000000e+00
1.287459120000000029e-04,8.321690000000000476e-01,2.810340680000000257e-01,1.287276869999999906e+00,5.511349330000000490e-01,0.000000000000000000e+00,0.000000000000000000e+00,4.000000000000000000e+00,4.000000000000000000e+00,0.000000000000000000e+00
1.287461519999999926e-04,8.268431510000000539e-01,2.751951910000000057e-01,1.297569020000000073e+00,5.516479600000000483e-01,0.000000000000000000e+00,0.000000000000000000e+00,4.000000000000000000e+00,4.000000000000000000e+00,0.000000000000000000e+00
1.287464060000000077e-04,8.209832649999999621e-01,2.688154440000000145e-01,1.307465679999999963e+00,5.521678209999999476e-01,0.000000000000000000e+00,0.000000000000000000e+00,4.000000000000000000e+00,4.000000000000000000e+00,0.000000000000000000e+00
1.287466749999999899e-04,8.145972820000000336e-01,2.619021519999999992e-01,1.316995689999999941e+00,5.526951300000000344e-01,0.000000000000000000e+00,0.000000000000000000e+00,4.000000000000000000e+00,4.000000000000000000e+00,0.000000000000000000e+00
1.287469620000000086e-04,8.076713389999999881e-01,2.544390890000000072e-01,1.326218710000000023e+00,5.532322499999999810e-01,0.000000000000000000e+00,0.000000000000000000e+00,4.000000000000000000e+00,4.000000000000000000e+00,0.000000000000000000e+00
1.287472690000000016e-04,8.002014689999999986e-01,2.464208870000000051e-01,1.335174990000000061e+00,5.537805820000000212e-01,0.000000000000000000e+00,0.000000000000000000e+00,4.000000000000000000e+00,4.000000000000000000e+00,0.000000000000000000e+00
1.287475979999999881e-04,7.921608310000000097e-01,2.378177409999999992e-01,1.343928479999999981e+00,5.543430889999999556e-01,0.000000000000000000e+00,0.000000000000000000e+00,4.000000000000000000e+00,4.000000000000000000e+00,0.000000000000000000e+00
1.287479489999999950e-04,7.836832390000000315e-01,2.287713349999999923e-01,1.352381309999999948e+00,5.549119040000000114e-01,0.000000000000000000e+00,0.000000000000000000e+00,4.000000000000000000e+00,4.000000000000000000e+00,0.000000000000000000e+00
1.287483239999999873e-04,7.747644830000000038e-01,2.192752269999999892e-01,1.360600040000000011e+00,5.554892569999999585e-01,0.000000000000000000e+00,0.000000000000000000e+00,4.000000000000000000e+00,4.000000000000000000e+00,0.000000000000000000e+00
1.287487229999999922e-04,7.655010799999999449e-01,2.094301560000000062e-01,1.368560449999999928e+00,5.560709230000000503e-01,0.000000000000000000e+00,0.000000000000000000e+00,4.000000000000000000e+00,4.000000000000000000e+00,0.000000000000000000e+00
1.287491489999999976e-04,7.559026949999999578e-01,1.992443170000000041e-01,1.376320839999999990e+00,5.566583779999999537e-01,0.000000000000000000e+00,0.000000000000000000e+00,4.000000000000000000e+00,4.000000000000000000e+00,0.000000000000000000e+00
1.287496020000000036e-04,7.460636670000000414e-01,1.888158010000000053e-01,1.383869589999999983e+00,5.572478659999999806e-01,0.000000000000000000e+00,0.000000000000000000e+00,4.000000000000000000e+00,4.000000000000000000e+00,0.000000000000000000e+00
1.287500849999999981e-04,7.360215780000000096e-01,1.781824720000000084e-01,1.391240870000000074e+00,5.578391059999999735e-01,0.000000000000000000e+00,0.000000000000000000e+00,4.000000000000000000e+00,4.000000000000000000e+00,0.000000000000000000e+00
1.287505990000000042e-04,7.258789660000000143e-01,1.674510580000000137e-01,1.398418520000000109e+00,5.584279079999999729e-01,0.000000000000000000e+00,0.000000000000000000e+00,4.000000000000000000e+00,4.000000000000000000e+00,0.000000000000000000e+00
1.287511449999999909e-04,7.156973220000000246e-01,1.566849110000000100e-01,1.405413720000000088e+00,5.590124109999999868e-01,0.000000000000000000e+00,0.000000000000000000e+00,4.000000000000000000e+00,4.000000000000000000e+00,0.000000000000000000e+00
1.287517230000000124e-04,7.055812460000000508e-01,1.459931180000000051e-01,1.412203199999999992e+00,5.595881289999999897e-01,0.000000000000000000e+00,0.000000000000000000e+00,4.000000000000000000e+00,4.000000000000000000e+00,0.000000000000000000e+00
1.287523329999999873e-04,6.956010019999999683e-01,1.354486259999999886e-01,1.418781850000000011e+00,5.601523760000000074e-01,0.000000000000000000e+00,0.000000000000000000e+00,4.000000000000000000e+00,4.000000000000000000e+00,0.000000000000000000e+00
1.287529740000000009e-04,6.858489629999999782e-01,1.251479430000000115e-01,1.425123579999999945e+00,5.607010190000000227e-01,0.000000000000000000e+00,0.000000000000000000e+00,4.000000000000000000e+00,4.000000000000000000e+00,0.000000000000000000e+00
1.287536479999999912e-04,6.763856740000000478e-01,1.151541539999999947e-01,1.431216830000000106e+00,5.612315199999999837e-01,0.000000000000000000e+00,0.000000000000000000e+00,4.000000000000000000e+00,4.000000000000000000e+00,0.000000000000000000e+00
1.287543529999999930e-04,6.672781389999999924e-01,1.055373500000000020e-01,1.437039739999999899e+00,5.617407880000000464e-01,0.000000000000000000e+00,0.000000000000000000e+00,4.000000000000000000e+00,4.000000000000000000e+00,0.000000000000000000e+00
1.287550900000000026e-04,6.585654039999999654e-01,9.633827300000000204e-02,1.442583039999999928e+00,5.622271309999999911e-01,0.000000000000000000e+00,0.000000000000000000e+00,4.000000000000000000e+00,4.000000000000000000e+00,0.000000000000000000e+00
1.287558579999999967e-04,6.502855560000000423e-01,8.759678869999999729e-02,1.447833579999999953e+00,5.626887670000000341e-01,0.000000000000000000e+00,0.000000000000000000e+00,4.000000000000000000e+00,4.000000000000000000e+00,0.000000000000000000e+00
1.287566570000000024e-04,6.424555509999999581e-01,7.933056230000000431e-02,1.452788149999999945e+00,5.631249879999999930e-01,0.000000000000000000e+00,0.000000000000000000e+00,4.000000000000000000e+00,4.000000000000000000e+00,0.000000000000000000e+00
1.287574900000000079e-04,6.350901140000000389e-01,7.155498559999999564e-02,1.457442399999999916e+00,5.635351290000000235e-01,0.000000000000000000e+00,0.000000000000000000e+00,4.000000000000000000e+00,4.000000000000000000e+00,0.000000000000000000e+00
1.287583489999999907e-04,6.282406299999999666e-01,6.432420410000000421e-02,1.461766990000000099e+00,5.639164260000000262e-01,0.000000000000000000e+00,0.000000000000000000e+00,4.000000000000000000e+00,4.000000000000000000e+00,0.000000000000000000e+00
1.287592330000000092e-04,6.219150979999999995e-01,5.764660349999999739e-02,1.465758810000000079e+00,5.642684940000000093e-01,0.000000000000000000e+00,0.000000000000000000e+00,4.000000000000000000e+00,4.000000000000000000e+00,0.000000000000000000e+00
1.287601480000000122e-04,6.160652690000000264e-01,5.147121500000000072e-02,1.469449419999999895e+00,5.645940539999999563e-01,0.000000000000000000e+00,0.000000000000000000e+00,4.000000000000000000e+00,4.000000000000000000e+00,0.000000000000000000e+00
1.287610930000000038e-04,6.106793099999999752e-01,4.578552729999999654e-02,1.472846880000000080e+00,5.648937830000000382e-01,0.000000000000000000e+00,0.000000000000000000e+00,4.000000000000000000e+00,4.000000000000000000e+00,0.000000000000000000e+00
1.287620750000000101e-04,6.057175999999999672e-01,4.054770540000000173e-02,1.475976500000000025e+00,5.651698950000000332e-01,0.000000000000000000e+00,0.000000000000000000e+00,4.000000000000000000e+00,4.000000000000000000e+00,0.000000000000000000e+00
1.287630940000000042e-04,6.011688490000000051e-01,3.574582610000000271e-02,1.478845549999999953e+00,5.654230230000000246e-01,0.000000000000000000e+00,0.000000000000000000e+00,4.000000000000000000e+00,4.000000000000000000e+00,0.000000000000000000e+00
1.287641549999999930e-04,5.970045969999999702e-01,3.134984200000000276e-02,1.481472059999999979e+00,5.656547549999999536e-01,0.000000000000000000e+00,0.000000000000000000e+00,4.000000000000000000e+00,4.000000000000000000e+00,0.000000000000000000e+00
1.287652609999999918e-04,5.932124760000000441e-01,2.734669849999999888e-02,1.483863839999999934e+00,5.658657769999999587e-01,0.000000000000000000e+00,0.000000000000000000e+00,4.000000000000000000e+00,4.000000000000000000e+00,0.000000000000000000e+00
1.287664180000000036e-04,5.897690859999999979e-01,2.371169180000000029e-02,1.486035680000000081e+00,5.660573939999999915e-01,0.000000000000000000e+00,0.000000000000000000e+00,4.000000000000000000e+00,4.000000000000000000e+00,0.000000000000000000e+00
1.287676269999999974e-04,5.866600699999999780e-01,2.042966599999999910e-02,1.487996630000000042e+00,5.662304040000000205e-01,0.000000000000000000e+00,0.000000000000000000e+00,4.000000000000000000e+00,4.000000000000000000e+00,0.000000000000000000e+00
1.287688959999999953e-04,5.838644499999999793e-01,1.747847539999999866e-02,1.489759910000000076e+00,5.663859740000000143e-01,0.000000000000000000e+00,0.000000000000000000e+00,4.000000000000000000e+00,4.000000000000000000e+00,0.000000000000000000e+00
1.287702290000000086e-04,5.813664509999999508e-01,1.484146840000000016e-02,1.491335480000000047e+00,5.665249829999999820e-01,0.000000000000000000e+00,0.000000000000000000e+00,4.000000000000000000e+00,4.000000000000000000e+00,0.000000000000000000e+00
1.287716340000000053e-04,5.791465399999999875e-01,1.249802350000000020e-02,1.492735659999999909e+00,5.666485169999999627e-01,0.000000000000000000e+00,0.000000000000000000e+00,4.000000000000000000e+00,4.000000000000000000e+00,0.000000000000000000e+00
1.287731169999999884e-04,5.771881880000000464e-01,1.043069270000000076e-02,1.493970859999999901e+00,5.667574949999999445e-01,0.000000000000000000e+00,0.000000000000000000e+00,4.000000000000000000e+00,4.000000000000000000e+00,0.000000000000000000e+00
1.287746889999999954e-04,5.754728310000000180e-01,8.619879230000000378e-03,1.495052800000000071e+00,5.668529509999999938e-01,0.000000000000000000e+00,0.000000000000000000e+00,4.000000000000000000e+00,4.000000000000000000e+00,0.000000000000000000e+00
1.287763589999999902e-04,5.739836440000000151e-01,7.047821959999999754e-03,1.495992079999999946e+00,5.669358220000000337e-01,0.000000000000000000e+00,0.000000000000000000e+00,4.000000000000000000e+00,4.000000000000000000e+00,0.000000000000000000e+00
1.287781409999999983e-04,5.727027839999999648e-01,5.695685259999999639e-03,1.496799970000000091e+00,5.670070990000000144e-01,0.000000000000000000e+00,0.000000000000000000e+00,4.000000000000000000e+00,4.000000000000000000e+00,0.000000000000000000e+00
1.287800489999999908e-04,5.716134430000000544e-01,4.545724150000000387e-03,1.497487060000000092e+00,5.670677189999999701e-01,0.000000000000000000e+00,0.000000000000000000e+00,4.000000000000000000e+00,4.000000000000000000e+00,0.000000000000000000e+00
1.287821010000000043e-04,5.706983960000000522e-01,3.579755930000000190e-03,1.498064209999999896e+00,5.671186400000000072e-01,0.000000000000000000e+00,0.000000000000000000e+00,4.000000000000000000e+00,4.000000000000000000e+00,0.000000000000000000e+00
1.287843200000000010e-04,5.699410870000000129e-01,2.780303830000000181e-03,1.498541880000000104e+00,5.671607829999999462e-01,0.000000000000000000e+00,0.000000000000000000e+00,4.000000000000000000e+00,4.000000000000000000e+00,0.000000000000000000e+00
1.287867340000000045e-04,5.693249200000000121e-01,2.129848509999999855e-03,1.498930520000000044e+00,5.671950719999999668e-01,0.000000000000000000e+00,0.000000000000000000e+00,4.000000000000000000e+00,4.000000000000000000e+00,0.000000000000000000e+00
1.287883670000000117e-04,5.690062340000000551e-01,1.793427680000000100e-03,1.499131530000000101e+00,5.672128060000000138e-01,0.000000000000000000e+00,0.000000000000000000e+00,4.000000000000000000e+00,4.000000000000000000e+00,0.000000000000000000e+00
1.287899999999999917e-04,5.687487439999999728e-01,1.521609329999999921e-03,1.499293940000000047e+00,5.672271349999999934e-01,0.000000000000000000e+00,0.000000000000000000e+00,4.000000000000000000e+00,4.000000000000000000e+00,0.000000000000000000e+00
1.287902000000000057e-04,5.687216280000000346e-01,1.492983789999999906e-03,1.499311040000000039e+00,5.672286439999999486e-01,0.000000000000000000e+00,0.000000000000000000e+00,4.000000000000000000e+00,3.600000000000000089e+00,0.000000000000000000e+00
1.287905250000000081e-04,5.686786350000000434e-01,1.447598150000000078e-03,1.499338159999999975e+00,5.672310360000000218e-01,0.000000000000000000e+00,0.000000000000000000e+00,4.000000000000000000e+00,2.950000000000000178e+00,0.000000000000000000e+00
1.287906200000000080e-04,5.686663029999999841e-01,1.434580819999999946e-03,1.499345939999999988e+00,5.672317230000000210e-01,0.000000000000000000e+00,0.000000000000000000e+00,4.000000000000000000e+00,2.759374999999999911e+00,0.000000000000000000e+00
1.287907869999999912e-04,5.686450600000000355e-01,1.412155270000000013e-03,1.499359330000000101e+00,5.672329050000000095e-01,0.000000000000000000e+00,0.000000000000000000e+00,4.000000000000000000e+00,2.425781250000000000e+00,0.000000000000000000e+00
1.287908329999999971e-04,5.686392559999999818e-01,1.406028410000000018e-03,1.499362990000000062e+00,5.672332279999999782e-01,0.000000000000000000e+00,0.000000000000000000e+00,4.000000000000000000e+00,2.333447270000000184e+00,0.000000000000000000e+00
1.287909139999999987e-04,5.686291789999999846e-01,1.395390189999999933e-03,1.499369350000000045e+00,5.672337889999999883e-01,0.000000000000000000e+00,0.000000000000000000e+00,4.000000000000000000e+00,2.171862790000000043e+00,0.000000000000000000e+00
1.287910039999999915e-04,5.686091210000000506e-01,1.374996480000000108e-03,1.499357030000000091e+00,5.672341250000000334e-01,0.000000000000000000e+00,0.000000000000000000e+00,4.000000000000000000e+00,1.992965700000000062e+00,0.000000000000000000e+00
1.287911820000000121e-04,5.685646810000000162e-01,1.330074060000000077e-03,1.499321370000000098e+00,5.672346069999999463e-01,0.000000000000000000e+00,0.000000000000000000e+00,4.000000000000000000e+00,1.635171509999999939e+00,0.000000000000000000e+00
1.287914360000000000e-04,5.685019230000000201e-01,1.266765869999999985e-03,1.499266790000000071e+00,5.672351570000000454e-01,0.000000000000000000e+00,0.000000000000000000e+00,4.000000000000000000e+00,1.128876580000000018e+00,0.000000000000000000e+00
1.287917180000000116e-04,5.684353239999999641e-01,1.199635649999999899e-03,1.499207200000000073e+00,5.672356880000000157e-01,0.000000000000000000e+00,0.000000000000000000e+00,4.000000000000000000e+00,5.644382879999999547e-01,0.000000000000000000e+00
1.287919999999999961e-04,5.683730599999999855e-01,1.136893140000000023e-03,1.499150910000000003e+00,5.672361670000000133e-01,0.000000000000000000e+00,0.000000000000000000e+00,4.000000000000000000e+00,0.000000000000000000e+00,0.000000000000000000e+00
1.287920559999999892e-04,5.683612200000000003e-01,1.124964549999999969e-03,1.499140149999999894e+00,5.672362560000000498e-01,0.000000000000000000e+00,0.000000000000000000e+00,4.000000000000000000e+00,0.000000000000000000e+00,0.000000000000000000e+00
1.287921689999999984e-04,5.683379650000000005e-01,1.101534309999999996e-03,1.499119010000000030e+00,5.672364309999999854e-01,0.000000000000000000e+00,0.000000000000000000e+00,4.000000000000000000e+00,0.000000000000000000e+00,0.000000000000000000e+00
1.287923949999999899e-04,5.682934170000000229e-01,1.056651139999999905e-03,1.499078509999999920e+00,5.672367659999999479e-01,0.000000000000000000e+00,0.000000000000000000e+00,4.000000000000000000e+00,0.000000000000000000e+00,0.000000000000000000e+00
1.287928469999999998e-04,5.682118379999999691e-01,9.744576009999999545e-04,1.499004339999999935e+00,5.672373800000000132e-01,0.000000000000000000e+00,0.000000000000000000e+00,4.000000000000000000e+00,0.000000000000000000e+00,0.000000000000000000e+00
1.287937499999999966e-04,5.680746859999999954e-01,8.362729549999999706e-04,1.498879660000000058e+00,5.672384129999999969e-01,0.000000000000000000e+00,0.000000000000000000e+00,4.000000000000000000e+00,0.000000000000000000e+00,0.000000000000000000e+00
1.287955559999999901e-04,5.678784119999999991e-01,6.385210670000000246e-04,1.498701229999999995e+00,5.672398910000000516e-01,0.000000000000000000e+00,0.000000000000000000e+00,4.000000000000000000e+00,0.000000000000000000e+00,0.000000000000000000e+00
1.287978250000000038e-04,5.677314359999999782e-01,4.904386229999999460e-04,1.498567610000000050e+00,5.672409969999999690e-01,0.000000000000000000e+00,0.000000000000000000e+00,4.000000000000000000e+00,0.000000000000000000e+00,0.000000000000000000e+00
1.288003999999999874e-04,5.676449080000000036e-01,4.032596310000000225e-04,1.498488940000000103e+00,5.672416489999999589e-01,0.000000000000000000e+00,0.000000000000000000e+00,4.000000000000000000e+00,0.000000000000000000e+00,0.000000000000000000e+00
1.288027000000000128e-04,5.676087079999999618e-01,3.667861530000000067e-04,1.498456030000000050e+00,5.672419210000000378e-01,0.000000000000000000e+00,0.000000000000000000e+00,4.000000000000000000e+00,0.000000000000000000e+00,0.000000000000000000e+00
1.288050000000000111e-04,5.675922319999999743e-01,3.501868189999999778e-04,1.498441050000000052e+00,5.672420449999999725e-01,0.000000000000000000e+00,0.000000000000000000e+00,4.000000000000000000e+00,0.000000000000000000e+00,0.000000000000000000e+00
1.288051999999999980e-04,5.675916869999999559e-01,3.496370950000000271e-04,1.498440549999999982e+00,5.672420500000000532e-01,0.000000000000000000e+00,0.000000000000000000e+00,3.600000000000000089e+00,0.000000000000000000e+00,0.000000000000000000e+00
1.288055250000000004e-04,5.675908459999999822e-01,3.487895629999999839e-04,1.498439789999999938e+00,5.672420559999999945e-01,0.000000000000000000e+00,0.000000000000000000e+00,2.950000000000000178e+00,0.000000000000000000e+00,0.000000000000000000e+00
1.288056200000000002e-04,5.675906099999999954e-01,3.485527320000000222e-04,1.498439569999999943e+00,5.672420580000000490e-01,0.000000000000000000e+00,0.000000000000000000e+00,2.759374999999999911e+00,0.000000000000000000e+00,0.000000000000000000e+00
1.288057870000000106e-04,5.675902130000000101e-01,3.481521070000000162e-04,1.498439209999999910e+00,5.672420609999999641e-01,0.000000000000000000e+00,0.000000000000000000e+00,2.425781250000000000e+00,0.000000000000000000e+00,0.000000000000000000e+00
1.288058329999999894e-04,5.675901060000000387e-01,3.480443220000000045e-04,1.498439120000000013e+00,5.672420620000000469e-01,0.000000000000000000e+00,0.000000000000000000e+00,2.333447270000000184e+00,0.000000000000000000e+00,0.000000000000000000e+00
1.288059139999999910e-04,5.675899220000000245e-01,3.478588799999999962e-04,1.498438949999999936e+00,5.672420630000000186e-01,0.000000000000000000e+00,0.000000000000000000e+00,2.171862790000000043e+00,0.000000000000000000e+00,0.000000000000000000e+00
1.288060040000000108e-04,5.675951660000000398e-01,3.531422880000000160e-04,1.498443720000000035e+00,5.672420230000000396e-01,0.000000000000000000e+00,0.000000000000000000e+00,1.992965700000000062e+00,0.000000000000000000e+00,0.000000000000000000e+00
1.288061820000000043e-04,5.676090879999999839e-01,3.671697559999999956e-04,1.498456369999999982e+00,5.672419189999999833e-01,0.000000000000000000e+00,0.000000000000000000e+00,1.635171509999999939e+00,0.000000000000000000e+00,0.000000000000000000e+00
1.288065089999999987e-04,5.676370370000000110e-01,3.953282829999999739e-04,1.498481780000000096e+00,5.672417079999999556e-01,0.000000000000000000e+00,0.000000000000000000e+00,9.821843829999999942e-01,0.000000000000000000e+00,0.000000000000000000e+00
1.288069999999999883e-04,5.676806149999999995e-01,4.392352030000000072e-04,1.498521400000000003e+00,5.672413800000000172e-01,0.000000000000000000e+00,0.000000000000000000e+00,0.000000000000000000e+00,0.000000000000000000e+00,0.000000000000000000e+00
1.288070649999999997e-04,5.676865330000000487e-01,4.451973330000000111e-04,1.498526779999999947e+00,5.672413360000000404e-01,0.000000000000000000e+00,0.000000000000000000e+00,0.000000000000000000e+00,0.000000000000000000e+00,0.000000000000000000e+00
1.288071959999999912e-04,5.676983679999999532e-01,4.571215759999999783e-04,1.498537529999999895e+00,5.672412470000000040e-01,0.000000000000000000e+00,0.000000000000000000e+00,0.000000000000000000e+00,0.000000000000000000e+00,0.000000000000000000e+00
1.288074570000000054e-04,5.677220379999999844e-01,4.809699690000000132e-04,1.498559049999999893e+00,5.672410679999999594e-01,0.000000000000000000e+00,0.000000000000000000e+00,0.000000000000000000e+00,0.000000000000000000e+00,0.000000000000000000e+00
1.288079790000000067e-04,5.677693780000000467e-01,5.286663780000000175e-04,1.498602090000000109e+00,5.672407120000000358e-01,0.000000000000000000e+00,0.000000000000000000e+00,0.000000000000000000e+00,0.000000000000000000e+00,0.000000000000000000e+00
1.288090240000000053e-04,5.678640569999999776e-01,6.240576780000000202e-04,1.498688159999999936e+00,5.672399989999999947e-01,0.000000000000000000e+00,0.000000000000000000e+00,0.000000000000000000e+00,0.000000000000000000e+00,0.000000000000000000e+00
1.288100000000000085e-04,5.679524769999999556e-01,7.131436459999999792e-04,1.498768539999999927e+00,5.672393340000000395e-01,0.000000000000000000e+00,0.000000000000000000e+00,0.000000000000000000e+00,0.000000000000000000e+00,0.000000000000000000e+00
1.288101999999999954e-04,5.679706009999999639e-01,7.314035780000000117e-04,1.498785009999999973e+00,5.672391970000000283e-01,0.000000000000000000e+00,0.000000000000000000e+00,0.000000000000000000e+00,0.000000000000000000e+00,4.000000000000000222e-01
1.288105249999999978e-04,5.680000509999999503e-01,7.610758460000000350e-04,1.498811789999999977e+00,5.672389749999999786e-01,0.000000000000000000e+00,0.000000000000000000e+00,0.000000000000000000e+00,0.000000000000000000e+00,1.050000000000000044e+00
1.288106199999999976e-04,5.680086880000000393e-01,7.697777779999999534e-04,1.498819640000000009e+00,5.672389100000000406e-01,0.000000000000000000e+00,0.000000000000000000e+00,0.000000000000000000e+00,0.000000000000000000e+00,1.240625000000000089e+00
1.288107870000000080e-04,5.680238029999999938e-01,7.850061190000000516e-04,1.498833379999999993e+00,5.672387970000000168e-01,0.000000000000000000e+00,0.000000000000000000e+00,0.000000000000000000e+00,0.000000000000000000e+00,1.574218750000000000e+00
1.288108329999999868e-04,5.680279860000000403e-01,7.892210970000000441e-04,1.498837179999999991e+00,5.672387650000000336e-01,0.000000000000000000e+00,0.000000000000000000e+00,0.000000000000000000e+00,0.000000000000000000e+00,1.666552730000000038e+00
1.288109139999999884e-04,5.680353070000000448e-01,7.965973000000000108e-04,1.498843839999999927e+00,5.672387100000000348e-01,0.000000000000000000e+00,0.000000000000000000e+00,0.000000000000000000e+00,0.000000000000000000e+00,1.828137209999999957e+00
1.288109170000000035e-04,5.680355630000000211e-01,7.968546179999999677e-04,1.498844070000000084e+00,5.672387079999999804e-01,0.000000000000000000e+00,0.000000000000000000e+00,0.000000000000000000e+00,0.000000000000000000e+00,1.833774070000000034e+00
1.288109230000000066e-04,5.680360740000000019e-01,7.973692539999999900e-04,1.498844529999999953e+00,5.672387039999999825e-01,0.000000000000000000e+00,0.000000000000000000e+00,0.000000000000000000e+00,0.000000000000000000e+00,1.845047799999999905e+00
1.288109339999999898e-04,5.680370949999999919e-01,7.983985260000000346e-04,1.498845460000000074e+00,5.672386969999999584e-01,0.000000000000000000e+00,0.000000000000000000e+00,0.000000000000000000e+00,0.000000000000000000e+00,1.867595249999999929e+00
1.288109560000000103e-04,5.680391380000000545e-01,8.004570700000000153e-04,1.498847320000000094e+00,5.672386809999999668e-01,0.000000000000000000e+00,0.000000000000000000e+00,0.000000000000000000e+00,0.000000000000000000e+00,1.912690159999999917e+00
1.288109580000000023e-04,5.680392789999999525e-01,8.005983959999999570e-04,1.498847449999999970e+00,5.672386799999999951e-01,0.000000000000000000e+00,0.000000000000000000e+00,0.000000000000000000e+00,0.000000000000000000e+00,1.915786079999999947e+00
1.288109609999999903e-04,5.680395590000000272e-01,8.008810479999999487e-04,1.498847700000000005e+00,5.672386780000000517e-01,0.000000000000000000e+00,0.000000000000000000e+00,0.000000000000000000e+00,0.000000000000000000e+00,1.921977929999999946e+00
1.288109669999999935e-04,5.680401200000000372e-01,8.014463540000000327e-04,1.498848210000000014e+00,5.672386740000000538e-01,0.000000000000000000e+00,0.000000000000000000e+00,0.000000000000000000e+00,0.000000000000000000e+00,1.934361640000000104e+00
1.288109799999999957e-04,5.680412419999999463e-01,8.025769639999999917e-04,1.498849230000000032e+00,5.672386649999999753e-01,0.000000000000000000e+00,0.000000000000000000e+00,0.000000000000000000e+00,0.000000000000000000e+00,1.959129040000000099e+00
1.288109809999999917e-04,5.680413450000000308e-01,8.026808679999999528e-04,1.498849330000000091e+00,5.672386649999999753e-01,0.000000000000000000e+00,0.000000000000000000e+00,0.000000000000000000e+00,0.000000000000000000e+00,1.961405199999999960e+00
1.288109830000000108e-04,5.680415519999999496e-01,8.028886779999999754e-04,1.498849510000000107e+00,5.672386630000000318e-01,0.000000000000000000e+00,0.000000000000000000e+00,0.000000000000000000e+00,0.000000000000000000e+00,1.965957519999999903e+00
1.288109879999999909e-04,5.680419639999999548e-01,8.033042960000000288e-04,1.498849890000000018e+00,5.672386600000000056e-01,0.000000000000000000e+00,0.000000000000000000e+00,0.000000000000000000e+00,0.000000000000000000e+00,1.975062150000000072e+00
1.288109970000000091e-04,5.680427890000000479e-01,8.041355320000000270e-04,1.498850639999999901e+00,5.672386539999999533e-01,0.000000000000000000e+00,0.000000000000000000e+00,0.000000000000000000e+00,0.000000000000000000e+00,1.993271419999999905e+00
1.288109980000000051e-04,5.680428770000000016e-01,8.042243930000000322e-04,1.498850720000000081e+00,5.672386529999999816e-01,0.000000000000000000e+00,0.000000000000000000e+00,0.000000000000000000e+00,0.000000000000000000e+00,1.995218029999999976e+00
1.288109999999999971e-04,5.680430539999999917e-01,8.044021150000000425e-04,1.498850879999999997e+00,5.672386520000000099e-01,0.000000000000000000e+00,0.000000000000000000e+00,0.000000000000000000e+00,0.000000000000000000e+00,1.999111239999999956e+00
1.288109999999999971e-04,5.685457440000000195e-01,1.310876240000000007e-03,1.499307869999999987e+00,5.672348670000000315e-01,0.000000000000000000e+00,0.000000000000000000e+00,0.000000000000000000e+00,0.000000000000000000e+00,2.000006200000000067e+00
1.288110009999999931e-04,5.691767669999999724e-01,1.946650710000000055e-03,1.499881529999999907e+00,5.672301170000000337e-01,0.000000000000000000e+00,0.000000000000000000e+00,0.000000000000000000e+00,0.000000000000000000e+00,2.001007640000000087e+00
1.288110009999999931e-04,5.698663160000000394e-01,2.641390459999999867e-03,1.500508390000000025e+00,5.672249249999999909e-01,0.000000000000000000e+00,0.000000000000000000e+00,0.000000000000000000e+00,0.000000000000000000e+00,2.002062500000000078e+00
1.288110019999999891e-04,5.707474970000000480e-01,3.529205120000000057e-03,1.501309460000000096e+00,5.672182919999999573e-01,0.000000000000000000e+00,0.000000000000000000e+00,0.000000000000000000e+00,0.000000000000000000e+00,2.003395460000000128e+00
1.288110030000000122e-04,5.721920139999999710e-01,4.984597040000000173e-03,1.502622660000000110e+00,5.672074169999999915e-01,0.000000000000000000e+00,0.000000000000000000e+00,0.000000000000000000e+00,0.000000000000000000e+00,2.005574170000000045e+00
1.288110050000000042e-04,5.745735220000000032e-01,7.384034620000000382e-03,1.504787670000000022e+00,5.671894880000000194e-01,0.000000000000000000e+00,0.000000000000000000e+00,0.000000000000000000e+00,0.000000000000000000e+00,2.009167440000000138e+00
1.288110079999999923e-04,5.793221139999999991e-01,1.216837529999999917e-02,1.509104570000000090e+00,5.671537380000000184e-01,0.000000000000000000e+00,0.000000000000000000e+00,0.000000000000000000e+00,0.000000000000000000e+00,2.016353979999999879e+00
1.288110149999999914e-04,5.885061280000000172e-01,2.142153030000000166e-02,1.517453670000000088e+00,5.670845970000000236e-01,0.000000000000000000e+00,0.000000000000000000e+00,0.000000000000000000e+00,0.000000000000000000e+00,2.030348940000000102e+00
1.288110289999999897e-04,6.066193650000000215e-01,3.967113139999999677e-02,1.533920249999999985e+00,5.669482329999999681e-01,0.000000000000000000e+00,0.000000000000000000e+00,0.000000000000000000e+00,0.000000000000000000e+00,2.058338870000000043e+00
1.288110570000000133e-04,6.418462630000000280e-01,7.516323169999999942e-02,1.565944709999999906e+00,5.666830309999999482e-01,0.000000000000000000e+00,0.000000000000000000e+00,0.000000000000000000e+00,0.000000000000000000e+00,2.114318739999999863e+00
1.288110889999999939e-04,6.804948969999999875e-01,1.141028290000000028e-01,1.601079829999999982e+00,5.663920679999999708e-01,0.000000000000000000e+00,0.000000000000000000e+00,0.000000000000000000e+00,0.000000000000000000e+00,2.178247289999999836e+00
1.288111260000000086e-04,7.235296559999999655e-01,1.574615709999999946e-01,1.640202340000000092e+00,5.660680850000000541e-01,0.000000000000000000e+00,0.000000000000000000e+00,0.000000000000000000e+00,0.000000000000000000e+00,2.252807680000000090e+00
1.288111610000000043e-04,7.617544520000000263e-01,1.959741389999999917e-01,1.674952149999999973e+00,5.657803129999999792e-01,0.000000000000000000e+00,0.000000000000000000e+00,0.000000000000000000e+00,0.000000000000000000e+00,2.322320500000000010e+00
1.288111989999999880e-04,8.010171130000000028e-01,2.355323850000000108e-01,1.710645479999999941e+00,5.654847280000000476e-01,0.000000000000000000e+00,0.000000000000000000e+00,0.000000000000000000e+00,0.000000000000000000e+00,2.397271739999999873e+00
1.288112340000000108e-04,8.364761600000000241e-01,2.712583820000000201e-01,1.742880980000000024e+00,5.652177769999999768e-01,0.000000000000000000e+00,0.000000000000000000e+00,0.000000000000000000e+00,0.000000000000000000e+00,2.468372940000000071e+00
1.288112719999999945e-04,8.723952520000000099e-01,3.074478880000000025e-01,1.775534699999999910e+00,5.649473640000000074e-01,0.000000000000000000e+00,0.000000000000000000e+00,0.000000000000000000e+00,0.000000000000000000e+00,2.544039750000000044e+00
1.288113090000000092e-04,9.056104750000000259e-01,3.409131690000000159e-01,1.805730349999999929e+00,5.646973060000000100e-01,0.000000000000000000e+00,0.000000000000000000e+00,0.000000000000000000e+00,0.000000000000000000e+00,2.617614779999999808e+00
1.288113479999999889e-04,9.388750630000000097e-01,3.744281859999999962e-01,1.835970890000000022e+00,5.644468769999999580e-01,0.000000000000000000e+00,0.000000000000000000e+00,0.000000000000000000e+00,0.000000000000000000e+00,2.695139290000000187e+00
1.288113859999999997e-04,9.700367420000000074e-01,4.058244639999999959e-01,1.864299689999999954e+00,5.642122790000000387e-01,0.000000000000000000e+00,0.000000000000000000e+00,0.000000000000000000e+00,0.000000000000000000e+00,2.771625509999999792e+00
1.288114260000000025e-04,1.000898260000000040e+00,4.369183209999999984e-01,1.892355610000000077e+00,5.639799410000000401e-01,0.000000000000000000e+00,0.000000000000000000e+00,0.000000000000000000e+00,0.000000000000000000e+00,2.851463180000000097e+00
1.288114650000000093e-04,1.030026939999999946e+00,4.662662960000000245e-01,1.918836229999999921e+00,5.637606480000000309e-01,0.000000000000000000e+00,0.000000000000000000e+00,0.000000000000000000e+00,0.000000000000000000e+00,2.930968050000000158e+00
1.288115070000000041e-04,1.058621119999999971e+00,4.950757370000000157e-01,1.944830939999999897e+00,5.635453790000000129e-01,0.000000000000000000e+00,0.000000000000000000e+00,0.000000000000000000e+00,0.000000000000000000e+00,3.013381449999999795e+00
1.288115480000000029e-04,1.085740820000000051e+00,5.223996060000000163e-01,1.969485209999999986e+00,5.633412110000000084e-01,0.000000000000000000e+00,0.000000000000000000e+00,0.000000000000000000e+00,0.000000000000000000e+00,3.096007859999999834e+00
1.288115919999999897e-04,1.112754559999999948e+00,5.496167159999999496e-01,1.994043149999999986e+00,5.631378409999999723e-01,0.000000000000000000e+00,0.000000000000000000e+00,0.000000000000000000e+00,0.000000000000000000e+00,3.183144560000000123e+00
1.288116360000000037e-04,1.138702359999999913e+00,5.757598600000000122e-01,2.017632059999999949e+00,5.629424950000000427e-01,0.000000000000000000e+00,0.000000000000000000e+00,0.000000000000000000e+00,0.000000000000000000e+00,3.271943559999999973e+00
1.288116830000000056e-04,1.164343270000000041e+00,6.015938130000000328e-01,2.040941989999999873e+00,5.627494600000000347e-01,0.000000000000000000e+00,0.000000000000000000e+00,0.000000000000000000e+00,0.000000000000000000e+00,3.365229890000000168e+00
1.288117300000000075e-04,1.188973580000000085e+00,6.264095459999999838e-01,2.063333169999999939e+00,5.625640330000000189e-01,0.000000000000000000e+00,0.000000000000000000e+00,0.000000000000000000e+00,0.000000000000000000e+00,3.460710810000000137e+00
1.288117799999999975e-04,1.213070180000000109e+00,6.506875509999999752e-01,2.085239169999999920e+00,5.623826240000000531e-01,0.000000000000000000e+00,0.000000000000000000e+00,0.000000000000000000e+00,0.000000000000000000e+00,3.560458109999999898e+00
1.288118310000000105e-04,1.236172379999999960e+00,6.739636770000000388e-01,2.106241170000000107e+00,5.622087009999999774e-01,0.000000000000000000e+00,0.000000000000000000e+00,0.000000000000000000e+00,0.000000000000000000e+00,3.662813410000000047e+00
1.288118850000000116e-04,1.258591070000000034e+00,6.965511479999999533e-01,2.126621800000000118e+00,5.620399240000000241e-01,0.000000000000000000e+00,0.000000000000000000e+00,0.000000000000000000e+00,0.000000000000000000e+00,3.769366900000000076e+00
1.288119390000000127e-04,1.280030709999999905e+00,7.181521889999999964e-01,2.146112379999999931e+00,5.618785170000000218e-01,0.000000000000000000e+00,0.000000000000000000e+00,0.000000000000000000e+00,0.000000000000000000e+00,3.878948610000000130e+00
1.288119699999999972e-04,1.291203289999999893e+00,7.294088840000000351e-01,2.156269270000000127e+00,5.617944059999999684e-01,0.000000000000000000e+00,0.000000000000000000e+00,0.000000000000000000e+00,0.000000000000000000e+00,3.939474310000000035e+00
1.288120000000000129e-04,1.301926130000000015e+00,7.402124540000000197e-01,2.166017309999999974e+00,5.617136799999999930e-01,0.000000000000000000e+00,0.000000000000000000e+00,0.000000000000000000e+00,0.000000000000000000e+00,4.000000000000000000e+00
1.288120059999999889e-04,1.304008770000000039e+00,7.423107730000000348e-01,2.167910619999999788e+00,5.616980010000000023e-01,0.000000000000000000e+00,0.000000000000000000e+00,0.000000000000000000e+00,0.000000000000000000e+00,4.000000000000000000e+00
1.288120179999999951e-04,1.308133760000000034e+00,7.464668089999999534e-01,2.171660609999999991e+00,5.616669460000000003e-01,0.000000000000000000e+00,0.000000000000000000e+00,0.000000000000000000e+00,0.000000000000000000e+00,4.000000000000000000e+00
1.288120420000000077e-04,1.316193989999999925e+00,7.545877269999999859e-01,2.178988089999999822e+00,5.616062649999999934e-01,0.000000000000000000e+00,0.000000000000000000e+00,0.000000000000000000e+00,0.000000000000000000e+00,4.000000000000000000e+00
1.288120779999999993e-04,1.327608899999999981e+00,7.660885699999999687e-01,2.189365280000000080e+00,5.615203290000000402e-01,0.000000000000000000e+00,0.000000000000000000e+00,0.000000000000000000e+00,0.000000000000000000e+00,4.000000000000000000e+00
1.288121399999999955e-04,1.346172609999999992e+00,7.847920379999999696e-01,2.206241390000000191e+00,5.613805739999999656e-01,0.000000000000000000e+00,0.000000000000000000e+00,0.000000000000000000e+00,0.000000000000000000e+00,4.000000000000000000e+00
1.288122079999999949e-04,1.364803339999999920e+00,8.035630240000000146e-01,2.223178410000000049e+00,5.612403139999999624e-01,0.000000000000000000e+00,0.000000000000000000e+00,0.000000000000000000e+00,0.000000000000000000e+00,4.000000000000000000e+00
1.288122749999999982e-04,1.381734330000000011e+00,8.206214830000000404e-01,2.238570220000000166e+00,5.611128509999999681e-01,0.000000000000000000e+00,0.000000000000000000e+00,0.000000000000000000e+00,0.000000000000000000e+00,4.000000000000000000e+00
1.288123460000000127e-04,1.398053619999999997e+00,8.370636320000000019e-01,2.253405939999999941e+00,5.609899929999999646e-01,0.000000000000000000e+00,0.000000000000000000e+00,0.000000000000000000e+00,0.000000000000000000e+00,4.000000000000000000e+00
1.288124170000000000e-04,1.412730810000000004e+00,8.518513109999999999e-01,2.266748839999999987e+00,5.608794969999999491e-01,0.000000000000000000e+00,0.000000000000000000e+00,0.000000000000000000e+00,0.000000000000000000e+00,4.000000000000000000e+00
1.288124910000000025e-04,1.426861240000000031e+00,8.660881230000000430e-01,2.279594680000000206e+00,5.607731169999999876e-01,0.000000000000000000e+00,0.000000000000000000e+00,0.000000000000000000e+00,0.000000000000000000e+00,4.000000000000000000e+00
1.288125669999999970e-04,1.439760589999999896e+00,8.790845800000000043e-01,2.291321359999999974e+00,5.606760060000000045e-01,0.000000000000000000e+00,0.000000000000000000e+00,0.000000000000000000e+00,0.000000000000000000e+00,4.000000000000000000e+00
1.288126470000000026e-04,1.452075750000000109e+00,8.914924549999999615e-01,2.302516960000000168e+00,5.605832920000000108e-01,0.000000000000000000e+00,0.000000000000000000e+00,0.000000000000000000e+00,0.000000000000000000e+00,4.000000000000000000e+00
1.288127290000000002e-04,1.463356459999999970e+00,9.028580959999999989e-01,2.312772160000000188e+00,5.604983660000000256e-01,0.000000000000000000e+00,0.000000000000000000e+00,0.000000000000000000e+00,0.000000000000000000e+00,4.000000000000000000e+00
1.288128160000000049e-04,1.473993359999999919e+00,9.135750729999999598e-01,2.322442060000000197e+00,5.604182869999999594e-01,0.000000000000000000e+00,0.000000000000000000e+00,0.000000000000000000e+00,0.000000000000000000e+00,4.000000000000000000e+00
1.288129040000000056e-04,1.483717540000000001e+00,9.233724549999999809e-01,2.331282219999999850e+00,5.603450800000000509e-01,0.000000000000000000e+00,0.000000000000000000e+00,0.000000000000000000e+00,0.000000000000000000e+00,4.000000000000000000e+00
1.288129980000000095e-04,1.492776579999999909e+00,9.324996989999999597e-01,2.339517719999999912e+00,5.602768790000000054e-01,0.000000000000000000e+00,0.000000000000000000e+00,0.000000000000000000e+00,0.000000000000000000e+00,4.000000000000000000e+00
1.288130950000000014e-04,1.501022019999999957e+00,9.408072149999999745e-01,2.347013570000000104e+00,5.602148040000000107e-01,0.000000000000000000e+00,0.000000000000000000e+00,0.000000000000000000e+00,0.000000000000000000e+00,4.000000000000000000e+00
1.288131970000000004e-04,1.508615000000000039e+00,9.484573549999999464e-01,2.353916279999999972e+00,5.601576409999999839e-01,0.000000000000000000e+00,0.000000000000000000e+00,0.000000000000000000e+00,0.000000000000000000e+00,4.000000000000000000e+00
1.288133040000000065e-04,1.515481440000000068e+00,9.553754920000000483e-01,2.360158499999999826e+00,5.601059480000000201e-01,0.000000000000000000e+00,0.000000000000000000e+00,0.000000000000000000e+00,0.000000000000000000e+00,4.000000000000000000e+00
1.288134159999999927e-04,1.521729749999999992e+00,9.616708470000000508e-01,2.365838779999999808e+00,5.600589080000000219e-01,0.000000000000000000e+00,0.000000000000000000e+00,0.000000000000000000e+00,0.000000000000000000e+00,4.000000000000000000e+00
1.288135330000000130e-04,1.527331149999999971e+00,9.673144129999999841e-01,2.370930959999999921e+00,5.600167379999999584e-01,0.000000000000000000e+00,0.000000000000000000e+00,0.000000000000000000e+00,0.000000000000000000e+00,4.000000000000000000e+00
1.288136570000000054e-04,1.532362540000000051e+00,9.723836750000000029e-01,2.375504949999999837e+00,5.599788599999999672e-01,0.000000000000000000e+00,0.000000000000000000e+00,0.000000000000000000e+00,0.000000000000000000e+00,4.000000000000000000e+00
1.288137870000000010e-04,1.536822439999999901e+00,9.768771609999999939e-01,2.379559410000000153e+00,5.599452839999999876e-01,0.000000000000000000e+00,0.000000000000000000e+00,0.000000000000000000e+00,0.000000000000000000e+00,4.000000000000000000e+00
1.288139249999999917e-04,1.540769320000000109e+00,9.808537529999999949e-01,2.383147479999999874e+00,5.599155700000000291e-01,0.000000000000000000e+00,0.000000000000000000e+00,0.000000000000000000e+00,0.000000000000000000e+00,4.000000000000000000e+00
1.288140720000000006e-04,1.544217890000000093e+00,9.843282850000000250e-01,2.386282549999999780e+00,5.598896079999999831e-01,0.000000000000000000e+00,0.000000000000000000e+00,0.000000000000000000e+00,0.000000000000000000e+00,4.000000000000000000e+00
1.288142280000000007e-04,1.547215889999999927e+00,9.873488519999999991e-01,2.389008000000000020e+00,5.598670380000000391e-01,0.000000000000000000e+00,0.000000000000000000e+00,0.000000000000000000e+00,0.000000000000000000e+00,4.000000000000000000e+00
1.288143939999999879e-04,1.549787290000000040e+00,9.899396129999999960e-01,2.391345639999999939e+00,5.598476789999999870e-01,0.000000000000000000e+00,0.000000000000000000e+00,0.000000000000000000e+00,0.000000000000000000e+00,4.000000000000000000e+00
1.288145730000000045e-04,1.551973580000000075e+00,9.921423639999999988e-01,2.393333170000000010e+00,5.598312199999999628e-01,0.000000000000000000e+00,0.000000000000000000e+00,0.000000000000000000e+00,0.000000000000000000e+00,4.000000000000000000e+00
1.288147649999999962e-04,1.553803669999999970e+00,9.939862270000000555e-01,2.394996889999999823e+00,5.598174430000000257e-01,0.000000000000000000e+00,0.000000000000000000e+00,0.000000000000000000e+00,0.000000000000000000e+00,4.000000000000000000e+00
1.288149740000000014e-04,1.555315189999999959e+00,9.955091280000000209e-01,2.396370999999999807e+00,5.598060630000000204e-01,0.000000000000000000e+00,0.000000000000000000e+00,0.000000000000000000e+00,0.000000000000000000e+00,4.000000000000000000e+00
1.288152009999999888e-04,1.556539230000000051e+00,9.967423789999999562e-01,2.397483760000000075e+00,5.597968479999999580e-01,0.000000000000000000e+00,0.000000000000000000e+00,0.000000000000000000e+00,0.000000000000000000e+00,4.000000000000000000e+00
1.288154509999999927e-04,1.557510710000000076e+00,9.977211799999999853e-01,2.398366929999999897e+00,5.597895339999999775e-01,0.000000000000000000e+00,0.000000000000000000e+00,0.000000000000000000e+00,0.000000000000000000e+00,4.000000000000000000e+00
1.288157260000000052e-04,1.558261040000000097e+00,9.984771519999999789e-01,2.399049039999999966e+00,5.597838859999999528e-01,0.000000000000000000e+00,0.000000000000000000e+00,0.000000000000000000e+00,0.000000000000000000e+00,4.000000000000000000e+00
1.288160339999999942e-04,1.558822719999999995e+00,9.990430609999999545e-01,2.399559659999999983e+00,5.597796569999999861e-01,0.000000000000000000e+00,0.000000000000000000e+00,0.000000000000000000e+00,0.000000000000000000e+00,4.000000000000000000e+00
1.288163820000000131e-04,1.559225990000000062e+00,9.994493730000000298e-01,2.399926269999999917e+00,5.597766210000000298e-01,0.000000000000000000e+00,0.000000000000000000e+00,0.000000000000000000e+00,0.000000000000000000e+00,4.000000000000000000e+00
1.288167809999999909e-04,1.559500609999999954e+00,9.997260519999999762e-01,2.400175910000000190e+00,5.597745539999999798e-01,0.000000000000000000e+00,0.000000000000000000e+00,0.000000000000000000e+00,0.000000000000000000e+00,4.000000000000000000e+00
1.288172460000000031e-04,1.559674210000000061e+00,9.999009639999999477e-01,2.400333740000000216e+00,5.597732469999999738e-01,0.000000000000000000e+00,0.000000000000000000e+00,0.000000000000000000e+00,0.000000000000000000e+00,4.000000000000000000e+00
1.288178010000000080e-04,1.559772720000000001e+00,1.000000219999999995e+00,2.400423289999999987e+00,5.597725049999999758e-01,0.000000000000000000e+00,0.000000000000000000e+00,0.000000000000000000e+00,0.000000000000000000e+00,4.000000000000000000e+00
1.288184810000000014e-04,1.559819389999999917e+00,1.000047230000000065e+00,2.400465710000000197e+00,5.597721540000000218e-01,0.000000000000000000e+00,0.000000000000000000e+00,0.000000000000000000e+00,0.000000000000000000e+00,4.000000000000000000e+00
1.288193490000000025e-04,1.559834329999999936e+00,1.000062280000000081e+00,2.400479289999999821e+00,5.597720409999999980e-01,0.000000000000000000e+00,0.000000000000000000e+00,0.000000000000000000e+00,0.000000000000000000e+00,4.000000000000000000e+00
1.288205210000000086e-04,1.559833679999999889e+00,1.000061639999999974e+00,2.400478709999999793e+00,5.597720459999999676e-01,0.000000000000000000e+00,0.000000000000000000e+00,0.000000000000000000e+00,0.000000000000000000e+00,4.000000000000000000e+00
1.288222430000000125e-04,1.559828809999999955e+00,1.000056730000000060e+00,2.400474270000000132e+00,5.597720830000000314e-01,0.000000000000000000e+00,0.000000000000000000e+00,0.000000000000000000e+00,0.000000000000000000e+00,4.000000000000000000e+00
1.288251810000000093e-04,1.559825669999999942e+00,1.000053560000000008e+00,2.400471410000000194e+00,5.597721060000000470e-01,0.000000000000000000e+00,0.000000000000000000e+00,0.000000000000000000e+00,0.000000000000000000e+00,4.000000000000000000e+00
1.288310560000000069e-04,1.559825250000000052e+00,1.000053139999999896e+00,2.400471019999999900e+00,5.597721089999999622e-01,0.000000000000000000e+00,0.000000000000000000e+00,0.000000000000000000e+00,0.000000000000000000e+00,4.000000000000000000e+00
1.288428069999999982e-04,1.559825620000000024e+00,1.000053520000000029e+00,2.400471329999999792e+00,5.597721060000000470e-01,0.000000000000000000e+00,0.000000000000000000e+00,0.000000000000000000e+00,0.000000000000000000e+00,4.000000000000000000e+00
1.288653520000000100e-04,1.559825709999999921e+00,1.000053599999999987e+00,2.400471360000000054e+00,5.597721049999999643e-01,0.000000000000000000e+00,0.000000000000000000e+00,0.000000000000000000e+00,0.000000000000000000e+00,4.000000000000000000e+00
1.289104420000000066e-04,1.559825699999999982e+00,1.000053590000000048e+00,2.400471260000000218e+00,5.597721039999999926e-01,0.000000000000000000e+00,0.000000000000000000e+00,0.000000000000000000e+00,0.000000000000000000e+00,4.000000000000000000e+00
1.290006219999999997e-04,1.559825690000000042e+00,1.000053590000000048e+00,2.400471060000000101e+00,5.597721020000000491e-01,0.000000000000000000e+00,0.000000000000000000e+00,0.000000000000000000e+00,0.000000000000000000e+00,4.000000000000000000e+00
1.291809820000000130e-04,1.559825690000000042e+00,1.000053590000000048e+00,2.400470680000000190e+00,5.597720990000000230e-01,0.000000000000000000e+00,0.000000000000000000e+00,0.000000000000000000e+00,0.000000000000000000e+00,4.000000000000000000e+00
1.293809819999999907e-04,1.559825690000000042e+00,1.000053590000000048e+00,2.400470260000000078e+00,5.597720950000000251e-01,0.000000000000000000e+00,0.000000000000000000e+00,0.000000000000000000e+00,0.000000000000000000e+00,4.000000000000000000e+00
1.295809819999999956e-04,1.559825680000000103e+00,1.000053590000000048e+00,2.400469839999999966e+00,5.597720910000000272e-01,0.000000000000000000e+00,0.000000000000000000e+00,0.000000000000000000e+00,0.000000000000000000e+00,4.000000000000000000e+00
1.297809820000000005e-04,1.559825680000000103e+00,1.000053590000000048e+00,2.400469419999999854e+00,5.597720870000000293e-01,0.000000000000000000e+00,0.000000000000000000e+00,0.000000000000000000e+00,0.000000000000000000e+00,4.000000000000000000e+00
1.299809820000000053e-04,1.559825669999999942e+00,1.000053590000000048e+00,2.400469000000000186e+00,5.597720830000000314e-01,0.000000000000000000e+00,0.000000000000000000e+00,0.000000000000000000e+00,0.000000000000000000e+00,4.000000000000000000e+00
1.301809820000000102e-04,1.559825669999999942e+00,1.000053590000000048e+00,2.400468570000000135e+00,5.597720790000000335e-01,0.000000000000000000e+00,0.000000000000000000e+00,0.000000000000000000e+00,0.000000000000000000e+00,4.000000000000000000e+00
1.303809819999999879e-04,1.559825660000000003e+00,1.000053590000000048e+00,2.400468150000000023e+00,5.597720750000000356e-01,0.000000000000000000e+00,0.000000000000000000e+00,0.000000000000000000e+00,0.000000000000000000e+00,4.000000000000000000e+00
1.305809819999999928e-04,1.559825660000000003e+00,1.000053590000000048e+00,2.400467729999999911e+00,5.597720710000000377e-01,0.000000000000000000e+00,0.000000000000000000e+00,0.000000000000000000e+00,0.000000000000000000e+00,4.000000000000000000e+00
1.307809819999999977e-04,1.559825660000000003e+00,1.000053590000000048e+00,2.400467309999999799e+00,5.597720659999999571e-01,0.000000000000000000e+00,0.000000000000000000e+00,0.000000000000000000e+00,0.000000000000000000e+00,4.000000000000000000e+00
1.309809820000000025e-04,1.559825650000000063e+00,1.000053590000000048e+00,2.400466890000000131e+00,5.597720619999999592e-01,0.000000000000000000e+00,0.000000000000000000e+00,0.000000000000000000e+00,0.000000000000000000e+00,4.000000000000000000e+00
1.311809820000000074e-04,1.559825650000000063e+00,1.000053590000000048e+00,2.400466460000000080e+00,5.597720579999999613e-01,0.000000000000000000e+00,0.000000000000000000e+00,0.000000000000000000e+00,0.000000000000000000e+00,4.000000000000000000e+00
1.313809820000000122e-04,1.559825639999999902e+00,1.000053590000000048e+00,2.400466039999999968e+00,5.597720539999999634e-01,0.000000000000000000e+00,0.000000000000000000e+00,0.000000000000000000e+00,0.000000000000000000e+00,4.000000000000000000e+00
1.315809819999999900e-04,1.559825639999999902e+00,1.000053590000000048e+00,2.400465619999999856e+00,5.597720499999999655e-01,0.000000000000000000e+00,0.000000000000000000e+00,0.000000000000000000e+00,0.000000000000000000e+00,4.000000000000000000e+00
1.317809819999999949e-04,1.559825639999999902e+00,1.000053590000000048e+00,2.400465200000000188e+00,5.597720459999999676e-01,0.000000000000000000e+00,0.000000000000000000e+00,0.000000000000000000e+00,0.000000000000000000e+00,4.000000000000000000e+00
1.319809819999999997e-04,1.559825629999999963e+00,1.000053590000000048e+00,2.400464780000000076e+00,5.597720419999999697e-01,0.000000000000000000e+00,0.000000000000000000e+00,0.000000000000000000e+00,0.000000000000000000e+00,4.000000000000000000e+00
1.321809820000000046e-04,1.559825629999999963e+00,1.000053590000000048e+00,2.400464350000000024e+00,5.597720379999999718e-01,0.000000000000000000e+00,0.000000000000000000e+00,0.000000000000000000e+00,0.000000000000000000e+00,4.000000000000000000e+00
1.323809820000000094e-04,1.559825620000000024e+00,1.000053590000000048e+00,2.400463929999999912e+00,5.597720339999999739e-01,0.000000000000000000e+00,0.000000000000000000e+00,0.000000000000000000e+00,0.000000000000000000e+00,4.000000000000000000e+00
1.325809819999999872e-04,1.559825620000000024e+00,1.000053590000000048e+00,2.400463509999999800e+00,5.597720299999999760e-01,0.000000000000000000e+00,0.000000000000000000e+00,0.000000000000000000e+00,0.000000000000000000e+00,4.000000000000000000e+00
1.327809819999999921e-04,1.559825620000000024e+00,1.000053590000000048e+00,2.400463090000000133e+00,5.597720259999999781e-01,0.000000000000000000e+00,0.000000000000000000e+00,0.000000000000000000e+00,0.000000000000000000e+00,4.000000000000000000e+00
1.329809819999999969e-04,1.559825610000000085e+00,1.000053590000000048e+00,2.400462670000000021e+00,5.597720219999999802e-01,0.000000000000000000e+00,0.000000000000000000e+00,0.000000000000000000e+00,0.000000000000000000e+00,4.000000000000000000e+00
1.331809820000000018e-04,1.559825610000000085e+00,1.000053590000000048e+00,2.400462239999999969e+00,5.597720179999999823e-01,0.000000000000000000e+00,0.000000000000000000e+00,0.000000000000000000e+00,0.000000000000000000e+00,4.000000000000000000e+00
1.333809820000000067e-04,1.559825599999999923e+00,1.000053590000000048e+00,2.400461819999999857e+00,5.597720139999999844e-01,0.000000000000000000e+00,0.000000000000000000e+00,0.000000000000000000e+00,0.000000000000000000e+00,4.000000000000000000e+00
1.335809820000000115e-04,1.559825599999999923e+00,1.000053590000000048e+00,2.400461400000000189e+00,5.597720099999999865e-01,0.000000000000000000e+00,0.000000000000000000e+00,0.000000000000000000e+00,0.000000000000000000e+00,4.000000000000000000e+00
1.337809819999999893e-04,1.559825599999999923e+00,1.000053590000000048e+00,2.400460980000000077e+00,5.597720059999999886e-01,0.000000000000000000e+00,0.000000000000000000e+00,0.000000000000000000e+00,0.000000000000000000e+00,4.000000000000000000e+00
1.339809819999999941e-04,1.559825589999999984e+00,1.000053590000000048e+00,2.400460559999999965e+00,5.597720019999999908e-01,0.000000000000000000e+00,0.000000000000000000e+00,0.000000000000000000e+00,0.000000000000000000e+00,4.000000000000000000e+00
1.341809819999999990e-04,1.559825589999999984e+00,1.000053590000000048e+00,2.400460129999999914e+00,5.597719979999999929e-01,0.000000000000000000e+00,0.000000000000000000e+00,0.000000000000000000e+00,0.000000000000000000e+00,4.000000000000000000e+00
1.343809820000000039e-04,1.559825580000000045e+00,1.000053590000000048e+00,2.400459709999999802e+00,5.597719939999999950e-01,0.000000000000000000e+00,0.000000000000000000e+00,0.000000000000000000e+00,0.000000000000000000e+00,4.000000000000000000e+00
1.345809820000000087e-04,1.559825580000000045e+00,1.000053590000000048e+00,2.400459290000000134e+00,5.597719899999999971e-01,0.000000000000000000e+00,0.000000000000000000e+00,0.000000000000000000e+00,0.000000000000000000e+00,4.000000000000000000e+00
1.347809819999999865e-04,1.559825580000000045e+00,1.000053590000000048e+00,2.400458870000000022e+00,5.597719859999999992e-01,0.000000000000000000e+00,0.000000000000000000e+00,0.000000000000000000e+00,0.000000000000000000e+00,4.000000000000000000e+00
1.349809819999999913e-04,1.559825570000000106e+00,1.000053590000000048e+00,2.400458449999999910e+00,5.597719820000000013e-01,0.000000000000000000e+00,0.000000000000000000e+00,0.000000000000000000e+00,0.000000000000000000e+00,4.000000000000000000e+00
1.351809819999999962e-04,1.559825570000000106e+00,1.000053590000000048e+00,2.400458019999999859e+00,5.597719780000000034e-01,0.000000000000000000e+00,0.000000000000000000e+00,0.000000000000000000e+00,0.000000000000000000e+00,4.000000000000000000e+00
1.353809820000000011e-04,1.559825559999999944e+00,1.000053590000000048e+00,2.400457600000000191e+00,5.597719740000000055e-01,0.000000000000000000e+00,0.000000000000000000e+00,0.000000000000000000e+00,0.000000000000000000e+00,4.000000000000000000e+00
1.355809820000000059e-04,1.559825559999999944e+00,1.000053590000000048e+00,2.400457180000000079e+00,5.597719690000000359e-01,0.000000000000000000e+00,0.000000000000000000e+00,0.000000000000000000e+00,0.000000000000000000e+00,4.000000000000000000e+00
1.357809820000000108e-04,1.559825559999999944e+00,1.000053590000000048e+00,2.400456759999999967e+00,5.597719650000000380e-01,0.000000000000000000e+00,0.000000000000000000e+00,0.000000000000000000e+00,0.000000000000000000e+00,4.000000000000000000e+00
1.359809819999999885e-04,1.559825550000000005e+00,1.000053590000000048e+00,2.400456339999999855e+00,5.597719610000000401e-01,0.000000000000000000e+00,0.000000000000000000e+00,0.000000000000000000e+00,0.000000000000000000e+00,4.000000000000000000e+00
1.361809819999999934e-04,1.559825550000000005e+00,1.000053590000000048e+00,2.400455909999999804e+00,5.597719570000000422e-01,0.000000000000000000e+00,0.000000000000000000e+00,0.000000000000000000e+00,0.000000000000000000e+00,4.000000000000000000e+00
1.363809819999999983e-04,1.559825540000000066e+00,1.000053590000000048e+00,2.400455490000000136e+00,5.597719530000000443e-01,0.000000000000000000e+00,0.000000000000000000e+00,0.000000000000000000e+00,0.000000000000000000e+00,4.000000000000000000e+00
1.365809820000000031e-04,1.559825540000000066e+00,1.000053590000000048e+00,2.400455070000000024e+00,5.597719490000000464e-01,0.000000000000000000e+00,0.000000000000000000e+00,0.000000000000000000e+00,0.000000000000000000e+00,4.000000000000000000e+00
1.367809820000000080e-04,1.559825540000000066e+00,1.000053590000000048e+00,2.400454649999999912e+00,5.597719450000000485e-01,0.000000000000000000e+00,0.000000000000000000e+00,0.000000000000000000e+00,0.000000000000000000e+00,4.000000000000000000e+00
1.369809820000000128e-04,1.559825529999999905e+00,1.000053590000000048e+00,2.400454229999999800e+00,5.597719410000000506e-01,0.000000000000000000e+00,0.000000000000000000e+00,0.000000000000000000e+00,0.000000000000000000e+00,4.000000000000000000e+00
1.371809819999999906e-04,1.559825529999999905e+00,1.000053590000000048e+00,2.400453800000000193e+00,5.597719370000000527e-01,0.000000000000000000e+00,0.000000000000000000e+00,0.000000000000000000e+00,0.000000000000000000e+00,4.000000000000000000e+00
1.373809819999999955e-04,1.559825519999999965e+00,1.000053590000000048e+00,2.400453380000000081e+00,5.597719330000000548e-01,0.000000000000000000e+00,0.000000000000000000e+00,0.000000000000000000e+00,0.000000000000000000e+00,4.000000000000000000e+00
1.375809820000000003e-04,1.559825519999999965e+00,1.000053590000000048e+00,2.400452959999999969e+00,5.597719289999999459e-01,0.000000000000000000e+00,0.000000000000000000e+00,0.000000000000000000e+00,0.000000000000000000e+00,4.000000000000000000e+00
1.377809820000000052e-04,1.559825519999999965e+00,1.000053590000000048e+00,2.400452539999999857e+00,5.597719249999999480e-01,0.000000000000000000e+00,0.000000000000000000e+00,0.000000000000000000e+00,0.000000000000000000e+00,4.000000000000000000e+00
1.379809820000000100e-04,1.559825510000000026e+00,1.000053590000000048e+00,2.400452109999999806e+00,5.597719209999999501e-01,0.000000000000000000e+00,0.000000000000000000e+00,0.000000000000000000e+00,0.000000000000000000e+00,4.000000000000000000e+00
1.381809819999999878e-04,1.559825510000000026e+00,1.000053590000000048e+00,2.400451690000000138e+00,5.597719169999999522e-01,0.000000000000000000e+00,0.000000000000000000e+00,0.000000000000000000e+00,0.000000000000000000e+00,4.000000000000000000e+00
1.383809819999999927e-04,1.559825500000000087e+00,1.000053590000000048e+00,2.400451270000000026e+00,5.597719129999999543e-01,0.000000000000000000e+00,0.000000000000000000e+00,0.000000000000000000e+00,0.000000000000000000e+00,4.000000000000000000e+00
1.385809819999999975e-04,1.559825500000000087e+00,1.000053590000000048e+00,2.400450849999999914e+00,5.597719089999999564e-01,0.000000000000000000e+00,0.000000000000000000e+00,0.000000000000000000e+00,0.000000000000000000e+00,4.000000000000000000e+00
1.386954910000000026e-04,1.559825500000000087e+00,1.000053590000000048e+00,2.400450610000000040e+00,5.597719070000000130e-01,0.000000000000000000e+00,0.000000000000000000e+00,0.000000000000000000e+00,0.000000000000000000e+00,4.000000000000000000e+00
1.388100000000000076e-04,1.559825489999999926e+00,1.000053590000000048e+00,2.400450370000000166e+00,5.597719039999999868e-01,0.000000000000000000e+00,0.000000000000000000e+00,0.000000000000000000e+00,0.000000000000000000e+00,4.000000000000000000e+00
1.388100460000000135e-04,1.559893079999999932e+00,1.000121690000000063e+00,2.400511809999999802e+00,5.597713949999999494e-01,0.000000000000000000e+00,0.000000000000000000e+00,0.000000000000000000e+00,0.000000000000000000e+00,4.000000000000000000e+00
1.388101389999999943e-04,1.560179159999999898e+00,1.000409920000000064e+00,2.400771880000000191e+00,5.597692420000000002e-01,0.000000000000000000e+00,0.000000000000000000e+00,0.000000000000000000e+00,0.000000000000000000e+00,4.000000000000000000e+00
1.388103250000000100e-04,1.561381359999999940e+00,1.001621169999999950e+00,2.401864789999999861e+00,5.597601909999999625e-01,0.000000000000000000e+00,0.000000000000000000e+00,0.000000000000000000e+00,0.000000000000000000e+00,4.000000000000000000e+00
1.388104769999999990e-04,1.562921989999999983e+00,1.003173400000000104e+00,2.403265359999999795e+00,5.597485930000000165e-01,0.000000000000000000e+00,0.000000000000000000e+00,0.000000000000000000e+00,0.000000000000000000e+00,4.000000000000000000e+00
1.388106530000000004e-04,1.565212449999999977e+00,1.005481099999999905e+00,2.405347599999999808e+00,5.597313489999999891e-01,0.000000000000000000e+00,0.000000000000000000e+00,0.000000000000000000e+00,0.000000000000000000e+00,4.000000000000000000e+00
1.388108690000000047e-04,1.568603170000000047e+00,1.008897350000000026e+00,2.408430070000000089e+00,5.597058219999999640e-01,0.000000000000000000e+00,0.000000000000000000e+00,0.000000000000000000e+00,0.000000000000000000e+00,4.000000000000000000e+00
1.388110739999999987e-04,1.572284879999999996e+00,1.012606780000000040e+00,2.411777079999999795e+00,5.596781050000000368e-01,0.000000000000000000e+00,0.000000000000000000e+00,0.000000000000000000e+00,0.000000000000000000e+00,4.000000000000000000e+00
1.388113209999999875e-04,1.577179569999999975e+00,1.017538320000000107e+00,2.416226800000000008e+00,5.596412560000000314e-01,0.000000000000000000e+00,0.000000000000000000e+00,0.000000000000000000e+00,0.000000000000000000e+00,4.000000000000000000e+00
1.388115680000000034e-04,1.582405110000000059e+00,1.022803190000000084e+00,2.420977279999999787e+00,5.596019159999999770e-01,0.000000000000000000e+00,0.000000000000000000e+00,0.000000000000000000e+00,0.000000000000000000e+00,4.000000000000000000e+00
1.388118629999999902e-04,1.589004050000000001e+00,1.029451810000000078e+00,2.426976320000000076e+00,5.595522360000000361e-01,0.000000000000000000e+00,0.000000000000000000e+00,0.000000000000000000e+00,0.000000000000000000e+00,4.000000000000000000e+00
1.388121729999999983e-04,1.596192000000000055e+00,1.036693869999999906e+00,2.433510819999999963e+00,5.594981220000000421e-01,0.000000000000000000e+00,0.000000000000000000e+00,0.000000000000000000e+00,0.000000000000000000e+00,4.000000000000000000e+00
1.388125459999999987e-04,1.605071340000000069e+00,1.045640059999999982e+00,2.441582949999999919e+00,5.594312750000000056e-01,0.000000000000000000e+00,0.000000000000000000e+00,0.000000000000000000e+00,0.000000000000000000e+00,4.000000000000000000e+00
1.388129580000000058e-04,1.615040290000000045e+00,1.055684070000000085e+00,2.450645629999999908e+00,5.593562250000000402e-01,0.000000000000000000e+00,0.000000000000000000e+00,0.000000000000000000e+00,0.000000000000000000e+00,4.000000000000000000e+00
1.388134619999999977e-04,1.627402809999999977e+00,1.068139649999999996e+00,2.461884280000000036e+00,5.592631550000000118e-01,0.000000000000000000e+00,0.000000000000000000e+00,0.000000000000000000e+00,0.000000000000000000e+00,4.000000000000000000e+00
1.388140519999999983e-04,1.641960160000000002e+00,1.082806600000000063e+00,2.475118230000000086e+00,5.591535610000000212e-01,0.000000000000000000e+00,0.000000000000000000e+00,0.000000000000000000e+00,0.000000000000000000e+00,4.000000000000000000e+00
1.388148100000000053e-04,1.660728329999999975e+00,1.101716059999999997e+00,2.492180199999999957e+00,5.590122659999999799e-01,0.000000000000000000e+00,0.000000000000000000e+00,0.000000000000000000e+00,0.000000000000000000e+00,4.000000000000000000e+00
1.388157790000000094e-04,1.684770780000000023e+00,1.125939519999999971e+00,2.514036980000000199e+00,5.588312650000000215e-01,0.000000000000000000e+00,0.000000000000000000e+00,0.000000000000000000e+00,0.000000000000000000e+00,4.000000000000000000e+00
1.388171640000000046e-04,1.719142130000000046e+00,1.160569619999999968e+00,2.545283650000000009e+00,5.585725030000000535e-01,0.000000000000000000e+00,0.000000000000000000e+00,0.000000000000000000e+00,0.000000000000000000e+00,4.000000000000000000e+00
1.388192930000000085e-04,1.771968919999999947e+00,1.213794119999999976e+00,2.593308009999999886e+00,5.581748010000000537e-01,0.000000000000000000e+00,0.000000000000000000e+00,0.000000000000000000e+00,0.000000000000000000e+00,4.000000000000000000e+00
1.388234640000000116e-04,1.875454430000000006e+00,1.318058710000000078e+00,2.687385729999999917e+00,5.573957200000000389e-01,0.000000000000000000e+00,0.000000000000000000e+00,0.000000000000000000e+00,0.000000000000000000e+00,4.000000000000000000e+00
1.388299999999999972e-04,2.037635959999999802e+00,1.481461209999999973e+00,2.834823469999999901e+00,5.561747510000000227e-01,0.000000000000000000e+00,0.000000000000000000e+00,0.000000000000000000e+00,0.000000000000000000e+00,4.000000000000000000e+00
1.388300139999999955e-04,2.037975879999999851e+00,1.481803690000000007e+00,2.835132489999999894e+00,5.561721920000000097e-01,0.000000000000000000e+00,0.000000000000000000e+00,0.000000000000000000e+00,0.000000000000000000e+00,4.000000000000000000e+00
1.388300419999999921e-04,2.038640730000000012e+00,1.482473539999999979e+00,2.835736900000000116e+00,5.561671870000000073e-01,0.000000000000000000e+00,0.000000000000000000e+00,0.000000000000000000e+00,0.000000000000000000e+00,4.000000000000000000e+00
1.388300980000000122e-04,2.039901650000000011e+00,1.483743950000000034e+00,2.836883189999999999e+00,5.561576940000000358e-01,0.000000000000000000e+00,0.000000000000000000e+00,0.000000000000000000e+00,0.000000000000000000e+00,4.000000000000000000e+00
1.388302090000000024e-04,2.042164539999999917e+00,1.486023880000000075e+00,2.838940360000000052e+00,5.561406580000000099e-01,0.000000000000000000e+00,0.000000000000000000e+00,0.000000000000000000e+00,0.000000000000000000e+00,4.000000000000000000e+00
1.388303990000000021e-04,2.045335249999999938e+00,1.489218460000000022e+00,2.841822819999999972e+00,5.561167879999999730e-01,0.000000000000000000e+00,0.000000000000000000e+00,0.000000000000000000e+00,0.000000000000000000e+00,4.000000000000000000e+00
1.388306070000000112e-04,2.048013759999999905e+00,1.491917139999999975e+00,2.844257830000000098e+00,5.560966229999999566e-01,0.000000000000000000e+00,0.000000000000000000e+00,0.000000000000000000e+00,0.000000000000000000e+00,4.000000000000000000e+00
1.388308359999999907e-04,2.050210719999999931e+00,1.494130640000000065e+00,2.846255070000000220e+00,5.560800830000000028e-01,0.000000000000000000e+00,0.000000000000000000e+00,0.000000000000000000e+00,0.000000000000000000e+00,4.000000000000000000e+00
1.388310779999999995e-04,2.051898120000000159e+00,1.495830750000000098e+00,2.847789070000000144e+00,5.560673790000000283e-01,0.000000000000000000e+00,0.000000000000000000e+00,0.000000000000000000e+00,0.000000000000000000e+00,4.000000000000000000e+00
1.388313429999999977e-04,2.053204570000000118e+00,1.497147030000000045e+00,2.848976749999999836e+00,5.560575439999999592e-01,0.000000000000000000e+00,0.000000000000000000e+00,0.000000000000000000e+00,0.000000000000000000e+00,4.000000000000000000e+00
1.388316320000000084e-04,2.054181760000000079e+00,1.498131579999999907e+00,2.849865110000000090e+00,5.560501869999999736e-01,0.000000000000000000e+00,0.000000000000000000e+00,0.000000000000000000e+00,0.000000000000000000e+00,4.000000000000000000e+00
1.388319590000000028e-04,2.054902150000000205e+00,1.498857389999999956e+00,2.850519999999999943e+00,5.560447640000000247e-01,0.000000000000000000e+00,0.000000000000000000e+00,0.000000000000000000e+00,0.000000000000000000e+00,4.000000000000000000e+00
1.388323279999999920e-04,2.055404980000000048e+00,1.499363999999999919e+00,2.850977120000000031e+00,5.560409779999999635e-01,0.000000000000000000e+00,0.000000000000000000e+00,0.000000000000000000e+00,0.000000000000000000e+00,4.000000000000000000e+00
1.388327570000000126e-04,2.055738369999999815e+00,1.499699899999999975e+00,2.851280200000000153e+00,5.560384680000000079e-01,0.000000000000000000e+00,0.000000000000000000e+00,0.000000000000000000e+00,0.000000000000000000e+00,4.000000000000000000e+00
1.388332610000000045e-04,2.055939040000000162e+00,1.499902080000000026e+00,2.851462629999999887e+00,5.560369579999999701e-01,0.000000000000000000e+00,0.000000000000000000e+00,0.000000000000000000e+00,0.000000000000000000e+00,4.000000000000000000e+00
1.388338720000000025e-04,2.056045179999999917e+00,1.500009020000000026e+00,2.851559120000000114e+00,5.560361590000000298e-01,0.000000000000000000e+00,0.000000000000000000e+00,0.000000000000000000e+00,0.000000000000000000e+00,4.000000000000000000e+00
1.388346320000000014e-04,2.056088640000000023e+00,1.500052799999999964e+00,2.851598619999999862e+00,5.560358309999999804e-01,0.000000000000000000e+00,0.000000000000000000e+00,0.000000000000000000e+00,0.000000000000000000e+00,4.000000000000000000e+00
1.388356290000000021e-04,2.056097129999999940e+00,1.500061359999999899e+00,2.851606340000000017e+00,5.560357670000000141e-01,0.000000000000000000e+00,0.000000000000000000e+00,0.000000000000000000e+00,0.000000000000000000e+00,4.000000000000000000e+00
1.388370219999999924e-04,2.056091460000000204e+00,1.500055649999999963e+00,2.851601179999999847e+00,5.560358100000000192e-01,0.000000000000000000e+00,0.000000000000000000e+00,0.000000000000000000e+00,0.000000000000000000e+00,4.000000000000000000e+00
1.388391989999999943e-04,2.056084789999999884e+00,1.500048929999999947e+00,2.851595109999999877e+00,5.560358600000000484e-01,0.000000000000000000e+00,0.000000000000000000e+00,0.000000000000000000e+00,0.000000000000000000e+00,4.000000000000000000e+00
1.388434080000000082e-04,2.056082219999999960e+00,1.500046350000000084e+00,2.851592769999999888e+00,5.560358789999999551e-01,0.000000000000000000e+00,0.000000000000000000e+00,0.000000000000000000e+00,0.000000000000000000e+00,4.000000000000000000e+00
1.388518250000000129e-04,2.056082609999999811e+00,1.500046739999999934e+00,2.851593100000000103e+00,5.560358760000000400e-01,0.000000000000000000e+00,0.000000000000000000e+00,0.000000000000000000e+00,0.000000000000000000e+00,4.000000000000000000e+00
1.388675860000000001e-04,2.056082969999999843e+00,1.500047090000000027e+00,2.851593380000000177e+00,5.560358730000000138e-01,0.000000000000000000e+00,0.000000000000000000e+00,0.000000000000000000e+00,0.000000000000000000e+00,4.000000000000000000e+00
1.388991070000000056e-04,2.056082979999999782e+00,1.500047109999999906e+00,2.851593320000000098e+00,5.560358709999999594e-01,0.000000000000000000e+00,0.000000000000000000e+00,0.000000000000000000e+00,0.000000000000000000e+00,4.000000000000000000e+00
1.389621489999999895e-04,2.056082969999999843e+00,1.500047099999999967e+00,2.851593149999999799e+00,5.560358680000000442e-01,0.000000000000000000e+00,0.000000000000000000e+00,0.000000000000000000e+00,0.000000000000000000e+00,4.000000000000000000e+00
1.390882340000000074e-04,2.056082959999999904e+00,1.500047099999999967e+00,2.851592839999999907e+00,5.560358619999999918e-01,0.000000000000000000e+00,0.000000000000000000e+00,0.000000000000000000e+00,0.000000000000000000e+00,4.000000000000000000e+00
1.392882340000000123e-04,2.056082949999999965e+00,1.500047099999999967e+00,2.851592339999999837e+00,5.560358530000000243e-01,0.000000000000000000e+00,0.000000000000000000e+00,0.000000000000000000e+00,0.000000000000000000e+00,4.000000000000000000e+00
1.394882339999999900e-04,2.056082940000000026e+00,1.500047099999999967e+00,2.851591840000000211e+00,5.560358429999999741e-01,0.000000000000000000e+00,0.000000000000000000e+00,0.000000000000000000e+00,0.000000000000000000e+00,4.000000000000000000e+00
1.396882339999999949e-04,2.056082930000000086e+00,1.500047099999999967e+00,2.851591340000000141e+00,5.560358340000000066e-01,0.000000000000000000e+00,0.000000000000000000e+00,0.000000000000000000e+00,0.000000000000000000e+00,4.000000000000000000e+00
1.398882339999999998e-04,2.056082920000000147e+00,1.500047099999999967e+00,2.851590840000000071e+00,5.560358250000000391e-01,0.000000000000000000e+00,0.000000000000000000e+00,0.000000000000000000e+00,0.000000000000000000e+00,4.000000000000000000e+00
1.400882340000000046e-04,2.056082910000000208e+00,1.500047099999999967e+00,2.851590340000000001e+00,5.560358149999999888e-01,0.000000000000000000e+00,0.000000000000000000e+00,0.000000000000000000e+00,0.000000000000000000e+00,4.000000000000000000e+00
1.402882340000000095e-04,2.056082899999999825e+00,1.500047099999999967e+00,2.851589839999999931e+00,5.560358060000000213e-01,0.000000000000000000e+00,0.000000000000000000e+00,0.000000000000000000e+00,0.000000000000000000e+00,4.000000000000000000e+00
1.404882339999999872e-04,2.056082899999999825e+00,1.500047099999999967e+00,2.851589339999999861e+00,5.560357959999999711e-01,0.000000000000000000e+00,0.000000000000000000e+00,0.000000000000000000e+00,0.000000000000000000e+00,4.000000000000000000e+00
1.406882339999999921e-04,2.056082889999999885e+00,1.500047099999999967e+00,2.851588839999999792e+00,5.560357870000000036e-01,0.000000000000000000e+00,0.000000000000000000e+00,0.000000000000000000e+00,0.000000000000000000e+00,4.000000000000000000e+00
1.408882339999999970e-04,2.056082879999999946e+00,1.500047099999999967e+00,2.851588340000000166e+00,5.560357780000000361e-01,0.000000000000000000e+00,0.000000000000000000e+00,0.000000000000000000e+00,0.000000000000000000e+00,4.000000000000000000e+00
1.410882340000000018e-04,2.056082870000000007e+00,1.500047099999999967e+00,2.851587840000000096e+00,5.560357679999999858e-01,0.000000000000000000e+00,0.000000000000000000e+00,0.000000000000000000e+00,0.000000000000000000e+00,4.000000000000000000e+00
1.412882340000000067e-04,2.056082860000000068e+00,1.500047099999999967e+00,2.851587340000000026e+00,5.560357590000000183e-01,0.000000000000000000e+00,0.000000000000000000e+00,0.000000000000000000e+00,0.000000000000000000e+00,4.000000000000000000e+00
1.414882340000000115e-04,2.056082850000000128e+00,1.500047099999999967e+00,2.851586839999999956e+00,5.560357489999999681e-01,0.000000000000000000e+00,0.000000000000000000e+00,0.000000000000000000e+00,0.000000000000000000e+00,4.000000000000000000e+00
1.416882339999999893e-04,2.056082840000000189e+00,1.500047099999999967e+00,2.851586339999999886e+00,5.560357400000000005e-01,0.000000000000000000e+00,0.000000000000000000e+00,0.000000000000000000e+00,0.000000000000000000e+00,4.000000000000000000e+00
1.418882339999999942e-04,2.056082829999999806e+00,1.500047099999999967e+00,2.851585839999999816e+00,5.560357310000000330e-01,0.000000000000000000e+00,0.000000000000000000e+00,0.000000000000000000e+00,0.000000000000000000e+00,4.000000000000000000e+00
1.420882339999999990e-04,2.056082819999999867e+00,1.500047099999999967e+00,2.851585340000000190e+00,5.560357209999999828e-01,0.000000000000000000e+00,0.000000000000000000e+00,0.000000000000000000e+00,0.000000000000000000e+00,4.000000000000000000e+00
1.422882340000000039e-04,2.056082809999999927e+00,1.500047099999999967e+00,2.851584840000000121e+00,5.560357120000000153e-01,0.000000000000000000e+00,0.000000000000000000e+00,0.000000000000000000e+00,0.000000000000000000e+00,4.000000000000000000e+00
1.424882340000000087e-04,2.056082799999999988e+00,1.500047099999999967e+00,2.851584340000000051e+00,5.560357030000000478e-01,0.000000000000000000e+00,0.000000000000000000e+00,0.000000000000000000e+00,0.000000000000000000e+00,4.000000000000000000e+00
1.426882339999999865e-04,2.056082790000000049e+00,1.500047099999999967e+00,2.851583839999999981e+00,5.560356929999999975e-01,0.000000000000000000e+00,0.000000000000000000e+00,0.000000000000000000e+00,0.000000000000000000e+00,4.000000000000000000e+00
1.428882339999999914e-04,2.056082780000000110e+00,1.500047099999999967e+00,2.851583339999999911e+00,5.560356840000000300e-01,0.000000000000000000e+00,0.000000000000000000e+00,0.000000000000000000e+00,0.000000000000000000e+00,4.000000000000000000e+00
1.430882339999999962e-04,2.056082770000000171e+00,1.500047099999999967e+00,2.851582839999999841e+00,5.560356739999999798e-01,0.000000000000000000e+00,0.000000000000000000e+00,0.000000000000000000e+00,0.000000000000000000e+00,4.000000000000000000e+00
1.432882340000000011e-04,2.056082759999999787e+00,1.500047099999999967e+00,2.851582340000000215e+00,5.560356650000000123e-01,0.000000000000000000e+00,0.000000000000000000e+00,0.000000000000000000e+00,0.000000000000000000e+00,4.000000000000000000e+00
1.434882340000000059e-04,2.056082749999999848e+00,1.500047099999999967e+00,2.851581840000000145e+00,5.560356560000000448e-01,0.000000000000000000e+00,0.000000000000000000e+00,0.000000000000000000e+00,0.000000000000000000e+00,4.000000000000000000e+00
1.436882340000000108e-04,2.056082749999999848e+00,1.500047099999999967e+00,2.851581340000000075e+00,5.560356459999999945e-01,0.000000000000000000e+00,0.000000000000000000e+00,0.000000000000000000e+00,0.000000000000000000e+00,4.000000000000000000e+00
1.438882339999999886e-04,2.056082739999999909e+00,1.500047099999999967e+00,2.851580840000000006e+00,5.560356370000000270e-01,0.000000000000000000e+00,0.000000000000000000e+00,0.000000000000000000e+00,0.000000000000000000e+00,4.000000000000000000e+00
1.440882339999999934e-04,2.056082729999999970e+00,1.500047099999999967e+00,2.851580339999999936e+00,5.560356269999999768e-01,0.000000000000000000e+00,0.000000000000000000e+00,0.000000000000000000e+00,0.000000000000000000e+00,4.000000000000000000e+00
1.442882339999999983e-04,2.056082720000000030e+00,1.500047099999999967e+00,2.851579839999999866e+00,5.560356180000000093e-01,0.000000000000000000e+00,0.000000000000000000e+00,0.000000000000000000e+00,0.000000000000000000e+00,4.000000000000000000e+00
1.444882340000000031e-04,2.056082710000000091e+00,1.500047099999999967e+00,2.851579339999999796e+00,5.560356090000000417e-01,0.000000000000000000e+00,0.000000000000000000e+00,0.000000000000000000e+00,0.000000000000000000e+00,4.000000000000000000e+00
1.446882340000000080e-04,2.056082700000000152e+00,1.500047099999999967e+00,2.851578840000000170e+00,5.560355989999999915e-01,0.000000000000000000e+00,0.000000000000000000e+00,0.000000000000000000e+00,0.000000000000000000e+00,4.000000000000000000e+00
1.448882340000000129e-04,2.056082690000000213e+00,1.500047099999999967e+00,2.851578340000000100e+00,5.560355900000000240e-01,0.000000000000000000e+00,0.000000000000000000e+00,0.000000000000000000e+00,0.000000000000000000e+00,4.000000000000000000e+00
1.450882339999999906e-04,2.056082679999999829e+00,1.500047099999999967e+00,2.851577840000000030e+00,5.560355799999999737e-01,0.000000000000000000e+00,0.000000000000000000e+00,0.000000000000000000e+00,0.000000000000000000e+00,4.000000000000000000e+00
1.452882339999999955e-04,2.056082669999999890e+00,1.500047099999999967e+00,2.851577339999999960e+00,5.560355710000000062e-01,0.000000000000000000e+00,0.000000000000000000e+00,0.000000000000000000e+00,0.000000000000000000e+00,4.000000000000000000e+00
1.454882340000000003e-04,2.056082659999999951e+00,1.500047099999999967e+00,2.851576839999999891e+00,5.560355620000000387e-01,0.000000000000000000e+00,0.000000000000000000e+00,0.000000000000000000e+00,0.000000000000000000e+00,4.000000000000000000e+00
1.456882340000000052e-04,2.056082650000000012e+00,1.500047099999999967e+00,2.851576339999999821e+00,5.560355519999999885e-01,0.000000000000000000e+00,0.000000000000000000e+00,0.000000000000000000e+00,0.000000000000000000e+00,4.000000000000000000e+00
1.458882340000000101e-04,2.056082640000000072e+00,1.500047099999999967e+00,2.851575840000000195e+00,5.560355430000000210e-01,0.000000000000000000e+00,0.000000000000000000e+00,0.000000000000000000e+00,0.000000000000000000e+00,4.000000000000000000e+00
1.460882339999999878e-04,2.056082630000000133e+00,1.500047099999999967e+00,2.851575340000000125e+00,5.560355340000000535e-01,0.000000000000000000e+00,0.000000000000000000e+00,0.000000000000000000e+00,0.000000000000000000e+00,4.000000000000000000e+00
1.462882339999999927e-04,2.056082620000000194e+00,1.500047099999999967e+00,2.851574840000000055e+00,5.560355240000000032e-01,0.000000000000000000e+00,0.000000000000000000e+00,0.000000000000000000e+00,0.000000000000000000e+00,4.000000000000000000e+00
1.464882339999999976e-04,2.056082609999999811e+00,1.500047099999999967e+00,2.851574339999999985e+00,5.560355150000000357e-01,0.000000000000000000e+00,0.000000000000000000e+00,0.000000000000000000e+00,0.000000000000000000e+00,4.000000000000000000e+00
1.466882340000000024e-04,2.056082599999999871e+00,1.500047099999999967e+00,2.851573839999999915e+00,5.560355049999999855e-01,0.000000000000000000e+00,0.000000000000000000e+00,0.000000000000000000e+00,0.000000000000000000e+00,4.000000000000000000e+00
1.468882340000000073e-04,2.056082589999999932e+00,1.500047099999999967e+00,2.851573339999999845e+00,5.560354960000000180e-01,0.000000000000000000e+00,0.000000000000000000e+00,0.000000000000000000e+00,0.000000000000000000e+00,4.000000000000000000e+00
1.470882340000000121e-04,2.056082589999999932e+00,1.500047099999999967e+00,2.851572840000000220e+00,5.560354870000000505e-01,0.000000000000000000e+00,0.000000000000000000e+00,0.000000000000000000e+00,0.000000000000000000e+00,4.000000000000000000e+00
1.472882339999999899e-04,2.056082579999999993e+00,1.500047099999999967e+00,2.851572340000000150e+00,5.560354770000000002e-01,0.000000000000000000e+00,0.000000000000000000e+00,0.000000000000000000e+00,0.000000000000000000e+00,4.000000000000000000e+00
1.474882339999999948e-04,2.056082570000000054e+00,1.500047099999999967e+00,2.851571840000000080e+00,5.560354680000000327e-01,0.000000000000000000e+00,0.000000000000000000e+00,0.000000000000000000e+00,0.000000000000000000e+00,4.000000000000000000e+00
1.476882339999999996e-04,2.056082560000000115e+00,1.500047099999999967e+00,2.851571340000000010e+00,5.560354579999999824e-01,0.000000000000000000e+00,0.000000000000000000e+00,0.000000000000000000e+00,0.000000000000000000e+00,4.000000000000000000e+00
1.478882340000000045e-04,2.056082550000000175e+00,1.500047099999999967e+00,2.851570839999999940e+00,5.560354490000000149e-01,0.000000000000000000e+00,0.000000000000000000e+00,0.000000000000000000e+00,0.000000000000000000e+00,4.000000000000000000e+00
1.480882340000000093e-04,2.056082539999999792e+00,1.500047099999999967e+00,2.851570339999999870e+00,5.560354400000000474e-01,0.000000000000000000e+00,0.000000000000000000e+00,0.000000000000000000e+00,0.000000000000000000e+00,4.000000000000000000e+00
1.482882339999999871e-04,2.056082529999999853e+00,1.500047099999999967e+00,2.851569839999999800e+00,5.560354299999999972e-01,0.000000000000000000e+00,0.000000000000000000e+00,0.000000000000000000e+00,0.000000000000000000e+00,4.000000000000000000e+00
1.484882339999999920e-04,2.056082519999999914e+00,1.500047099999999967e+00,2.851569340000000174e+00,5.560354210000000297e-01,0.000000000000000000e+00,0.000000000000000000e+00,0.000000000000000000e+00,0.000000000000000000e+00,4.000000000000000000e+00
1.486882339999999968e-04,2.056082509999999974e+00,1.500047099999999967e+00,2.851568840000000105e+00,5.560354119999999511e-01,0.000000000000000000e+00,0.000000000000000000e+00,0.000000000000000000e+00,0.000000000000000000e+00,4.000000000000000000e+00
1.488882340000000017e-04,2.056082500000000035e+00,1.500047099999999967e+00,2.851568340000000035e+00,5.560354020000000119e-01,0.000000000000000000e+00,0.000000000000000000e+00,0.000000000000000000e+00,0.000000000000000000e+00,4.000000000000000000e+00
1.490882340000000065e-04,2.056082490000000096e+00,1.500047099999999967e+00,2.851567839999999965e+00,5.560353930000000444e-01,0.000000000000000000e+00,0.000000000000000000e+00,0.000000000000000000e+00,0.000000000000000000e+00,4.000000000000000000e+00
1.492882340000000114e-04,2.056082480000000157e+00,1.500047099999999967e+00,2.851567339999999895e+00,5.560353829999999942e-01,0.000000000000000000e+00,0.000000000000000000e+00,0.000000000000000000e+00,0.000000000000000000e+00,4.000000000000000000e+00
1.494882339999999892e-04,2.056082470000000217e+00,1.500047099999999967e+00,2.851566839999999825e+00,5.560353740000000267e-01,0.000000000000000000e+00,0.000000000000000000e+00,0.000000000000000000e+00,0.000000000000000000e+00,4.000000000000000000e+00
1.496882339999999940e-04,2.056082459999999834e+00,1.500047099999999967e+00,2.851566340000000199e+00,5.560353649999999481e-01,0.000000000000000000e+00,0.000000000000000000e+00,0.000000000000000000e+00,0.000000000000000000e+00,4.000000000000000000e+00
1.498882339999999989e-04,2.056082449999999895e+00,1.500047099999999967e+00,2.851565840000000129e+00,5.560353550000000089e-01,0.000000000000000000e+00,0.000000000000000000e+00,0.000000000000000000e+00,0.000000000000000000e+00,4.000000000000000000e+00
1.500882340000000037e-04,2.056082439999999956e+00,1.500047099999999967e+00,2.851565340000000059e+00,5.560353460000000414e-01,0.000000000000000000e+00,0.000000000000000000e+00,0.000000000000000000e+00,0.000000000000000000e+00,4.000000000000000000e+00
1.502882340000000086e-04,2.056082430000000016e+00,1.500047099999999967e+00,2.851564839999999990e+00,5.560353359999999912e-01,0.000000000000000000e+00,0.000000000000000000e+00,0.000000000000000000e+00,0.000000000000000000e+00,4.000000000000000000e+00
1.504882340000000135e-04,2.056082430000000016e+00,1.500047099999999967e+00,2.851564339999999920e+00,5.560353270000000236e-01,0.000000000000000000e+00,0.000000000000000000e+00,0.000000000000000000e+00,0.000000000000000000e+00,4.000000000000000000e+00
1.506882339999999912e-04,2.056082420000000077e+00,1.500047099999999967e+00,2.851563839999999850e+00,5.560353179999999451e-01,0.000000000000000000e+00,0.000000000000000000e+00,0.000000000000000000e+00,0.000000000000000000e+00,4.000000000000000000e+00
1.508882339999999961e-04,2.056082410000000138e+00,1.500047099999999967e+00,2.851563339999999780e+00,5.560353080000000059e-01,0.000000000000000000e+00,0.000000000000000000e+00,0.000000000000000000e+00,0.000000000000000000e+00,4.000000000000000000e+00
1.510882340000000009e-04,2.056082400000000199e+00,1.500047099999999967e+00,2.851562840000000154e+00,5.560352990000000384e-01,0.000000000000000000e+00,0.000000000000000000e+00,0.000000000000000000e+00,0.000000000000000000e+00,4.000000000000000000e+00
1.512882340000000058e-04,2.056082389999999815e+00,1.500047099999999967e+00,2.851562340000000084e+00,5.560352889999999881e-01,0.000000000000000000e+00,0.000000000000000000e+00,0.000000000000000000e+00,0.000000000000000000e+00,4.000000000000000000e+00
1.514882340000000107e-04,2.056082379999999876e+00,1.500047099999999967e+00,2.851561840000000014e+00,5.560352800000000206e-01,0.000000000000000000e+00,0.000000000000000000e+00,0.000000000000000000e+00,0.000000000000000000e+00,4.000000000000000000e+00
1.516882339999999884e-04,2.056082369999999937e+00,1.500047099999999967e+00,2.851561339999999944e+00,5.560352710000000531e-01,0.000000000000000000e+00,0.000000000000000000e+00,0.000000000000000000e+00,0.000000000000000000e+00,4.000000000000000000e+00
1.518882339999999933e-04,2.056082359999999998e+00,1.500047099999999967e+00,2.851560839999999875e+00,5.560352610000000029e-01,0.000000000000000000e+00,0.000000000000000000e+00,0.000000000000000000e+00,0.000000000000000000e+00,4.000000000000000000e+00
1.520882339999999981e-04,2.056082350000000059e+00,1.500047099999999967e+00,2.851560339999999805e+00,5.560352520000000354e-01,0.000000000000000000e+00,0.000000000000000000e+00,0.000000000000000000e+00,0.000000000000000000e+00,4.000000000000000000e+00
1.522882340000000030e-04,2.056082340000000119e+00,1.500047099999999967e+00,2.851559840000000179e+00,5.560352429999999568e-01,0.000000000000000000e+00,0.000000000000000000e+00,0.000000000000000000e+00,0.000000000000000000e+00,4.000000000000000000e+00
1.524882340000000079e-04,2.056082330000000180e+00,1.500047099999999967e+00,2.851559340000000109e+00,5.560352330000000176e-01,0.000000000000000000e+00,0.000000000000000000e+00,0.000000000000000000e+00,0.000000000000000000e+00,4.000000000000000000e+00
1.526882340000000127e-04,2.056082319999999797e+00,1.500047099999999967e+00,2.851558840000000039e+00,5.560352240000000501e-01,0.000000000000000000e+00,0.000000000000000000e+00,0.000000000000000000e+00,0.000000000000000000e+00,4.000000000000000000e+00
1.528882339999999905e-04,2.056082309999999858e+00,1.500047099999999967e+00,2.851558339999999969e+00,5.560352139999999999e-01,0.000000000000000000e+00,0.000000000000000000e+00,0.000000000000000000e+00,0.000000000000000000e+00,4.000000000000000000e+00
1.530882339999999953e-04,2.056082299999999918e+00,1.500047099999999967e+00,2.851557839999999899e+00,5.560352050000000323e-01,0.000000000000000000e+00,0.000000000000000000e+00,0.000000000000000000e+00,0.000000000000000000e+00,4.000000000000000000e+00
1.532882340000000002e-04,2.056082289999999979e+00,1.500047099999999967e+00,2.851557339999999829e+00,5.560351959999999538e-01,0.000000000000000000e+00,0.000000000000000000e+00,0.000000000000000000e+00,0.000000000000000000e+00,4.000000000000000000e+00
1.534882340000000051e-04,2.056082280000000040e+00,1.500047099999999967e+00,2.851556840000000204e+00,5.560351860000000146e-01,0.000000000000000000e+00,0.000000000000000000e+00,0.000000000000000000e+00,0.000000000000000000e+00,4.000000000000000000e+00
1.536882340000000099e-04,2.056082270000000101e+00,1.500047099999999967e+00,2.851556340000000134e+00,5.560351770000000471e-01,0.000000000000000000e+00,0.000000000000000000e+00,0.000000000000000000e+00,0.000000000000000000e+00,4.000000000000000000e+00
1.538882339999999877e-04,2.056082270000000101e+00,1.500047099999999967e+00,2.851555840000000064e+00,5.560351669999999968e-01,0.000000000000000000e+00,0.000000000000000000e+00,0.000000000000000000e+00,0.000000000000000000e+00,4.000000000000000000e+00
1.540882339999999925e-04,2.056082260000000161e+00,1.500047099999999967e+00,2.851555339999999994e+00,5.560351580000000293e-01,0.000000000000000000e+00,0.000000000000000000e+00,0.000000000000000000e+00,0.000000000000000000e+00,4.000000000000000000e+00
1.542882339999999974e-04,2.056082249999999778e+00,1.500047099999999967e+00,2.851554839999999924e+00,5.560351489999999508e-01,0.000000000000000000e+00,0.000000000000000000e+00,0.000000000000000000e+00,0.000000000000000000e+00,4.000000000000000000e+00
1.544882340000000023e-04,2.056082239999999839e+00,1.500047099999999967e+00,2.851554339999999854e+00,5.560351390000000116e-01,0.000000000000000000e+00,0.000000000000000000e+00,0.000000000000000000e+00,0.000000000000000000e+00,4.000000000000000000e+00
1.546882340000000071e-04,2.056082229999999900e+00,1.500047099999999967e+00,2.851553839999999784e+00,5.560351300000000441e-01,0.000000000000000000e+00,0.000000000000000000e+00,0.000000000000000000e+00,0.000000000000000000e+00,4.000000000000000000e+00
1.548882340000000120e-04,2.056082219999999960e+00,1.500047099999999967e+00,2.851553340000000158e+00,5.560351199999999938e-01,0.000000000000000000e+00,0.000000000000000000e+00,0.000000000000000000e+00,0.000000000000000000e+00,4.000000000000000000e+00
1.550882339999999898e-04,2.056082210000000021e+00,1.500047099999999967e+00,2.851552840000000089e+00,5.560351110000000263e-01,0.000000000000000000e+00,0.000000000000000000e+00,0.000000000000000000e+00,0.000000000000000000e+00,4.000000000000000000e+00
1.552882339999999946e-04,2.056082200000000082e+00,1.500047099999999967e+00,2.851552340000000019e+00,5.560351019999999478e-01,0.000000000000000000e+00,0.000000000000000000e+00,0.000000000000000000e+00,0.000000000000000000e+00,4.000000000000000000e+00
1.554882339999999995e-04,2.056082190000000143e+00,1.500047099999999967e+00,2.851551839999999949e+00,5.560350920000000086e-01,0.000000000000000000e+00,0.000000000000000000e+00,0.000000000000000000e+00,0.000000000000000000e+00,4.000000000000000000e+00
1.556882340000000043e-04,2.056082180000000204e+00,1.500047099999999967e+00,2.851551339999999879e+00,5.560350830000000411e-01,0.000000000000000000e+00,0.000000000000000000e+00,0.000000000000000000e+00,0.000000000000000000e+00,4.000000000000000000e+00
1.558882340000000092e-04,2.056082169999999820e+00,1.500047099999999967e+00,2.851550839999999809e+00,5.560350739999999625e-01,0.000000000000000000e+00,0.000000000000000000e+00,0.000000000000000000e+00,0.000000000000000000e+00,4.000000000000000000e+00
1.560882339999999870e-04,2.056082159999999881e+00,1.500047099999999967e+00,2.851550340000000183e+00,5.560350640000000233e-01,0.000000000000000000e+00,0.000000000000000000e+00,0.000000000000000000e+00,0.000000000000000000e+00,4.000000000000000000e+00
1.562882339999999918e-04,2.056082149999999942e+00,1.500047099999999967e+00,2.851549840000000113e+00,5.560350549999999448e-01,0.000000000000000000e+00,0.000000000000000000e+00,0.000000000000000000e+00,0.000000000000000000e+00,4.000000000000000000e+00
1.564882339999999967e-04,2.056082140000000003e+00,1.500047099999999967e+00,2.851549340000000043e+00,5.560350450000000055e-01,0.000000000000000000e+00,0.000000000000000000e+00,0.000000000000000000e+00,0.000000000000000000e+00,4.000000000000000000e+00
1.566882340000000015e-04,2.056082130000000063e+00,1.500047099999999967e+00,2.851548839999999974e+00,5.560350360000000380e-01,0.000000000000000000e+00,0.000000000000000000e+00,0.000000000000000000e+00,0.000000000000000000e+00,4.000000000000000000e+00
1.568882340000000064e-04,2.056082120000000124e+00,1.500047099999999967e+00,2.851548339999999904e+00,5.560350269999999595e-01,0.000000000000000000e+00,0.000000000000000000e+00,0.000000000000000000e+00,0.000000000000000000e+00,4.000000000000000000e+00
1.570882340000000113e-04,2.056082120000000124e+00,1.500047099999999967e+00,2.851547839999999834e+00,5.560350170000000203e-01,0.000000000000000000e+00,0.000000000000000000e+00,0.000000000000000000e+00,0.000000000000000000e+00,4.000000000000000000e+00
1.572882339999999890e-04,2.056082110000000185e+00,1.500047099999999967e+00,2.851547340000000208e+00,5.560350080000000528e-01,0.000000000000000000e+00,0.000000000000000000e+00,0.000000000000000000e+00,0.000000000000000000e+00,4.000000000000000000e+00
1.574882339999999939e-04,2.056082099999999802e+00,1.500047099999999967e+00,2.851546840000000138e+00,5.560349980000000025e-01,0.000000000000000000e+00,0.000000000000000000e+00,0.000000000000000000e+00,0.000000000000000000e+00,4.000000000000000000e+00
1.576882339999999987e-04,2.056082089999999862e+00,1.500047099999999967e+00,2.851546340000000068e+00,5.560349890000000350e-01,0.000000000000000000e+00,0.000000000000000000e+00,0.000000000000000000e+00,0.000000000000000000e+00,4.000000000000000000e+00
1.578882340000000036e-04,2.056082079999999923e+00,1.500047099999999967e+00,2.851545839999999998e+00,5.560349799999999565e-01,0.000000000000000000e+00,0.000000000000000000e+00,0.000000000000000000e+00,0.000000000000000000e+00,4.000000000000000000e+00
1.580882340000000085e-04,2.056082069999999984e+00,1.500047099999999967e+00,2.851545339999999928e+00,5.560349700000000173e-01,0.000000000000000000e+00,0.000000000000000000e+00,0.000000000000000000e+00,0.000000000000000000e+00,4.000000000000000000e+00
1.582882340000000133e-04,2.056082060000000045e+00,1.500047099999999967e+00,2.851544839999999859e+00,5.560349610000000498e-01,0.000000000000000000e+00,0.000000000000000000e+00,0.000000000000000000e+00,0.000000000000000000e+00,4.000000000000000000e+00
1.584882339999999911e-04,2.056082050000000105e+00,1.500047099999999967e+00,2.851544339999999789e+00,5.560349509999999995e-01,0.000000000000000000e+00,0.000000000000000000e+00,0.000000000000000000e+00,0.000000000000000000e+00,4.000000000000000000e+00
1.586882339999999959e-04,2.056082040000000166e+00,1.500047099999999967e+00,2.851543840000000163e+00,5.560349420000000320e-01,0.000000000000000000e+00,0.000000000000000000e+00,0.000000000000000000e+00,0.000000000000000000e+00,4.000000000000000000e+00
1.588882340000000008e-04,2.056082029999999783e+00,1.500047099999999967e+00,2.851543340000000093e+00,5.560349329999999535e-01,0.000000000000000000e+00,0.000000000000000000e+00,0.000000000000000000e+00,0.000000000000000000e+00,4.000000000000000000e+00
1.590882340000000057e-04,2.056082019999999844e+00,1.500047099999999967e+00,2.851542840000000023e+00,5.560349230000000142e-01,0.000000000000000000e+00,0.000000000000000000e+00,0.000000000000000000e+00,0.000000000000000000e+00,4.000000000000000000e+00
1.592882340000000105e-04,2.056082009999999904e+00,1.500047099999999967e+00,2.851542339999999953e+00,5.560349140000000467e-01,0.000000000000000000e+00,0.000000000000000000e+00,0.000000000000000000e+00,0.000000000000000000e+00,4.000000000000000000e+00
1.594882339999999883e-04,2.056081999999999965e+00,1.500047099999999967e+00,2.851541839999999883e+00,5.560349049999999682e-01,0.000000000000000000e+00,0.000000000000000000e+00,0.000000000000000000e+00,0.000000000000000000e+00,4.000000000000000000e+00
1.596882339999999931e-04,2.056081990000000026e+00,1.500047099999999967e+00,2.851541339999999813e+00,5.560348950000000290e-01,0.000000000000000000e+00,0.000000000000000000e+00,0.000000000000000000e+00,0.000000000000000000e+00,4.000000000000000000e+00
1.598882339999999980e-04,2.056081980000000087e+00,1.500047099999999967e+00,2.851540840000000188e+00,5.560348859999999505e-01,0.000000000000000000e+00,0.000000000000000000e+00,0.000000000000000000e+00,0.000000000000000000e+00,4.000000000000000000e+00
1.708882339999999943e-04,2.056081470000000078e+00,1.500047099999999967e+00,2.851513339999999896e+00,5.560343690000000283e-01,0.000000000000000000e+00,0.000000000000000000e+00,0.000000000000000000e+00,0.000000000000000000e+00,4.000000000000000000e+00
1.908882339999999926e-04,2.056080530000000017e+00,1.500047099999999967e+00,2.851463340000000013e+00,5.560334310000000224e-01,0.000000000000000000e+00,0.000000000000000000e+00,0.000000000000000000e+00,0.000000000000000000e+00,4.000000000000000000e+00
2.108882339999999908e-04,2.056079589999999957e+00,1.500047090000000027e+00,2.851413340000000129e+00,5.560324920000000448e-01,0.000000000000000000e+00,0.000000000000000000e+00,0.000000000000000000e+00,0.000000000000000000e+00,4.000000000000000000e+00
2.308882339999999891e-04,2.056078649999999897e+00,1.500047090000000027e+00,2.851363339999999802e+00,5.560315529999999562e-01,0.000000000000000000e+00,0.000000000000000000e+00,0.000000000000000000e+00,0.000000000000000000e+00,4.000000000000000000e+00
2.508882339999999873e-04,2.056077709999999836e+00,1.500047090000000027e+00,2.851313349999999858e+00,5.560306149999999503e-01,0.000000000000000000e+00,0.000000000000000000e+00,0.000000000000000000e+00,0.000000000000000000e+00,4.000000000000000000e+00
2.708882339999999856e-04,2.056076770000000220e+00,1.500047090000000027e+00,2.851263359999999913e+00,5.560296759999999727e-01,0.000000000000000000e+00,0.000000000000000000e+00,0.000000000000000000e+00,0.000000000000000000e+00,4.000000000000000000e+00
2.908882339999999838e-04,2.056075830000000160e+00,1.500047090000000027e+00,2.851213369999999969e+00,5.560287379999999668e-01,0.000000000000000000e+00,0.000000000000000000e+00,0.000000000000000000e+00,0.000000000000000000e+00,4.000000000000000000e+00
3.108882339999999821e-04,2.056074890000000099e+00,1.500047090000000027e+00,2.851163380000000025e+00,5.560277999999999610e-01,0.000000000000000000e+00,0.000000000000000000e+00,0.000000000000000000e+00,0.000000000000000000e+00,4.000000000000000000e+00
3.308882339999999803e-04,2.056073950000000039e+00,1.500047080000000088e+00,2.851113400000000020e+00,5.560268609999999834e-01,0.000000000000000000e+00,0.000000000000000000e+00,0.000000000000000000e+00,0.000000000000000000e+00,4.000000000000000000e+00
3.508882339999999786e-04,2.056073009999999979e+00,1.500047080000000088e+00,2.851063410000000076e+00,5.560259229999999775e-01,0.000000000000000000e+00,0.000000000000000000e+00,0.000000000000000000e+00,0.000000000000000000e+00,4.000000000000000000e+00
3.708882339999999768e-04,2.056072069999999918e+00,1.500047080000000088e+00,2.851013430000000071e+00,5.560249849999999716e-01,0.000000000000000000e+00,0.000000000000000000e+00,0.000000000000000000e+00,0.000000000000000000e+00,4.000000000000000000e+00
3.908882339999999751e-04,2.056071129999999858e+00,1.500047080000000088e+00,2.850963450000000066e+00,5.560240469999999657e-01,0.000000000000000000e+00,0.000000000000000000e+00,0.000000000000000000e+00,0.000000000000000000e+00,4.000000000000000000e+00
4.108882339999999733e-04,2.056070189999999798e+00,1.500047080000000088e+00,2.850913470000000061e+00,5.560231079999999881e-01,0.000000000000000000e+00,0.000000000000000000e+00,0.000000000000000000e+00,0.000000000000000000e+00,4.000000000000000000e+00
4.308882340000000258e-04,2.056069250000000181e+00,1.500047080000000088e+00,2.850863490000000056e+00,5.560221699999999823e-01,0.000000000000000000e+00,0.000000000000000000e+00,0.000000000000000000e+00,0.000000000000000000e+00,4.000000000000000000e+00
4.508882340000000240e-04,2.056068310000000121e+00,1.500047069999999927e+00,2.850813519999999990e+00,5.560212319999999764e-01,0.000000000000000000e+00,0.000000000000000000e+00,0.000000000000000000e+00,0.000000000000000000e+00,4.000000000000000000e+00
4.708882340000000223e-04,2.056067370000000061e+00,1.500047069999999927e+00,2.850763549999999924e+00,5.560202950000000532e-01,0.000000000000000000e+00,0.000000000000000000e+00,0.000000000000000000e+00,0.000000000000000000e+00,4.000000000000000000e+00
4.908882340000000205e-04,2.056066430000000000e+00,1.500047069999999927e+00,2.850713579999999858e+00,5.560193570000000474e-01,0.000000000000000000e+00,0.000000000000000000e+00,0.000000000000000000e+00,0.000000000000000000e+00,4.000000000000000000e+00
5.108882339999999645e-04,2.056065489999999940e+00,1.500047069999999927e+00,2.850663609999999792e+00,5.560184190000000415e-01,0.000000000000000000e+00,0.000000000000000000e+00,0.000000000000000000e+00,0.000000000000000000e+00,4.000000000000000000e+00
5.308882340000000170e-04,2.056064549999999880e+00,1.500047069999999927e+00,2.850613640000000171e+00,5.560174810000000356e-01,0.000000000000000000e+00,0.000000000000000000e+00,0.000000000000000000e+00,0.000000000000000000e+00,4.000000000000000000e+00
5.508882339999999610e-04,2.056063609999999819e+00,1.500047069999999927e+00,2.850563670000000105e+00,5.560165430000000297e-01,0.000000000000000000e+00,0.000000000000000000e+00,0.000000000000000000e+00,0.000000000000000000e+00,4.000000000000000000e+00
5.708882340000000135e-04,2.056062670000000203e+00,1.500047069999999927e+00,2.850513709999999978e+00,5.560156059999999956e-01,0.000000000000000000e+00,0.000000000000000000e+00,0.000000000000000000e+00,0.000000000000000000e+00,4.000000000000000000e+00
5.908882339999999575e-04,2.056061730000000143e+00,1.500047059999999988e+00,2.850463749999999852e+00,5.560146679999999897e-01,0.000000000000000000e+00,0.000000000000000000e+00,0.000000000000000000e+00,0.000000000000000000e+00,4.000000000000000000e+00
6.108882340000000100e-04,2.056060790000000083e+00,1.500047059999999988e+00,2.850413790000000169e+00,5.560137309999999555e-01,0.000000000000000000e+00,0.000000000000000000e+00,0.000000000000000000e+00,0.000000000000000000e+00,4.000000000000000000e+00
6.308882339999999540e-04,2.056059850000000022e+00,1.500047059999999988e+00,2.850363830000000043e+00,5.560127929999999497e-01,0.000000000000000000e+00,0.000000000000000000e+00,0.000000000000000000e+00,0.000000000000000000e+00,4.000000000000000000e+00
6.508882340000000065e-04,2.056058909999999962e+00,1.500047059999999988e+00,2.850313879999999855e+00,5.560118560000000265e-01,0.000000000000000000e+00,0.000000000000000000e+00,0.000000000000000000e+00,0.000000000000000000e+00,4.000000000000000000e+00
6.708882339999999505e-04,2.056057979999999841e+00,1.500047059999999988e+00,2.850263920000000173e+00,5.560109180000000206e-01,0.000000000000000000e+00,0.000000000000000000e+00,0.000000000000000000e+00,0.000000000000000000e+00,4.000000000000000000e+00
6.908882340000000030e-04,2.056057039999999780e+00,1.500047059999999988e+00,2.850213969999999986e+00,5.560099809999999865e-01,0.000000000000000000e+00,0.000000000000000000e+00,0.000000000000000000e+00,0.000000000000000000e+00,4.000000000000000000e+00
7.108882339999999470e-04,2.056056100000000164e+00,1.500047050000000048e+00,2.850164019999999798e+00,5.560090439999999523e-01,0.000000000000000000e+00,0.000000000000000000e+00,0.000000000000000000e+00,0.000000000000000000e+00,4.000000000000000000e+00
7.308882339999999995e-04,2.056055160000000104e+00,1.500047050000000048e+00,2.850114070000000055e+00,5.560081070000000292e-01,0.000000000000000000e+00,0.000000000000000000e+00,0.000000000000000000e+00,0.000000000000000000e+00,4.000000000000000000e+00
7.508882340000000519e-04,2.056054220000000043e+00,1.500047050000000048e+00,2.850064119999999868e+00,5.560071690000000233e-01,0.000000000000000000e+00,0.000000000000000000e+00,0.000000000000000000e+00,0.000000000000000000e+00,4.000000000000000000e+00
7.708882339999999960e-04,2.056053279999999983e+00,1.500047050000000048e+00,2.850014180000000064e+00,5.560062319999999891e-01,0.000000000000000000e+00,0.000000000000000000e+00,0.000000000000000000e+00,0.000000000000000000e+00,4.000000000000000000e+00
7.908882340000000484e-04,2.056052339999999923e+00,1.500047050000000048e+00,2.849964239999999815e+00,5.560052949999999550e-01,0.000000000000000000e+00,0.000000000000000000e+00,0.000000000000000000e+00,0.000000000000000000e+00,4.000000000000000000e+00
8.108882339999999925e-04,2.056051399999999862e+00,1.500047050000000048e+00,2.849914290000000072e+00,5.560043580000000318e-01,0.000000000000000000e+00,0.000000000000000000e+00,0.000000000000000000e+00,0.000000000000000000e+00,4.000000000000000000e+00
8.308882340000000449e-04,2.056050470000000185e+00,1.500047040000000109e+00,2.849864360000000207e+00,5.560034219999999694e-01,0.000000000000000000e+00,0.000000000000000000e+00,0.000000000000000000e+00,0.000000000000000000e+00,4.000000000000000000e+00
8.508882339999999890e-04,2.056049530000000125e+00,1.500047040000000109e+00,2.849814419999999959e+00,5.560024850000000463e-01,0.000000000000000000e+00,0.000000000000000000e+00,0.000000000000000000e+00,0.000000000000000000e+00,4.000000000000000000e+00
8.708882340000000414e-04,2.056048590000000065e+00,1.500047040000000109e+00,2.849764480000000155e+00,5.560015480000000121e-01,0.000000000000000000e+00,0.000000000000000000e+00,0.000000000000000000e+00,0.000000000000000000e+00,4.000000000000000000e+00
8.908882339999999855e-04,2.056047650000000004e+00,1.500047040000000109e+00,2.849714549999999846e+00,5.560006109999999779e-01,0.000000000000000000e+00,0.000000000000000000e+00,0.000000000000000000e+00,0.000000000000000000e+00,4.000000000000000000e+00
9.108882340000000379e-04,2.056046709999999944e+00,1.500047040000000109e+00,2.849664619999999982e+00,5.559996740000000548e-01,0.000000000000000000e+00,0.000000000000000000e+00,0.000000000000000000e+00,0.000000000000000000e+00,4.000000000000000000e+00
9.308882339999999820e-04,2.056045769999999884e+00,1.500047040000000109e+00,2.849614690000000117e+00,5.559987379999999924e-01,0.000000000000000000e+00,0.000000000000000000e+00,0.000000000000000000e+00,0.000000000000000000e+00,4.000000000000000000e+00
9.508882340000000344e-04,2.056044840000000207e+00,1.500047040000000109e+00,2.849564759999999808e+00,5.559978009999999582e-01,0.000000000000000000e+00,0.000000000000000000e+00,0.000000000000000000e+00,0.000000000000000000e+00,4.000000000000000000e+00
9.708882339999999785e-04,2.056043900000000146e+00,1.500047029999999948e+00,2.849514829999999943e+00,5.559968650000000068e-01,0.000000000000000000e+00,0.000000000000000000e+00,0.000000000000000000e+00,0.000000000000000000e+00,4.000000000000000000e+00
9.908882340000000309e-04,2.056042960000000086e+00,1.500047029999999948e+00,2.849464910000000017e+00,5.559959279999999726e-01,0.000000000000000000e+00,0.000000000000000000e+00,0.000000000000000000e+00,0.000000000000000000e+00,4.000000000000000000e+00
1.010888230000000099e-03,2.056042020000000026e+00,1.500047029999999948e+00,2.849414990000000092e+00,5.559949920000000212e-01,0.000000000000000000e+00,0.000000000000000000e+00,0.000000000000000000e+00,0.000000000000000000e+00,4.000000000000000000e+00
1.030888229999999935e-03,2.056041079999999965e+00,1.500047029999999948e+00,2.849365070000000166e+00,5.559940559999999588e-01,0.000000000000000000e+00,0.000000000000000000e+00,0.000000000000000000e+00,0.000000000000000000e+00,4.000000000000000000e+00
1.050888229999999987e-03,2.056040149999999844e+00,1.500047029999999948e+00,2.849315149999999797e+00,5.559931190000000356e-01,0.000000000000000000e+00,0.000000000000000000e+00,0.000000000000000000e+00,0.000000000000000000e+00,4.000000000000000000e+00
1.070888230000000040e-03,2.056039209999999784e+00,1.500047029999999948e+00,2.849265229999999871e+00,5.559921829999999732e-01,0.000000000000000000e+00,0.000000000000000000e+00,0.000000000000000000e+00,0.000000000000000000e+00,4.000000000000000000e+00
1.090888230000000092e-03,2.056038270000000168e+00,1.500047020000000009e+00,2.849215319999999885e+00,5.559912470000000217e-01,0.000000000000000000e+00,0.000000000000000000e+00,0.000000000000000000e+00,0.000000000000000000e+00,4.000000000000000000e+00
1.110888229999999928e-03,2.056037330000000107e+00,1.500047020000000009e+00,2.849165399999999959e+00,5.559903109999999593e-01,0.000000000000000000e+00,0.000000000000000000e+00,0.000000000000000000e+00,0.000000000000000000e+00,4.000000000000000000e+00
1.130888229999999980e-03,2.056036399999999986e+00,1.500047020000000009e+00,2.849115489999999973e+00,5.559893750000000079e-01,0.000000000000000000e+00,0.000000000000000000e+00,0.000000000000000000e+00,0.000000000000000000e+00,4.000000000000000000e+00
1.150888230000000033e-03,2.056035459999999926e+00,1.500047020000000009e+00,2.849065579999999986e+00,5.559884389999999454e-01,0.000000000000000000e+00,0.000000000000000000e+00,0.000000000000000000e+00,0.000000000000000000e+00,4.000000000000000000e+00
1.170888230000000085e-03,2.056034519999999866e+00,1.500047020000000009e+00,2.849015679999999939e+00,5.559875029999999940e-01,0.000000000000000000e+00,0.000000000000000000e+00,0.000000000000000000e+00,0.000000000000000000e+00,4.000000000000000000e+00
1.190888229999999921e-03,2.056033579999999805e+00,1.500047020000000009e+00,2.848965769999999953e+00,5.559865670000000426e-01,0.000000000000000000e+00,0.000000000000000000e+00,0.000000000000000000e+00,0.000000000000000000e+00,4.000000000000000000e+00
1.210888229999999973e-03,2.056032650000000128e+00,1.500047010000000069e+00,2.848915869999999906e+00,5.559856309999999802e-01,0.000000000000000000e+00,0.000000000000000000e+00,0.000000000000000000e+00,0.000000000000000000e+00,4.000000000000000000e+00
1.230888230000000026e-03,2.056031710000000068e+00,1.500047010000000069e+00,2.848865959999999919e+00,5.559846950000000287e-01,0.000000000000000000e+00,0.000000000000000000e+00,0.000000000000000000e+00,0.000000000000000000e+00,4.000000000000000000e+00
1.250888230000000078e-03,2.056030770000000008e+00,1.500047010000000069e+00,2.848816059999999872e+00,5.559837600000000490e-01,0.000000000000000000e+00,0.000000000000000000e+00,0.000000000000000000e+00,0.000000000000000000e+00,4.000000000000000000e+00
1.270888229999999914e-03,2.056029829999999947e+00,1.500047010000000069e+00,2.848766170000000209e+00,5.559828239999999866e-01,0.000000000000000000e+00,0.000000000000000000e+00,0.000000000000000000e+00,0.000000000000000000e+00,4.000000000000000000e+00
1.290888229999999966e-03,2.056028899999999826e+00,1.500047010000000069e+00,2.848716270000000161e+00,5.559818880000000352e-01,0.000000000000000000e+00,0.000000000000000000e+00,0.000000000000000000e+00,0.000000000000000000e+00,4.000000000000000000e+00
1.310888230000000019e-03,2.056027960000000210e+00,1.500047010000000069e+00,2.848666380000000053e+00,5.559809530000000555e-01,0.000000000000000000e+00,0.000000000000000000e+00,0.000000000000000000e+00,0.000000000000000000e+00,4.000000000000000000e+00
1.330888230000000071e-03,2.056027020000000149e+00,1.500047010000000069e+00,2.848616480000000006e+00,5.559800169999999930e-01,0.000000000000000000e+00,0.000000000000000000e+00,0.000000000000000000e+00,0.000000000000000000e+00,4.000000000000000000e+00
1.350888229999999907e-03,2.056026090000000028e+00,1.500046999999999908e+00,2.848566589999999898e+00,5.559790820000000133e-01,0.000000000000000000e+00,0.000000000000000000e+00,0.000000000000000000e+00,0.000000000000000000e+00,4.000000000000000000e+00
1.370888229999999959e-03,2.056025149999999968e+00,1.500046999999999908e+00,2.848516699999999791e+00,5.559781470000000336e-01,0.000000000000000000e+00,0.000000000000000000e+00,0.000000000000000000e+00,0.000000000000000000e+00,4.000000000000000000e+00
1.390888230000000012e-03,2.056024209999999908e+00,1.500046999999999908e+00,2.848466820000000066e+00,5.559772109999999712e-01,0.000000000000000000e+00,0.000000000000000000e+00,0.000000000000000000e+00,0.000000000000000000e+00,4.000000000000000000e+00
1.410888230000000064e-03,2.056023279999999787e+00,1.500046999999999908e+00,2.848416929999999958e+00,5.559762759999999915e-01,0.000000000000000000e+00,0.000000000000000000e+00,0.000000000000000000e+00,0.000000000000000000e+00,4.000000000000000000e+00
1.430888229999999900e-03,2.056022340000000170e+00,1.500046999999999908e+00,2.848367049999999789e+00,5.559753410000000118e-01,0.000000000000000000e+00,0.000000000000000000e+00,0.000000000000000000e+00,0.000000000000000000e+00,4.000000000000000000e+00
1.450888229999999952e-03,2.056021400000000110e+00,1.500046999999999908e+00,2.848317170000000065e+00,5.559744060000000321e-01,0.000000000000000000e+00,0.000000000000000000e+00,0.000000000000000000e+00,0.000000000000000000e+00,4.000000000000000000e+00
1.470888230000000005e-03,2.056020469999999989e+00,1.500046989999999969e+00,2.848267289999999896e+00,5.559734710000000524e-01,0.000000000000000000e+00,0.000000000000000000e+00,0.000000000000000000e+00,0.000000000000000000e+00,4.000000000000000000e+00
1.490888230000000057e-03,2.056019529999999929e+00,1.500046989999999969e+00,2.848217410000000172e+00,5.559725359999999617e-01,0.000000000000000000e+00,0.000000000000000000e+00,0.000000000000000000e+00,0.000000000000000000e+00,4.000000000000000000e+00
1.510888229999999893e-03,2.056018589999999868e+00,1.500046989999999969e+00,2.848167530000000003e+00,5.559716009999999820e-01,0.000000000000000000e+00,0.000000000000000000e+00,0.000000000000000000e+00,0.000000000000000000e+00,4.000000000000000000e+00
1.530888229999999945e-03,2.056017660000000191e+00,1.500046989999999969e+00,2.848117660000000217e+00,5.559706660000000022e-01,0.000000000000000000e+00,0.000000000000000000e+00,0.000000000000000000e+00,0.000000000000000000e+00,4.000000000000000000e+00
1.550888229999999998e-03,2.056016720000000131e+00,1.500046989999999969e+00,2.848067789999999988e+00,5.559697310000000225e-01,0.000000000000000000e+00,0.000000000000000000e+00,0.000000000000000000e+00,0.000000000000000000e+00,4.000000000000000000e+00
1.570888230000000050e-03,2.056015780000000071e+00,1.500046989999999969e+00,2.848017920000000203e+00,5.559687960000000428e-01,0.000000000000000000e+00,0.000000000000000000e+00,0.000000000000000000e+00,0.000000000000000000e+00,4.000000000000000000e+00
1.590888230000000103e-03,2.056014849999999949e+00,1.500046989999999969e+00,2.847968049999999973e+00,5.559678609999999521e-01,0.000000000000000000e+00,0.000000000000000000e+00,0.000000000000000000e+00,0.000000000000000000e+00,4.000000000000000000e+00
1.610888229999999938e-03,2.056013909999999889e+00,1.500046980000000030e+00,2.847918180000000188e+00,5.559669270000000552e-01,0.000000000000000000e+00,0.000000000000000000e+00,0.000000000000000000e+00,0.000000000000000000e+00,4.000000000000000000e+00
1.630888229999999991e-03,2.056012969999999829e+00,1.500046980000000030e+00,2.847868319999999898e+00,5.559659919999999644e-01,0.000000000000000000e+00,0.000000000000000000e+00,0.000000000000000000e+00,0.000000000000000000e+00,4.000000000000000000e+00
1.650888230000000043e-03,2.056012040000000152e+00,1.500046980000000030e+00,2.847818460000000051e+00,5.559650569999999847e-01,0.000000000000000000e+00,0.000000000000000000e+00,0.000000000000000000e+00,0.000000000000000000e+00,4.000000000000000000e+00
1.670888230000000096e-03,2.056011100000000091e+00,1.500046980000000030e+00,2.847768600000000205e+00,5.559641229999999767e-01,0.000000000000000000e+00,0.000000000000000000e+00,0.000000000000000000e+00,0.000000000000000000e+00,4.000000000000000000e+00
1.690888229999999931e-03,2.056010169999999970e+00,1.500046980000000030e+00,2.847718739999999915e+00,5.559631879999999970e-01,0.000000000000000000e+00,0.000000000000000000e+00,0.000000000000000000e+00,0.000000000000000000e+00,4.000000000000000000e+00
1.710888229999999984e-03,2.056009229999999910e+00,1.500046980000000030e+00,2.847668880000000069e+00,5.559622539999999891e-01,0.000000000000000000e+00,0.000000000000000000e+00,0.000000000000000000e+00,0.000000000000000000e+00,4.000000000000000000e+00
1.730888230000000036e-03,2.056008289999999850e+00,1.500046970000000091e+00,2.847619019999999779e+00,5.559613199999999811e-01,0.000000000000000000e+00,0.000000000000000000e+00,0.000000000000000000e+00,0.000000000000000000e+00,4.000000000000000000e+00
1.750888230000000089e-03,2.056007360000000173e+00,1.500046970000000091e+00,2.847569169999999872e+00,5.559603850000000014e-01,0.000000000000000000e+00,0.000000000000000000e+00,0.000000000000000000e+00,0.000000000000000000e+00,4.000000000000000000e+00
1.770888229999999924e-03,2.056006420000000112e+00,1.500046970000000091e+00,2.847519319999999965e+00,5.559594509999999934e-01,0.000000000000000000e+00,0.000000000000000000e+00,0.000000000000000000e+00,0.000000000000000000e+00,4.000000000000000000e+00
1.790888229999999977e-03,2.056005489999999991e+00,1.500046970000000091e+00,2.847469470000000058e+00,5.559585169999999854e-01,0.000000000000000000e+00,0.000000000000000000e+00,0.000000000000000000e+00,0.000000000000000000e+00,4.000000000000000000e+00
1.810888230000000029e-03,2.056004549999999931e+00,1.500046970000000091e+00,2.847419620000000151e+00,5.559575829999999774e-01,0.000000000000000000e+00,0.000000000000000000e+00,0.000000000000000000e+00,0.000000000000000000e+00,4.000000000000000000e+00
1.830888230000000082e-03,2.056003619999999810e+00,1.500046970000000091e+00,2.847369780000000183e+00,5.559566489999999694e-01,0.000000000000000000e+00,0.000000000000000000e+00,0.000000000000000000e+00,0.000000000000000000e+00,4.000000000000000000e+00
1.850888229999999917e-03,2.056002680000000193e+00,1.500046959999999929e+00,2.847319929999999832e+00,5.559557149999999615e-01,0.000000000000000000e+00,0.000000000000000000e+00,0.000000000000000000e+00,0.000000000000000000e+00,4.000000000000000000e+00
1.870888229999999970e-03,2.056001740000000133e+00,1.500046959999999929e+00,2.847270089999999865e+00,5.559547809999999535e-01,0.000000000000000000e+00,0.000000000000000000e+00,0.000000000000000000e+00,0.000000000000000000e+00,4.000000000000000000e+00
1.890888230000000022e-03,2.056000810000000012e+00,1.500046959999999929e+00,2.847220249999999897e+00,5.559538469999999455e-01,0.000000000000000000e+00,0.000000000000000000e+00,0.000000000000000000e+00,0.000000000000000000e+00,4.000000000000000000e+00
1.910888230000000075e-03,2.055999869999999952e+00,1.500046959999999929e+00,2.847170409999999929e+00,5.559529130000000485e-01,0.000000000000000000e+00,0.000000000000000000e+00,0.000000000000000000e+00,0.000000000000000000e+00,4.000000000000000000e+00
1.930888229999999910e-03,2.055998939999999831e+00,1.500046959999999929e+00,2.847120569999999962e+00,5.559519790000000405e-01,0.000000000000000000e+00,0.000000000000000000e+00,0.000000000000000000e+00,0.000000000000000000e+00,4.000000000000000000e+00
1.950888229999999963e-03,2.055998000000000214e+00,1.500046959999999929e+00,2.847070739999999933e+00,5.559510460000000043e-01,0.000000000000000000e+00,0.000000000000000000e+00,0.000000000000000000e+00,0.000000000000000000e+00,4.000000000000000000e+00
1.970888230000000015e-03,2.055997070000000093e+00,1.500046959999999929e+00,2.847020909999999905e+00,5.559501119999999963e-01,0.000000000000000000e+00,0.000000000000000000e+00,0.000000000000000000e+00,0.000000000000000000e+00,4.000000000000000000e+00
1.990888230000000068e-03,2.055996130000000033e+00,1.500046949999999990e+00,2.846971079999999876e+00,5.559491779999999883e-01,0.000000000000000000e+00,0.000000000000000000e+00,0.000000000000000000e+00,0.000000000000000000e+00,4.000000000000000000e+00
2.010888230000000120e-03,2.055995199999999912e+00,1.500046949999999990e+00,2.846921249999999848e+00,5.559482449999999520e-01,0.000000000000000000e+00,0.000000000000000000e+00,0.000000000000000000e+00,0.000000000000000000e+00,4.000000000000000000e+00
2.030888230000000173e-03,2.055994259999999851e+00,1.500046949999999990e+00,2.846871419999999819e+00,5.559473110000000551e-01,0.000000000000000000e+00,0.000000000000000000e+00,0.000000000000000000e+00,0.000000000000000000e+00,4.000000000000000000e+00
2.050888229999999791e-03,2.055993330000000174e+00,1.500046949999999990e+00,2.846821589999999791e+00,5.559463780000000188e-01,0.000000000000000000e+00,0.000000000000000000e+00,0.000000000000000000e+00,0.000000000000000000e+00,4.000000000000000000e+00
2.070888229999999844e-03,2.055992390000000114e+00,1.500046949999999990e+00,2.846771770000000146e+00,5.559454440000000108e-01,0.000000000000000000e+00,0.000000000000000000e+00,0.000000000000000000e+00,0.000000000000000000e+00,4.000000000000000000e+00
2.090888229999999896e-03,2.055991459999999993e+00,1.500046949999999990e+00,2.846721950000000056e+00,5.559445109999999746e-01,0.000000000000000000e+00,0.000000000000000000e+00,0.000000000000000000e+00,0.000000000000000000e+00,4.000000000000000000e+00
2.110888229999999949e-03,2.055990519999999933e+00,1.500046940000000051e+00,2.846672129999999967e+00,5.559435780000000493e-01,0.000000000000000000e+00,0.000000000000000000e+00,0.000000000000000000e+00,0.000000000000000000e+00,4.000000000000000000e+00
2.130888230000000001e-03,2.055989589999999811e+00,1.500046940000000051e+00,2.846622309999999878e+00,5.559426450000000131e-01,0.000000000000000000e+00,0.000000000000000000e+00,0.000000000000000000e+00,0.000000000000000000e+00,4.000000000000000000e+00
2.150888230000000054e-03,2.055988650000000195e+00,1.500046940000000051e+00,2.846572500000000172e+00,5.559417119999999768e-01,0.000000000000000000e+00,0.000000000000000000e+00,0.000000000000000000e+00,0.000000000000000000e+00,4.000000000000000000e+00
2.170888230000000106e-03,2.055987720000000074e+00,1.500046940000000051e+00,2.846522680000000083e+00,5.559407779999999688e-01,0.000000000000000000e+00,0.000000000000000000e+00,0.000000000000000000e+00,0.000000000000000000e+00,4.000000000000000000e+00
2.190888230000000159e-03,2.055986780000000014e+00,1.500046940000000051e+00,2.846472869999999933e+00,5.559398450000000436e-01,0.000000000000000000e+00,0.000000000000000000e+00,0.000000000000000000e+00,0.000000000000000000e+00,4.000000000000000000e+00
2.210888230000000211e-03,2.055985849999999893e+00,1.500046940000000051e+00,2.846423059999999783e+00,5.559389120000000073e-01,0.000000000000000000e+00,0.000000000000000000e+00,0.000000000000000000e+00,0.000000000000000000e+00,4.000000000000000000e+00
2.230888229999999830e-03,2.055984909999999832e+00,1.500046929999999890e+00,2.846373250000000077e+00,5.559379789999999710e-01,0.000000000000000000e+00,0.000000000000000000e+00,0.000000000000000000e+00,0.000000000000000000e+00,4.000000000000000000e+00
2.250888229999999882e-03,2.055983980000000155e+00,1.500046929999999890e+00,2.846323439999999927e+00,5.559370470000000175e-01,0.000000000000000000e+00,0.000000000000000000e+00,0.000000000000000000e+00,0.000000000000000000e+00,4.000000000000000000e+00
2.270888229999999935e-03,2.055983050000000034e+00,1.500046929999999890e+00,2.846273640000000160e+00,5.559361139999999812e-01,0.000000000000000000e+00,0.000000000000000000e+00,0.000000000000000000e+00,0.000000000000000000e+00,4.000000000000000000e+00
2.290888229999999987e-03,2.055982109999999974e+00,1.500046929999999890e+00,2.846223830000000010e+00,5.559351809999999450e-01,0.000000000000000000e+00,0.000000000000000000e+00,0.000000000000000000e+00,0.000000000000000000e+00,4.000000000000000000e+00
2.310888230000000040e-03,2.055981179999999853e+00,1.500046929999999890e+00,2.846174029999999799e+00,5.559342480000000197e-01,0.000000000000000000e+00,0.000000000000000000e+00,0.000000000000000000e+00,0.000000000000000000e+00,4.000000000000000000e+00
2.330888230000000092e-03,2.055980239999999792e+00,1.500046929999999890e+00,2.846124230000000033e+00,5.559333159999999552e-01,0.000000000000000000e+00,0.000000000000000000e+00,0.000000000000000000e+00,0.000000000000000000e+00,4.000000000000000000e+00
2.350888230000000145e-03,2.055979310000000115e+00,1.500046929999999890e+00,2.846074440000000205e+00,5.559323830000000299e-01,0.000000000000000000e+00,0.000000000000000000e+00,0.000000000000000000e+00,0.000000000000000000e+00,4.000000000000000000e+00
2.370888230000000197e-03,2.055978370000000055e+00,1.500046919999999950e+00,2.846024639999999994e+00,5.559314509999999654e-01,0.000000000000000000e+00,0.000000000000000000e+00,0.000000000000000000e+00,0.000000000000000000e+00,4.000000000000000000e+00
2.390888229999999816e-03,2.055977439999999934e+00,1.500046919999999950e+00,2.845974850000000167e+00,5.559305180000000401e-01,0.000000000000000000e+00,0.000000000000000000e+00,0.000000000000000000e+00,0.000000000000000000e+00,4.000000000000000000e+00
2.410888229999999868e-03,2.055976509999999813e+00,1.500046919999999950e+00,2.845925059999999895e+00,5.559295859999999756e-01,0.000000000000000000e+00,0.000000000000000000e+00,0.000000000000000000e+00,0.000000000000000000e+00,4.000000000000000000e+00
2.430888229999999921e-03,2.055975570000000197e+00,1.500046919999999950e+00,2.845875270000000068e+00,5.559286530000000504e-01,0.000000000000000000e+00,0.000000000000000000e+00,0.000000000000000000e+00,0.000000000000000000e+00,4.000000000000000000e+00
2.450888229999999973e-03,2.055974640000000075e+00,1.500046919999999950e+00,2.845825479999999796e+00,5.559277209999999858e-01,0.000000000000000000e+00,0.000000000000000000e+00,0.000000000000000000e+00,0.000000000000000000e+00,4.000000000000000000e+00
2.470888230000000026e-03,2.055973700000000015e+00,1.500046919999999950e+00,2.845775689999999969e+00,5.559267890000000323e-01,0.000000000000000000e+00,0.000000000000000000e+00,0.000000000000000000e+00,0.000000000000000000e+00,4.000000000000000000e+00
2.490888230000000078e-03,2.055972769999999894e+00,1.500046910000000011e+00,2.845725910000000081e+00,5.559258569999999677e-01,0.000000000000000000e+00,0.000000000000000000e+00,0.000000000000000000e+00,0.000000000000000000e+00,4.000000000000000000e+00
2.510888230000000131e-03,2.055971840000000217e+00,1.500046910000000011e+00,2.845676119999999809e+00,5.559249240000000425e-01,0.000000000000000000e+00,0.000000000000000000e+00,0.000000000000000000e+00,0.000000000000000000e+00,4.000000000000000000e+00
2.530888230000000183e-03,2.055970900000000157e+00,1.500046910000000011e+00,2.845626339999999921e+00,5.559239919999999779e-01,0.000000000000000000e+00,0.000000000000000000e+00,0.000000000000000000e+00,0.000000000000000000e+00,4.000000000000000000e+00
2.550888229999999802e-03,2.055969970000000036e+00,1.500046910000000011e+00,2.845576560000000033e+00,5.559230600000000244e-01,0.000000000000000000e+00,0.000000000000000000e+00,0.000000000000000000e+00,0.000000000000000000e+00,4.000000000000000000e+00
2.570888229999999854e-03,2.055969039999999914e+00,1.500046910000000011e+00,2.845526790000000084e+00,5.559221279999999599e-01,0.000000000000000000e+00,0.000000000000000000e+00,0.000000000000000000e+00,0.000000000000000000e+00,4.000000000000000000e+00
2.590888229999999907e-03,2.055968099999999854e+00,1.500046910000000011e+00,2.845477010000000195e+00,5.559211960000000063e-01,0.000000000000000000e+00,0.000000000000000000e+00,0.000000000000000000e+00,0.000000000000000000e+00,4.000000000000000000e+00
2.610888229999999959e-03,2.055967170000000177e+00,1.500046910000000011e+00,2.845427239999999802e+00,5.559202650000000245e-01,0.000000000000000000e+00,0.000000000000000000e+00,0.000000000000000000e+00,0.000000000000000000e+00,4.000000000000000000e+00
2.630888230000000012e-03,2.055966240000000056e+00,1.500046900000000072e+00,2.845377469999999853e+00,5.559193329999999600e-01,0.000000000000000000e+00,0.000000000000000000e+00,0.000000000000000000e+00,0.000000000000000000e+00,4.000000000000000000e+00
2.650888230000000064e-03,2.055965299999999996e+00,1.500046900000000072e+00,2.845327699999999904e+00,5.559184010000000065e-01,0.000000000000000000e+00,0.000000000000000000e+00,0.000000000000000000e+00,0.000000000000000000e+00,4.000000000000000000e+00
2.670888230000000117e-03,2.055964369999999874e+00,1.500046900000000072e+00,2.845277929999999955e+00,5.559174690000000529e-01,0.000000000000000000e+00,0.000000000000000000e+00,0.000000000000000000e+00,0.000000000000000000e+00,4.000000000000000000e+00
2.690888230000000169e-03,2.055963440000000197e+00,1.500046900000000072e+00,2.845228169999999945e+00,5.559165379999999601e-01,0.000000000000000000e+00,0.000000000000000000e+00,0.000000000000000000e+00,0.000000000000000000e+00,4.000000000000000000e+00
2.710888229999999788e-03,2.055962500000000137e+00,1.500046900000000072e+00,2.845178399999999996e+00,5.559156060000000066e-01,0.000000000000000000e+00,0.000000000000000000e+00,0.000000000000000000e+00,0.000000000000000000e+00,4.000000000000000000e+00
2.730888229999999840e-03,2.055961570000000016e+00,1.500046900000000072e+00,2.845128639999999987e+00,5.559146750000000248e-01,0.000000000000000000e+00,0.000000000000000000e+00,0.000000000000000000e+00,0.000000000000000000e+00,4.000000000000000000e+00
2.750888229999999893e-03,2.055960639999999895e+00,1.500046889999999911e+00,2.845078879999999977e+00,5.559137429999999602e-01,0.000000000000000000e+00,0.000000000000000000e+00,0.000000000000000000e+00,0.000000000000000000e+00,4.000000000000000000e+00
2.770888229999999945e-03,2.055959699999999835e+00,1.500046889999999911e+00,2.845029119999999967e+00,5.559128119999999784e-01,0.000000000000000000e+00,0.000000000000000000e+00,0.000000000000000000e+00,0.000000000000000000e+00,4.000000000000000000e+00
2.790888229999999998e-03,2.055958770000000158e+00,1.500046889999999911e+00,2.844979359999999957e+00,5.559118809999999966e-01,0.000000000000000000e+00,0.000000000000000000e+00,0.000000000000000000e+00,0.000000000000000000e+00,4.000000000000000000e+00
2.810888230000000050e-03,2.055957840000000036e+00,1.500046889999999911e+00,2.844929609999999887e+00,5.559109490000000431e-01,0.000000000000000000e+00,0.000000000000000000e+00,0.000000000000000000e+00,0.000000000000000000e+00,4.000000000000000000e+00
2.830888230000000103e-03,2.055956909999999915e+00,1.500046889999999911e+00,2.844879859999999816e+00,5.559100179999999503e-01,0.000000000000000000e+00,0.000000000000000000e+00,0.000000000000000000e+00,0.000000000000000000e+00,4.000000000000000000e+00
2.850888230000000155e-03,2.055955969999999855e+00,1.500046889999999911e+00,2.844830110000000190e+00,5.559090869999999684e-01,0.000000000000000000e+00,0.000000000000000000e+00,0.000000000000000000e+00,0.000000000000000000e+00,4.000000000000000000e+00
2.870888230000000207e-03,2.055955040000000178e+00,1.500046879999999971e+00,2.844780360000000119e+00,5.559081559999999866e-01,0.000000000000000000e+00,0.000000000000000000e+00,0.000000000000000000e+00,0.000000000000000000e+00,4.000000000000000000e+00
2.890888229999999826e-03,2.055954110000000057e+00,1.500046879999999971e+00,2.844730610000000048e+00,5.559072250000000048e-01,0.000000000000000000e+00,0.000000000000000000e+00,0.000000000000000000e+00,0.000000000000000000e+00,4.000000000000000000e+00
2.910888229999999879e-03,2.055953179999999936e+00,1.500046879999999971e+00,2.844680859999999978e+00,5.559062940000000230e-01,0.000000000000000000e+00,0.000000000000000000e+00,0.000000000000000000e+00,0.000000000000000000e+00,4.000000000000000000e+00
2.930888229999999931e-03,2.055952239999999875e+00,1.500046879999999971e+00,2.844631119999999846e+00,5.559053630000000412e-01,0.000000000000000000e+00,0.000000000000000000e+00,0.000000000000000000e+00,0.000000000000000000e+00,4.000000000000000000e+00
2.950888229999999984e-03,2.055951310000000198e+00,1.500046879999999971e+00,2.844581380000000159e+00,5.559044319999999484e-01,0.000000000000000000e+00,0.000000000000000000e+00,0.000000000000000000e+00,0.000000000000000000e+00,4.000000000000000000e+00
2.970888230000000036e-03,2.055950380000000077e+00,1.500046879999999971e+00,2.844531640000000028e+00,5.559035009999999666e-01,0.000000000000000000e+00,0.000000000000000000e+00,0.000000000000000000e+00,0.000000000000000000e+00,4.000000000000000000e+00
2.990888230000000089e-03,2.055949449999999956e+00,1.500046879999999971e+00,2.844481899999999897e+00,5.559025699999999848e-01,0.000000000000000000e+00,0.000000000000000000e+00,0.000000000000000000e+00,0.000000000000000000e+00,4.000000000000000000e+00
3.010888230000000141e-03,2.055948509999999896e+00,1.500046870000000032e+00,2.844432170000000148e+00,5.559016399999999747e-01,0.000000000000000000e+00,0.000000000000000000e+00,0.000000000000000000e+00,0.000000000000000000e+00,4.000000000000000000e+00
3.030888230000000193e-03,2.055947580000000219e+00,1.500046870000000032e+00,2.844382430000000017e+00,5.559007089999999929e-01,0.000000000000000000e+00,0.000000000000000000e+00,0.000000000000000000e+00,0.000000000000000000e+00,4.000000000000000000e+00
3.050888229999999812e-03,2.055946650000000098e+00,1.500046870000000032e+00,2.844332699999999825e+00,5.558997780000000111e-01,0.000000000000000000e+00,0.000000000000000000e+00,0.000000000000000000e+00,0.000000000000000000e+00,4.000000000000000000e+00
3.070888229999999865e-03,2.055945719999999977e+00,1.500046870000000032e+00,2.844282970000000077e+00,5.558988480000000010e-01,0.000000000000000000e+00,0.000000000000000000e+00,0.000000000000000000e+00,0.000000000000000000e+00,4.000000000000000000e+00
3.090888229999999917e-03,2.055944779999999916e+00,1.500046870000000032e+00,2.844233239999999885e+00,5.558979170000000192e-01,0.000000000000000000e+00,0.000000000000000000e+00,0.000000000000000000e+00,0.000000000000000000e+00,4.000000000000000000e+00
3.110888229999999970e-03,2.055943849999999795e+00,1.500046870000000032e+00,2.844183510000000137e+00,5.558969870000000091e-01,0.000000000000000000e+00,0.000000000000000000e+00,0.000000000000000000e+00,0.000000000000000000e+00,4.000000000000000000e+00
3.130888230000000022e-03,2.055942920000000118e+00,1.500046860000000093e+00,2.844133789999999884e+00,5.558960560000000273e-01,0.000000000000000000e+00,0.000000000000000000e+00,0.000000000000000000e+00,0.000000000000000000e+00,4.000000000000000000e+00
3.150888230000000075e-03,2.055941989999999997e+00,1.500046860000000093e+00,2.844084070000000075e+00,5.558951260000000172e-01,0.000000000000000000e+00,0.000000000000000000e+00,0.000000000000000000e+00,0.000000000000000000e+00,4.000000000000000000e+00
3.170888230000000127e-03,2.055941059999999876e+00,1.500046860000000093e+00,2.844034339999999883e+00,5.558941960000000071e-01,0.000000000000000000e+00,0.000000000000000000e+00,0.000000000000000000e+00,0.000000000000000000e+00,4.000000000000000000e+00
3.190888230000000179e-03,2.055940130000000199e+00,1.500046860000000093e+00,2.843984630000000013e+00,5.558932659999999970e-01,0.000000000000000000e+00,0.000000000000000000e+00,0.000000000000000000e+00,0.000000000000000000e+00,4.000000000000000000e+00
3.210888229999999798e-03,2.055939190000000139e+00,1.500046860000000093e+00,2.843934910000000205e+00,5.558923359999999869e-01,0.000000000000000000e+00,0.000000000000000000e+00,0.000000000000000000e+00,0.000000000000000000e+00,4.000000000000000000e+00
3.230888229999999851e-03,2.055938260000000017e+00,1.500046860000000093e+00,2.843885189999999952e+00,5.558914050000000051e-01,0.000000000000000000e+00,0.000000000000000000e+00,0.000000000000000000e+00,0.000000000000000000e+00,4.000000000000000000e+00
3.250888229999999903e-03,2.055937329999999896e+00,1.500046860000000093e+00,2.843835480000000082e+00,5.558904749999999950e-01,0.000000000000000000e+00,0.000000000000000000e+00,0.000000000000000000e+00,0.000000000000000000e+00,4.000000000000000000e+00
3.270888229999999956e-03,2.055936400000000219e+00,1.500046849999999932e+00,2.843785770000000213e+00,5.558895449999999849e-01,0.000000000000000000e+00,0.000000000000000000e+00,0.000000000000000000e+00,0.000000000000000000e+00,4.000000000000000000e+00
3.290888230000000008e-03,2.055935470000000098e+00,1.500046849999999932e+00,2.843736059999999899e+00,5.558886159999999466e-01,0.000000000000000000e+00,0.000000000000000000e+00,0.000000000000000000e+00,0.000000000000000000e+00,4.000000000000000000e+00
3.310888230000000060e-03,2.055934539999999977e+00,1.500046849999999932e+00,2.843686350000000029e+00,5.558876860000000475e-01,0.000000000000000000e+00,0.000000000000000000e+00,0.000000000000000000e+00,0.000000000000000000e+00,4.000000000000000000e+00
3.330888230000000113e-03,2.055933599999999917e+00,1.500046849999999932e+00,2.843636640000000160e+00,5.558867560000000374e-01,0.000000000000000000e+00,0.000000000000000000e+00,0.000000000000000000e+00,0.000000000000000000e+00,4.000000000000000000e+00
3.350888230000000165e-03,2.055932669999999796e+00,1.500046849999999932e+00,2.843586939999999785e+00,5.558858260000000273e-01,0.000000000000000000e+00,0.000000000000000000e+00,0.000000000000000000e+00,0.000000000000000000e+00,4.000000000000000000e+00
3.370888229999999784e-03,2.055931740000000119e+00,1.500046849999999932e+00,2.843537239999999855e+00,5.558848960000000172e-01,0.000000000000000000e+00,0.000000000000000000e+00,0.000000000000000000e+00,0.000000000000000000e+00,4.000000000000000000e+00
3.390888229999999837e-03,2.055930809999999997e+00,1.500046839999999992e+00,2.843487529999999985e+00,5.558839669999999789e-01,0.000000000000000000e+00,0.000000000000000000e+00,0.000000000000000000e+00,0.000000000000000000e+00,4.000000000000000000e+00
3.410888229999999889e-03,2.055929879999999876e+00,1.500046839999999992e+00,2.843437839999999994e+00,5.558830369999999688e-01,0.000000000000000000e+00,0.000000000000000000e+00,0.000000000000000000e+00,0.000000000000000000e+00,4.000000000000000000e+00
3.430888229999999942e-03,2.055928950000000199e+00,1.500046839999999992e+00,2.843388140000000064e+00,5.558821080000000414e-01,0.000000000000000000e+00,0.000000000000000000e+00,0.000000000000000000e+00,0.000000000000000000e+00,4.000000000000000000e+00
3.450888229999999994e-03,2.055928020000000078e+00,1.500046839999999992e+00,2.843338440000000134e+00,5.558811780000000313e-01,0.000000000000000000e+00,0.000000000000000000e+00,0.000000000000000000e+00,0.000000000000000000e+00,4.000000000000000000e+00
3.470888230000000046e-03,2.055927089999999957e+00,1.500046839999999992e+00,2.843288750000000142e+00,5.558802489999999930e-01,0.000000000000000000e+00,0.000000000000000000e+00,0.000000000000000000e+00,0.000000000000000000e+00,4.000000000000000000e+00
3.490888230000000099e-03,2.055926159999999836e+00,1.500046839999999992e+00,2.843239060000000151e+00,5.558793189999999829e-01,0.000000000000000000e+00,0.000000000000000000e+00,0.000000000000000000e+00,0.000000000000000000e+00,4.000000000000000000e+00
3.510888230000000151e-03,2.055925230000000159e+00,1.500046830000000053e+00,2.843189370000000160e+00,5.558783899999999445e-01,0.000000000000000000e+00,0.000000000000000000e+00,0.000000000000000000e+00,0.000000000000000000e+00,4.000000000000000000e+00
3.530888230000000204e-03,2.055924290000000099e+00,1.500046830000000053e+00,2.843139680000000169e+00,5.558774610000000171e-01,0.000000000000000000e+00,0.000000000000000000e+00,0.000000000000000000e+00,0.000000000000000000e+00,4.000000000000000000e+00
3.550888229999999823e-03,2.055923359999999978e+00,1.500046830000000053e+00,2.843090000000000117e+00,5.558765319999999788e-01,0.000000000000000000e+00,0.000000000000000000e+00,0.000000000000000000e+00,0.000000000000000000e+00,4.000000000000000000e+00
3.570888229999999875e-03,2.055922429999999856e+00,1.500046830000000053e+00,2.843040310000000126e+00,5.558756030000000514e-01,0.000000000000000000e+00,0.000000000000000000e+00,0.000000000000000000e+00,0.000000000000000000e+00,4.000000000000000000e+00
3.590888229999999928e-03,2.055921500000000179e+00,1.500046830000000053e+00,2.842990630000000074e+00,5.558746730000000413e-01,0.000000000000000000e+00,0.000000000000000000e+00,0.000000000000000000e+00,0.000000000000000000e+00,4.000000000000000000e+00
3.610888229999999980e-03,2.055920570000000058e+00,1.500046830000000053e+00,2.842940950000000022e+00,5.558737440000000030e-01,0.000000000000000000e+00,0.000000000000000000e+00,0.000000000000000000e+00,0.000000000000000000e+00,4.000000000000000000e+00
3.630888230000000032e-03,2.055919639999999937e+00,1.500046830000000053e+00,2.842891269999999970e+00,5.558728160000000473e-01,0.000000000000000000e+00,0.000000000000000000e+00,0.000000000000000000e+00,0.000000000000000000e+00,4.000000000000000000e+00
3.650888230000000085e-03,2.055918709999999816e+00,1.500046819999999892e+00,2.842841599999999858e+00,5.558718870000000090e-01,0.000000000000000000e+00,0.000000000000000000e+00,0.000000000000000000e+00,0.000000000000000000e+00,4.000000000000000000e+00
3.670888230000000137e-03,2.055917780000000139e+00,1.500046819999999892e+00,2.842791919999999806e+00,5.558709579999999706e-01,0.000000000000000000e+00,0.000000000000000000e+00,0.000000000000000000e+00,0.000000000000000000e+00,4.000000000000000000e+00
3.690888230000000190e-03,2.055916850000000018e+00,1.500046819999999892e+00,2.842742250000000137e+00,5.558700290000000432e-01,0.000000000000000000e+00,0.000000000000000000e+00,0.000000000000000000e+00,0.000000000000000000e+00,4.000000000000000000e+00
3.710888229999999809e-03,2.055915919999999897e+00,1.500046819999999892e+00,2.842692580000000024e+00,5.558691000000000049e-01,0.000000000000000000e+00,0.000000000000000000e+00,0.000000000000000000e+00,0.000000000000000000e+00,4.000000000000000000e+00
3.730888229999999861e-03,2.055914990000000220e+00,1.500046819999999892e+00,2.842642909999999912e+00,5.558681720000000492e-01,0.000000000000000000e+00,0.000000000000000000e+00,0.000000000000000000e+00,0.000000000000000000e+00,4.000000000000000000e+00
3.750888229999999914e-03,2.055914060000000099e+00,1.500046819999999892e+00,2.842593239999999799e+00,5.558672430000000109e-01,0.000000000000000000e+00,0.000000000000000000e+00,0.000000000000000000e+00,0.000000000000000000e+00,4.000000000000000000e+00
3.770888229999999966e-03,2.055913129999999978e+00,1.500046809999999953e+00,2.842543570000000130e+00,5.558663139999999725e-01,0.000000000000000000e+00,0.000000000000000000e+00,0.000000000000000000e+00,0.000000000000000000e+00,4.000000000000000000e+00
3.790888230000000018e-03,2.055912199999999856e+00,1.500046809999999953e+00,2.842493909999999957e+00,5.558653860000000169e-01,0.000000000000000000e+00,0.000000000000000000e+00,0.000000000000000000e+00,0.000000000000000000e+00,4.000000000000000000e+00
3.810888230000000071e-03,2.055911270000000179e+00,1.500046809999999953e+00,2.842444249999999784e+00,5.558644569999999785e-01,0.000000000000000000e+00,0.000000000000000000e+00,0.000000000000000000e+00,0.000000000000000000e+00,4.000000000000000000e+00
3.830888230000000123e-03,2.055910340000000058e+00,1.500046809999999953e+00,2.842394590000000054e+00,5.558635290000000229e-01,0.000000000000000000e+00,0.000000000000000000e+00,0.000000000000000000e+00,0.000000000000000000e+00,4.000000000000000000e+00
3.850888230000000176e-03,2.055909409999999937e+00,1.500046809999999953e+00,2.842344929999999881e+00,5.558626009999999562e-01,0.000000000000000000e+00,0.000000000000000000e+00,0.000000000000000000e+00,0.000000000000000000e+00,4.000000000000000000e+00
3.870888229999999795e-03,2.055908479999999816e+00,1.500046809999999953e+00,2.842295280000000091e+00,5.558616720000000289e-01,0.000000000000000000e+00,0.000000000000000000e+00,0.000000000000000000e+00,0.000000000000000000e+00,4.000000000000000000e+00
3.890888229999999847e-03,2.055907550000000139e+00,1.500046809999999953e+00,2.842245619999999917e+00,5.558607439999999622e-01,0.000000000000000000e+00,0.000000000000000000e+00,0.000000000000000000e+00,0.000000000000000000e+00,4.000000000000000000e+00
3.910888230000000333e-03,2.055906620000000018e+00,1.500046800000000013e+00,2.842195970000000127e+00,5.558598160000000066e-01,0.000000000000000000e+00,0.000000000000000000e+00,0.000000000000000000e+00,0.000000000000000000e+00,4.000000000000000000e+00
3.930888230000000386e-03,2.055905689999999897e+00,1.500046800000000013e+00,2.842146319999999893e+00,5.558588880000000509e-01,0.000000000000000000e+00,0.000000000000000000e+00,0.000000000000000000e+00,0.000000000000000000e+00,4.000000000000000000e+00
3.950888229999999571e-03,2.055904760000000220e+00,1.500046800000000013e+00,2.842096670000000103e+00,5.558579599999999843e-01,0.000000000000000000e+00,0.000000000000000000e+00,0.000000000000000000e+00,0.000000000000000000e+00,4.000000000000000000e+00
3.970888229999999623e-03,2.055903830000000099e+00,1.500046800000000013e+00,2.842047019999999868e+00,5.558570320000000287e-01,0.000000000000000000e+00,0.000000000000000000e+00,0.000000000000000000e+00,0.000000000000000000e+00,4.000000000000000000e+00
3.990888229999999676e-03,2.055902899999999978e+00,1.500046800000000013e+00,2.841997380000000017e+00,5.558561039999999620e-01,0.000000000000000000e+00,0.000000000000000000e+00,0.000000000000000000e+00,0.000000000000000000e+00,4.000000000000000000e+00
4.010888229999999728e-03,2.055901969999999856e+00,1.500046800000000013e+00,2.841947740000000167e+00,5.558551760000000064e-01,0.000000000000000000e+00,0.000000000000000000e+00,0.000000000000000000e+00,0.000000000000000000e+00,4.000000000000000000e+00
4.030888229999999781e-03,2.055901040000000179e+00,1.500046790000000074e+00,2.841898089999999932e+00,5.558542480000000507e-01,0.000000000000000000e+00,0.000000000000000000e+00,0.000000000000000000e+00,0.000000000000000000e+00,4.000000000000000000e+00
4.050888229999999833e-03,2.055900110000000058e+00,1.500046790000000074e+00,2.841848450000000081e+00,5.558533199999999841e-01,0.000000000000000000e+00,0.000000000000000000e+00,0.000000000000000000e+00,0.000000000000000000e+00,4.000000000000000000e+00
4.070888229999999886e-03,2.055899179999999937e+00,1.500046790000000074e+00,2.841798820000000170e+00,5.558523930000000002e-01,0.000000000000000000e+00,0.000000000000000000e+00,0.000000000000000000e+00,0.000000000000000000e+00,4.000000000000000000e+00
4.090888229999999938e-03,2.055898249999999816e+00,1.500046790000000074e+00,2.841749179999999875e+00,5.558514650000000445e-01,0.000000000000000000e+00,0.000000000000000000e+00,0.000000000000000000e+00,0.000000000000000000e+00,4.000000000000000000e+00
4.110888229999999990e-03,2.055897330000000078e+00,1.500046790000000074e+00,2.841699549999999963e+00,5.558505369999999779e-01,0.000000000000000000e+00,0.000000000000000000e+00,0.000000000000000000e+00,0.000000000000000000e+00,4.000000000000000000e+00
4.130888230000000043e-03,2.055896399999999957e+00,1.500046790000000074e+00,2.841649920000000051e+00,5.558496099999999940e-01,0.000000000000000000e+00,0.000000000000000000e+00,0.000000000000000000e+00,0.000000000000000000e+00,4.000000000000000000e+00
4.150888230000000095e-03,2.055895469999999836e+00,1.500046790000000074e+00,2.841600290000000140e+00,5.558486820000000384e-01,0.000000000000000000e+00,0.000000000000000000e+00,0.000000000000000000e+00,0.000000000000000000e+00,4.000000000000000000e+00
4.170888230000000148e-03,2.055894540000000159e+00,1.500046779999999913e+00,2.841550659999999784e+00,5.558477550000000544e-01,0.000000000000000000e+00,0.000000000000000000e+00,0.000000000000000000e+00,0.000000000000000000e+00,4.000000000000000000e+00
4.190888230000000200e-03,2.055893610000000038e+00,1.500046779999999913e+00,2.841501029999999872e+00,5.558468279999999595e-01,0.000000000000000000e+00,0.000000000000000000e+00,0.000000000000000000e+00,0.000000000000000000e+00,4.000000000000000000e+00
4.210888230000000253e-03,2.055892679999999917e+00,1.500046779999999913e+00,2.841451409999999900e+00,5.558459000000000039e-01,0.000000000000000000e+00,0.000000000000000000e+00,0.000000000000000000e+00,0.000000000000000000e+00,4.000000000000000000e+00
4.230888230000000305e-03,2.055891749999999796e+00,1.500046779999999913e+00,2.841401779999999988e+00,5.558449730000000200e-01,0.000000000000000000e+00,0.000000000000000000e+00,0.000000000000000000e+00,0.000000000000000000e+00,4.000000000000000000e+00
4.250888230000000358e-03,2.055890820000000119e+00,1.500046779999999913e+00,2.841352160000000016e+00,5.558440460000000360e-01,0.000000000000000000e+00,0.000000000000000000e+00,0.000000000000000000e+00,0.000000000000000000e+00,4.000000000000000000e+00
4.270888230000000410e-03,2.055889889999999998e+00,1.500046779999999913e+00,2.841302540000000043e+00,5.558431190000000521e-01,0.000000000000000000e+00,0.000000000000000000e+00,0.000000000000000000e+00,0.000000000000000000e+00,4.000000000000000000e+00
4.290888229999999595e-03,2.055888969999999816e+00,1.500046769999999974e+00,2.841252930000000010e+00,5.558421919999999572e-01,0.000000000000000000e+00,0.000000000000000000e+00,0.000000000000000000e+00,0.000000000000000000e+00,4.000000000000000000e+00
4.310888229999999648e-03,2.055888040000000139e+00,1.500046769999999974e+00,2.841203310000000037e+00,5.558412649999999733e-01,0.000000000000000000e+00,0.000000000000000000e+00,0.000000000000000000e+00,0.000000000000000000e+00,4.000000000000000000e+00
4.330888229999999700e-03,2.055887110000000018e+00,1.500046769999999974e+00,2.841153700000000004e+00,5.558403379999999894e-01,0.000000000000000000e+00,0.000000000000000000e+00,0.000000000000000000e+00,0.000000000000000000e+00,4.000000000000000000e+00
4.350888229999999753e-03,2.055886179999999896e+00,1.500046769999999974e+00,2.841104089999999971e+00,5.558394110000000055e-01,0.000000000000000000e+00,0.000000000000000000e+00,0.000000000000000000e+00,0.000000000000000000e+00,4.000000000000000000e+00
4.370888229999999805e-03,2.055885250000000219e+00,1.500046769999999974e+00,2.841054479999999938e+00,5.558384840000000215e-01,0.000000000000000000e+00,0.000000000000000000e+00,0.000000000000000000e+00,0.000000000000000000e+00,4.000000000000000000e+00
4.390888229999999857e-03,2.055884320000000098e+00,1.500046769999999974e+00,2.841004869999999904e+00,5.558375570000000376e-01,0.000000000000000000e+00,0.000000000000000000e+00,0.000000000000000000e+00,0.000000000000000000e+00,4.000000000000000000e+00
4.410888229999999910e-03,2.055883399999999916e+00,1.500046760000000035e+00,2.840955259999999871e+00,5.558366300000000537e-01,0.000000000000000000e+00,0.000000000000000000e+00,0.000000000000000000e+00,0.000000000000000000e+00,4.000000000000000000e+00
4.430888229999999962e-03,2.055882469999999795e+00,1.500046760000000035e+00,2.840905660000000221e+00,5.558357040000000415e-01,0.000000000000000000e+00,0.000000000000000000e+00,0.000000000000000000e+00,0.000000000000000000e+00,4.000000000000000000e+00
4.450888230000000015e-03,2.055881540000000118e+00,1.500046760000000035e+00,2.840856060000000127e+00,5.558347769999999466e-01,0.000000000000000000e+00,0.000000000000000000e+00,0.000000000000000000e+00,0.000000000000000000e+00,4.000000000000000000e+00
4.470888230000000067e-03,2.055880609999999997e+00,1.500046760000000035e+00,2.840806460000000033e+00,5.558338499999999627e-01,0.000000000000000000e+00,0.000000000000000000e+00,0.000000000000000000e+00,0.000000000000000000e+00,4.000000000000000000e+00
4.490888230000000120e-03,2.055879679999999876e+00,1.500046760000000035e+00,2.840756859999999939e+00,5.558329239999999505e-01,0.000000000000000000e+00,0.000000000000000000e+00,0.000000000000000000e+00,0.000000000000000000e+00,4.000000000000000000e+00
4.510888230000000172e-03,2.055878750000000199e+00,1.500046760000000035e+00,2.840707259999999845e+00,5.558319969999999666e-01,0.000000000000000000e+00,0.000000000000000000e+00,0.000000000000000000e+00,0.000000000000000000e+00,4.000000000000000000e+00
4.530888230000000225e-03,2.055877830000000017e+00,1.500046760000000035e+00,2.840657670000000135e+00,5.558310709999999544e-01,0.000000000000000000e+00,0.000000000000000000e+00,0.000000000000000000e+00,0.000000000000000000e+00,4.000000000000000000e+00
4.550888230000000277e-03,2.055876899999999896e+00,1.500046750000000095e+00,2.840608070000000041e+00,5.558301450000000532e-01,0.000000000000000000e+00,0.000000000000000000e+00,0.000000000000000000e+00,0.000000000000000000e+00,4.000000000000000000e+00
4.570888230000000330e-03,2.055875970000000219e+00,1.500046750000000095e+00,2.840558479999999886e+00,5.558292179999999583e-01,0.000000000000000000e+00,0.000000000000000000e+00,0.000000000000000000e+00,0.000000000000000000e+00,4.000000000000000000e+00
4.590888230000000382e-03,2.055875040000000098e+00,1.500046750000000095e+00,2.840508890000000175e+00,5.558282919999999461e-01,0.000000000000000000e+00,0.000000000000000000e+00,0.000000000000000000e+00,0.000000000000000000e+00,4.000000000000000000e+00
4.610888229999999567e-03,2.055874119999999916e+00,1.500046750000000095e+00,2.840459309999999959e+00,5.558273660000000449e-01,0.000000000000000000e+00,0.000000000000000000e+00,0.000000000000000000e+00,0.000000000000000000e+00,4.000000000000000000e+00
4.630888229999999620e-03,2.055873189999999795e+00,1.500046750000000095e+00,2.840409719999999805e+00,5.558264400000000327e-01,0.000000000000000000e+00,0.000000000000000000e+00,0.000000000000000000e+00,0.000000000000000000e+00,4.000000000000000000e+00
4.650888229999999672e-03,2.055872260000000118e+00,1.500046750000000095e+00,2.840360140000000033e+00,5.558255140000000205e-01,0.000000000000000000e+00,0.000000000000000000e+00,0.000000000000000000e+00,0.000000000000000000e+00,4.000000000000000000e+00
4.670888229999999725e-03,2.055871329999999997e+00,1.500046739999999934e+00,2.840310549999999878e+00,5.558245880000000083e-01,0.000000000000000000e+00,0.000000000000000000e+00,0.000000000000000000e+00,0.000000000000000000e+00,4.000000000000000000e+00
4.690888229999999777e-03,2.055870399999999876e+00,1.500046739999999934e+00,2.840260970000000107e+00,5.558236619999999961e-01,0.000000000000000000e+00,0.000000000000000000e+00,0.000000000000000000e+00,0.000000000000000000e+00,4.000000000000000000e+00
4.710888229999999829e-03,2.055869480000000138e+00,1.500046739999999934e+00,2.840211399999999831e+00,5.558227359999999839e-01,0.000000000000000000e+00,0.000000000000000000e+00,0.000000000000000000e+00,0.000000000000000000e+00,4.000000000000000000e+00
4.730888229999999882e-03,2.055868550000000017e+00,1.500046739999999934e+00,2.840161820000000059e+00,5.558218099999999717e-01,0.000000000000000000e+00,0.000000000000000000e+00,0.000000000000000000e+00,0.000000000000000000e+00,4.000000000000000000e+00
4.750888229999999934e-03,2.055867619999999896e+00,1.500046739999999934e+00,2.840112249999999783e+00,5.558208839999999595e-01,0.000000000000000000e+00,0.000000000000000000e+00,0.000000000000000000e+00,0.000000000000000000e+00,4.000000000000000000e+00
4.770888229999999987e-03,2.055866700000000158e+00,1.500046739999999934e+00,2.840062670000000011e+00,5.558199579999999473e-01,0.000000000000000000e+00,0.000000000000000000e+00,0.000000000000000000e+00,0.000000000000000000e+00,4.000000000000000000e+00
4.790888230000000039e-03,2.055865770000000037e+00,1.500046739999999934e+00,2.840013100000000179e+00,5.558190330000000179e-01,0.000000000000000000e+00,0.000000000000000000e+00,0.000000000000000000e+00,0.000000000000000000e+00,4.000000000000000000e+00
4.810888230000000092e-03,2.055864839999999916e+00,1.500046729999999995e+00,2.839963529999999903e+00,5.558181070000000057e-01,0.000000000000000000e+00,0.000000000000000000e+00,0.000000000000000000e+00,0.000000000000000000e+00,4.000000000000000000e+00
4.830888230000000144e-03,2.055863909999999795e+00,1.500046729999999995e+00,2.839913970000000010e+00,5.558171809999999935e-01,0.000000000000000000e+00,0.000000000000000000e+00,0.000000000000000000e+00,0.000000000000000000e+00,4.000000000000000000e+00
4.850888230000000197e-03,2.055862990000000057e+00,1.500046729999999995e+00,2.839864400000000177e+00,5.558162559999999530e-01,0.000000000000000000e+00,0.000000000000000000e+00,0.000000000000000000e+00,0.000000000000000000e+00,4.000000000000000000e+00
4.870888230000000249e-03,2.055862059999999936e+00,1.500046729999999995e+00,2.839814839999999840e+00,5.558153310000000236e-01,0.000000000000000000e+00,0.000000000000000000e+00,0.000000000000000000e+00,0.000000000000000000e+00,4.000000000000000000e+00
4.890888230000000302e-03,2.055861129999999815e+00,1.500046729999999995e+00,2.839765279999999947e+00,5.558144050000000114e-01,0.000000000000000000e+00,0.000000000000000000e+00,0.000000000000000000e+00,0.000000000000000000e+00,4.000000000000000000e+00
4.910888230000000354e-03,2.055860210000000077e+00,1.500046729999999995e+00,2.839715720000000054e+00,5.558134799999999709e-01,0.000000000000000000e+00,0.000000000000000000e+00,0.000000000000000000e+00,0.000000000000000000e+00,4.000000000000000000e+00
4.930888230000000406e-03,2.055859279999999956e+00,1.500046720000000056e+00,2.839666160000000161e+00,5.558125539999999587e-01,0.000000000000000000e+00,0.000000000000000000e+00,0.000000000000000000e+00,0.000000000000000000e+00,4.000000000000000000e+00
4.950888229999999592e-03,2.055858349999999835e+00,1.500046720000000056e+00,2.839616599999999824e+00,5.558116290000000292e-01,0.000000000000000000e+00,0.000000000000000000e+00,0.000000000000000000e+00,0.000000000000000000e+00,4.000000000000000000e+00
4.970888229999999644e-03,2.055857430000000097e+00,1.500046720000000056e+00,2.839567049999999870e+00,5.558107039999999888e-01,0.000000000000000000e+00,0.000000000000000000e+00,0.000000000000000000e+00,0.000000000000000000e+00,4.000000000000000000e+00
4.990888229999999696e-03,2.055856499999999976e+00,1.500046720000000056e+00,2.839517499999999917e+00,5.558097789999999483e-01,0.000000000000000000e+00,0.000000000000000000e+00,0.000000000000000000e+00,0.000000000000000000e+00,4.000000000000000000e+00
5.010888229999999749e-03,2.055855569999999855e+00,1.500046720000000056e+00,2.839467949999999963e+00,5.558088540000000188e-01,0.000000000000000000e+00,0.000000000000000000e+00,0.000000000000000000e+00,0.000000000000000000e+00,4.000000000000000000e+00
5.030888229999999801e-03,2.055854650000000117e+00,1.500046720000000056e+00,2.839418400000000009e+00,5.558079289999999784e-01,0.000000000000000000e+00,0.000000000000000000e+00,0.000000000000000000e+00,0.000000000000000000e+00,4.000000000000000000e+00
5.050888229999999854e-03,2.055853719999999996e+00,1.500046720000000056e+00,2.839368850000000055e+00,5.558070040000000489e-01,0.000000000000000000e+00,0.000000000000000000e+00,0.000000000000000000e+00,0.000000000000000000e+00,4.000000000000000000e+00
5.070888229999999906e-03,2.055852789999999874e+00,1.500046709999999894e+00,2.839319310000000041e+00,5.558060790000000084e-01,0.000000000000000000e+00,0.000000000000000000e+00,0.000000000000000000e+00,0.000000000000000000e+00,4.000000000000000000e+00
5.090888229999999959e-03,2.055851870000000137e+00,1.500046709999999894e+00,2.839269760000000087e+00,5.558051539999999680e-01,0.000000000000000000e+00,0.000000000000000000e+00,0.000000000000000000e+00,0.000000000000000000e+00,4.000000000000000000e+00
5.110888230000000011e-03,2.055850940000000016e+00,1.500046709999999894e+00,2.839220220000000072e+00,5.558042290000000385e-01,0.000000000000000000e+00,0.000000000000000000e+00,0.000000000000000000e+00,0.000000000000000000e+00,4.000000000000000000e+00
5.130888230000000064e-03,2.055850009999999894e+00,1.500046709999999894e+00,2.839170680000000058e+00,5.558033049999999697e-01,0.000000000000000000e+00,0.000000000000000000e+00,0.000000000000000000e+00,0.000000000000000000e+00,4.000000000000000000e+00
5.150888230000000116e-03,2.055849090000000157e+00,1.500046709999999894e+00,2.839121149999999982e+00,5.558023800000000403e-01,0.000000000000000000e+00,0.000000000000000000e+00,0.000000000000000000e+00,0.000000000000000000e+00,4.000000000000000000e+00
5.170888230000000169e-03,2.055848160000000036e+00,1.500046709999999894e+00,2.839071609999999968e+00,5.558014549999999998e-01,0.000000000000000000e+00,0.000000000000000000e+00,0.000000000000000000e+00,0.000000000000000000e+00,4.000000000000000000e+00
5.190888230000000221e-03,2.055847239999999854e+00,1.500046699999999955e+00,2.839022079999999892e+00,5.558005310000000421e-01,0.000000000000000000e+00,0.000000000000000000e+00,0.000000000000000000e+00,0.000000000000000000e+00,4.000000000000000000e+00
5.210888230000000274e-03,2.055846310000000177e+00,1.500046699999999955e+00,2.838972539999999878e+00,5.557996060000000016e-01,0.000000000000000000e+00,0.000000000000000000e+00,0.000000000000000000e+00,0.000000000000000000e+00,4.000000000000000000e+00
5.230888230000000326e-03,2.055845380000000056e+00,1.500046699999999955e+00,2.838923009999999802e+00,5.557986820000000439e-01,0.000000000000000000e+00,0.000000000000000000e+00,0.000000000000000000e+00,0.000000000000000000e+00,4.000000000000000000e+00
5.250888230000000378e-03,2.055844459999999874e+00,1.500046699999999955e+00,2.838873490000000110e+00,5.557977579999999751e-01,0.000000000000000000e+00,0.000000000000000000e+00,0.000000000000000000e+00,0.000000000000000000e+00,4.000000000000000000e+00
5.270888230000000431e-03,2.055843530000000197e+00,1.500046699999999955e+00,2.838823960000000035e+00,5.557968330000000456e-01,0.000000000000000000e+00,0.000000000000000000e+00,0.000000000000000000e+00,0.000000000000000000e+00,4.000000000000000000e+00
5.290888229999999616e-03,2.055842610000000015e+00,1.500046699999999955e+00,2.838774439999999899e+00,5.557959089999999769e-01,0.000000000000000000e+00,0.000000000000000000e+00,0.000000000000000000e+00,0.000000000000000000e+00,4.000000000000000000e+00
5.310888229999999668e-03,2.055841679999999894e+00,1.500046699999999955e+00,2.838724909999999824e+00,5.557949850000000191e-01,0.000000000000000000e+00,0.000000000000000000e+00,0.000000000000000000e+00,0.000000000000000000e+00,4.000000000000000000e+00
5.330888229999999721e-03,2.055840750000000217e+00,1.500046690000000016e+00,2.838675390000000132e+00,5.557940609999999504e-01,0.000000000000000000e+00,0.000000000000000000e+00,0.000000000000000000e+00,0.000000000000000000e+00,4.000000000000000000e+00
5.350888229999999773e-03,2.055839830000000035e+00,1.500046690000000016e+00,2.838625869999999995e+00,5.557931369999999927e-01,0.000000000000000000e+00,0.000000000000000000e+00,0.000000000000000000e+00,0.000000000000000000e+00,4.000000000000000000e+00
5.370888229999999826e-03,2.055838899999999914e+00,1.500046690000000016e+00,2.838576359999999799e+00,5.557922130000000349e-01,0.000000000000000000e+00,0.000000000000000000e+00,0.000000000000000000e+00,0.000000000000000000e+00,4.000000000000000000e+00
5.390888229999999878e-03,2.055837980000000176e+00,1.500046690000000016e+00,2.838526840000000107e+00,5.557912889999999662e-01,0.000000000000000000e+00,0.000000000000000000e+00,0.000000000000000000e+00,0.000000000000000000e+00,4.000000000000000000e+00
5.410888229999999931e-03,2.055837050000000055e+00,1.500046690000000016e+00,2.838477329999999910e+00,5.557903650000000084e-01,0.000000000000000000e+00,0.000000000000000000e+00,0.000000000000000000e+00,0.000000000000000000e+00,4.000000000000000000e+00
5.430888229999999983e-03,2.055836129999999873e+00,1.500046690000000016e+00,2.838427820000000157e+00,5.557894410000000507e-01,0.000000000000000000e+00,0.000000000000000000e+00,0.000000000000000000e+00,0.000000000000000000e+00,4.000000000000000000e+00
5.450888230000000036e-03,2.055835200000000196e+00,1.500046680000000077e+00,2.838378309999999960e+00,5.557885169999999819e-01,0.000000000000000000e+00,0.000000000000000000e+00,0.000000000000000000e+00,0.000000000000000000e+00,4.000000000000000000e+00
5.470888230000000088e-03,2.055834280000000014e+00,1.500046680000000077e+00,2.838328800000000207e+00,5.557875930000000242e-01,0.000000000000000000e+00,0.000000000000000000e+00,0.000000000000000000e+00,0.000000000000000000e+00,4.000000000000000000e+00
5.490888230000000141e-03,2.055833349999999893e+00,1.500046680000000077e+00,2.838279290000000010e+00,5.557866689999999554e-01,0.000000000000000000e+00,0.000000000000000000e+00,0.000000000000000000e+00,0.000000000000000000e+00,4.000000000000000000e+00
5.510888230000000193e-03,2.055832430000000155e+00,1.500046680000000077e+00,2.838229790000000197e+00,5.557857459999999694e-01,0.000000000000000000e+00,0.000000000000000000e+00,0.000000000000000000e+00,0.000000000000000000e+00,4.000000000000000000e+00
5.530888230000000245e-03,2.055831500000000034e+00,1.500046680000000077e+00,2.838180289999999939e+00,5.557848220000000117e-01,0.000000000000000000e+00,0.000000000000000000e+00,0.000000000000000000e+00,0.000000000000000000e+00,4.000000000000000000e+00
5.550888230000000298e-03,2.055830579999999852e+00,1.500046680000000077e+00,2.838130790000000125e+00,5.557838990000000257e-01,0.000000000000000000e+00,0.000000000000000000e+00,0.000000000000000000e+00,0.000000000000000000e+00,4.000000000000000000e+00
5.570888230000000350e-03,2.055829650000000175e+00,1.500046680000000077e+00,2.838081289999999868e+00,5.557829749999999569e-01,0.000000000000000000e+00,0.000000000000000000e+00,0.000000000000000000e+00,0.000000000000000000e+00,4.000000000000000000e+00
5.590888230000000403e-03,2.055828729999999993e+00,1.500046669999999915e+00,2.838031790000000054e+00,5.557820519999999709e-01,0.000000000000000000e+00,0.000000000000000000e+00,0.000000000000000000e+00,0.000000000000000000e+00,4.000000000000000000e+00
5.610888229999999588e-03,2.055827799999999872e+00,1.500046669999999915e+00,2.837982300000000180e+00,5.557811280000000131e-01,0.000000000000000000e+00,0.000000000000000000e+00,0.000000000000000000e+00,0.000000000000000000e+00,4.000000000000000000e+00
5.630888229999999640e-03,2.055826880000000134e+00,1.500046669999999915e+00,2.837932799999999922e+00,5.557802050000000271e-01,0.000000000000000000e+00,0.000000000000000000e+00,0.000000000000000000e+00,0.000000000000000000e+00,4.000000000000000000e+00
5.650888229999999693e-03,2.055825950000000013e+00,1.500046669999999915e+00,2.837883310000000048e+00,5.557792820000000411e-01,0.000000000000000000e+00,0.000000000000000000e+00,0.000000000000000000e+00,0.000000000000000000e+00,4.000000000000000000e+00
5.670888229999999745e-03,2.055825029999999831e+00,1.500046669999999915e+00,2.837833820000000173e+00,5.557783590000000551e-01,0.000000000000000000e+00,0.000000000000000000e+00,0.000000000000000000e+00,0.000000000000000000e+00,4.000000000000000000e+00
5.690888229999999798e-03,2.055824100000000154e+00,1.500046669999999915e+00,2.837784339999999794e+00,5.557774359999999580e-01,0.000000000000000000e+00,0.000000000000000000e+00,0.000000000000000000e+00,0.000000000000000000e+00,4.000000000000000000e+00
5.710888229999999850e-03,2.055823179999999972e+00,1.500046659999999976e+00,2.837734849999999920e+00,5.557765120000000003e-01,0.000000000000000000e+00,0.000000000000000000e+00,0.000000000000000000e+00,0.000000000000000000e+00,4.000000000000000000e+00
5.730888229999999903e-03,2.055822249999999851e+00,1.500046659999999976e+00,2.837685369999999985e+00,5.557755890000000143e-01,0.000000000000000000e+00,0.000000000000000000e+00,0.000000000000000000e+00,0.000000000000000000e+00,4.000000000000000000e+00
5.750888229999999955e-03,2.055821330000000113e+00,1.500046659999999976e+00,2.837635890000000050e+00,5.557746660000000283e-01,0.000000000000000000e+00,0.000000000000000000e+00,0.000000000000000000e+00,0.000000000000000000e+00,4.000000000000000000e+00
5.770888230000000008e-03,2.055820399999999992e+00,1.500046659999999976e+00,2.837586410000000114e+00,5.557737440000000140e-01,0.000000000000000000e+00,0.000000000000000000e+00,0.000000000000000000e+00,0.000000000000000000e+00,4.000000000000000000e+00
5.790888230000000060e-03,2.055819479999999810e+00,1.500046659999999976e+00,2.837536930000000179e+00,5.557728210000000280e-01,0.000000000000000000e+00,0.000000000000000000e+00,0.000000000000000000e+00,0.000000000000000000e+00,4.000000000000000000e+00
5.810888230000000113e-03,2.055818550000000133e+00,1.500046659999999976e+00,2.837487449999999800e+00,5.557718980000000419e-01,0.000000000000000000e+00,0.000000000000000000e+00,0.000000000000000000e+00,0.000000000000000000e+00,4.000000000000000000e+00
5.830888230000000165e-03,2.055817629999999951e+00,1.500046659999999976e+00,2.837437979999999804e+00,5.557709749999999449e-01,0.000000000000000000e+00,0.000000000000000000e+00,0.000000000000000000e+00,0.000000000000000000e+00,4.000000000000000000e+00
5.850888230000000217e-03,2.055816710000000214e+00,1.500046650000000037e+00,2.837388499999999869e+00,5.557700519999999589e-01,0.000000000000000000e+00,0.000000000000000000e+00,0.000000000000000000e+00,0.000000000000000000e+00,4.000000000000000000e+00
5.870888230000000270e-03,2.055815780000000093e+00,1.500046650000000037e+00,2.837339029999999873e+00,5.557691299999999446e-01,0.000000000000000000e+00,0.000000000000000000e+00,0.000000000000000000e+00,0.000000000000000000e+00,4.000000000000000000e+00
5.890888230000000322e-03,2.055814859999999911e+00,1.500046650000000037e+00,2.837289559999999877e+00,5.557682069999999586e-01,0.000000000000000000e+00,0.000000000000000000e+00,0.000000000000000000e+00,0.000000000000000000e+00,4.000000000000000000e+00
5.910888230000000375e-03,2.055813929999999790e+00,1.500046650000000037e+00,2.837240099999999821e+00,5.557672850000000553e-01,0.000000000000000000e+00,0.000000000000000000e+00,0.000000000000000000e+00,0.000000000000000000e+00,4.000000000000000000e+00
5.930888230000000427e-03,2.055813010000000052e+00,1.500046650000000037e+00,2.837190629999999825e+00,5.557663619999999582e-01,0.000000000000000000e+00,0.000000000000000000e+00,0.000000000000000000e+00,0.000000000000000000e+00,4.000000000000000000e+00
5.950888229999999612e-03,2.055812089999999870e+00,1.500046650000000037e+00,2.837141170000000212e+00,5.557654400000000550e-01,0.000000000000000000e+00,0.000000000000000000e+00,0.000000000000000000e+00,0.000000000000000000e+00,4.000000000000000000e+00
5.970888229999999665e-03,2.055811160000000193e+00,1.500046640000000098e+00,2.837091710000000155e+00,5.557645169999999579e-01,0.000000000000000000e+00,0.000000000000000000e+00,0.000000000000000000e+00,0.000000000000000000e+00,4.000000000000000000e+00
5.990888229999999717e-03,2.055810240000000011e+00,1.500046640000000098e+00,2.837042250000000099e+00,5.557635950000000546e-01,0.000000000000000000e+00,0.000000000000000000e+00,0.000000000000000000e+00,0.000000000000000000e+00,4.000000000000000000e+00
6.010888229999999770e-03,2.055809309999999890e+00,1.500046640000000098e+00,2.836992790000000042e+00,5.557626730000000403e-01,0.000000000000000000e+00,0.000000000000000000e+00,0.000000000000000000e+00,0.000000000000000000e+00,4.000000000000000000e+00
6.030888229999999822e-03,2.055808390000000152e+00,1.500046640000000098e+00,2.836943329999999985e+00,5.557617510000000260e-01,0.000000000000000000e+00,0.000000000000000000e+00,0.000000000000000000e+00,0.000000000000000000e+00,4.000000000000000000e+00
6.050888229999999875e-03,2.055807469999999970e+00,1.500046640000000098e+00,2.836893879999999868e+00,5.557608290000000117e-01,0.000000000000000000e+00,0.000000000000000000e+00,0.000000000000000000e+00,0.000000000000000000e+00,4.000000000000000000e+00
6.070888229999999927e-03,2.055806539999999849e+00,1.500046640000000098e+00,2.836844430000000195e+00,5.557599069999999974e-01,0.000000000000000000e+00,0.000000000000000000e+00,0.000000000000000000e+00,0.000000000000000000e+00,4.000000000000000000e+00
6.090888229999999980e-03,2.055805620000000111e+00,1.500046629999999936e+00,2.836794980000000077e+00,5.557589849999999831e-01,0.000000000000000000e+00,0.000000000000000000e+00,0.000000000000000000e+00,0.000000000000000000e+00,4.000000000000000000e+00
6.110888230000000032e-03,2.055804699999999929e+00,1.500046629999999936e+00,2.836745529999999960e+00,5.557580629999999688e-01,0.000000000000000000e+00,0.000000000000000000e+00,0.000000000000000000e+00,0.000000000000000000e+00,4.000000000000000000e+00
6.130888230000000085e-03,2.055803769999999808e+00,1.500046629999999936e+00,2.836696079999999842e+00,5.557571409999999545e-01,0.000000000000000000e+00,0.000000000000000000e+00,0.000000000000000000e+00,0.000000000000000000e+00,4.000000000000000000e+00
6.150888230000000137e-03,2.055802850000000070e+00,1.500046629999999936e+00,2.836646640000000108e+00,5.557562190000000513e-01,0.000000000000000000e+00,0.000000000000000000e+00,0.000000000000000000e+00,0.000000000000000000e+00,4.000000000000000000e+00
6.170888230000000189e-03,2.055801929999999889e+00,1.500046629999999936e+00,2.836597189999999991e+00,5.557552970000000370e-01,0.000000000000000000e+00,0.000000000000000000e+00,0.000000000000000000e+00,0.000000000000000000e+00,4.000000000000000000e+00
6.190888230000000242e-03,2.055801000000000212e+00,1.500046629999999936e+00,2.836547749999999812e+00,5.557543750000000227e-01,0.000000000000000000e+00,0.000000000000000000e+00,0.000000000000000000e+00,0.000000000000000000e+00,4.000000000000000000e+00
6.210888230000000294e-03,2.055800080000000030e+00,1.500046629999999936e+00,2.836498310000000078e+00,5.557534539999999801e-01,0.000000000000000000e+00,0.000000000000000000e+00,0.000000000000000000e+00,0.000000000000000000e+00,4.000000000000000000e+00
6.230888230000000347e-03,2.055799159999999848e+00,1.500046619999999997e+00,2.836448879999999839e+00,5.557525319999999658e-01,0.000000000000000000e+00,0.000000000000000000e+00,0.000000000000000000e+00,0.000000000000000000e+00,4.000000000000000000e+00
6.250888230000000399e-03,2.055798230000000171e+00,1.500046619999999997e+00,2.836399440000000105e+00,5.557516099999999515e-01,0.000000000000000000e+00,0.000000000000000000e+00,0.000000000000000000e+00,0.000000000000000000e+00,4.000000000000000000e+00
6.270888229999999584e-03,2.055797309999999989e+00,1.500046619999999997e+00,2.836350009999999866e+00,5.557506890000000199e-01,0.000000000000000000e+00,0.000000000000000000e+00,0.000000000000000000e+00,0.000000000000000000e+00,4.000000000000000000e+00
6.290888229999999637e-03,2.055796389999999807e+00,1.500046619999999997e+00,2.836300580000000071e+00,5.557497679999999773e-01,0.000000000000000000e+00,0.000000000000000000e+00,0.000000000000000000e+00,0.000000000000000000e+00,4.000000000000000000e+00
6.310888229999999689e-03,2.055795460000000130e+00,1.500046619999999997e+00,2.836251149999999832e+00,5.557488459999999630e-01,0.000000000000000000e+00,0.000000000000000000e+00,0.000000000000000000e+00,0.000000000000000000e+00,4.000000000000000000e+00
6.330888229999999742e-03,2.055794539999999948e+00,1.500046619999999997e+00,2.836201720000000037e+00,5.557479250000000315e-01,0.000000000000000000e+00,0.000000000000000000e+00,0.000000000000000000e+00,0.000000000000000000e+00,4.000000000000000000e+00
6.350888229999999794e-03,2.055793620000000210e+00,1.500046610000000058e+00,2.836152289999999798e+00,5.557470039999999889e-01,0.000000000000000000e+00,0.000000000000000000e+00,0.000000000000000000e+00,0.000000000000000000e+00,4.000000000000000000e+00
6.370888229999999847e-03,2.055792700000000028e+00,1.500046610000000058e+00,2.836102869999999943e+00,5.557460819999999746e-01,0.000000000000000000e+00,0.000000000000000000e+00,0.000000000000000000e+00,0.000000000000000000e+00,4.000000000000000000e+00
6.390888229999999899e-03,2.055791769999999907e+00,1.500046610000000058e+00,2.836053440000000148e+00,5.557451610000000430e-01,0.000000000000000000e+00,0.000000000000000000e+00,0.000000000000000000e+00,0.000000000000000000e+00,4.000000000000000000e+00
6.410888229999999952e-03,2.055790850000000169e+00,1.500046610000000058e+00,2.836004019999999848e+00,5.557442400000000005e-01,0.000000000000000000e+00,0.000000000000000000e+00,0.000000000000000000e+00,0.000000000000000000e+00,4.000000000000000000e+00
6.430888230000000004e-03,2.055789929999999988e+00,1.500046610000000058e+00,2.835954599999999992e+00,5.557433189999999579e-01,0.000000000000000000e+00,0.000000000000000000e+00,0.000000000000000000e+00,0.000000000000000000e+00,4.000000000000000000e+00
6.450888230000000056e-03,2.055789009999999806e+00,1.500046610000000058e+00,2.835905190000000076e+00,5.557423980000000263e-01,0.000000000000000000e+00,0.000000000000000000e+00,0.000000000000000000e+00,0.000000000000000000e+00,4.000000000000000000e+00
6.470888230000000109e-03,2.055788080000000129e+00,1.500046610000000058e+00,2.835855770000000220e+00,5.557414769999999837e-01,0.000000000000000000e+00,0.000000000000000000e+00,0.000000000000000000e+00,0.000000000000000000e+00,4.000000000000000000e+00
6.490888230000000161e-03,2.055787159999999947e+00,1.500046599999999897e+00,2.835806359999999859e+00,5.557405560000000522e-01,0.000000000000000000e+00,0.000000000000000000e+00,0.000000000000000000e+00,0.000000000000000000e+00,4.000000000000000000e+00
6.510888230000000214e-03,2.055786240000000209e+00,1.500046599999999897e+00,2.835756949999999943e+00,5.557396350000000096e-01,0.000000000000000000e+00,0.000000000000000000e+00,0.000000000000000000e+00,0.000000000000000000e+00,4.000000000000000000e+00
6.530888230000000266e-03,2.055785320000000027e+00,1.500046599999999897e+00,2.835707540000000026e+00,5.557387150000000497e-01,0.000000000000000000e+00,0.000000000000000000e+00,0.000000000000000000e+00,0.000000000000000000e+00,4.000000000000000000e+00
6.550888230000000319e-03,2.055784389999999906e+00,1.500046599999999897e+00,2.835658130000000110e+00,5.557377940000000072e-01,0.000000000000000000e+00,0.000000000000000000e+00,0.000000000000000000e+00,0.000000000000000000e+00,4.000000000000000000e+00
6.570888230000000371e-03,2.055783470000000168e+00,1.500046599999999897e+00,2.835608720000000194e+00,5.557368729999999646e-01,0.000000000000000000e+00,0.000000000000000000e+00,0.000000000000000000e+00,0.000000000000000000e+00,4.000000000000000000e+00
6.590888230000000424e-03,2.055782549999999986e+00,1.500046599999999897e+00,2.835559320000000216e+00,5.557359530000000047e-01,0.000000000000000000e+00,0.000000000000000000e+00,0.000000000000000000e+00,0.000000000000000000e+00,4.000000000000000000e+00
6.610888229999999609e-03,2.055781629999999804e+00,1.500046589999999957e+00,2.835509919999999795e+00,5.557350319999999622e-01,0.000000000000000000e+00,0.000000000000000000e+00,0.000000000000000000e+00,0.000000000000000000e+00,4.000000000000000000e+00
6.630888229999999661e-03,2.055780700000000127e+00,1.500046589999999957e+00,2.835460519999999818e+00,5.557341110000000306e-01,0.000000000000000000e+00,0.000000000000000000e+00,0.000000000000000000e+00,0.000000000000000000e+00,4.000000000000000000e+00
6.650888229999999714e-03,2.055779779999999946e+00,1.500046589999999957e+00,2.835411119999999841e+00,5.557331909999999597e-01,0.000000000000000000e+00,0.000000000000000000e+00,0.000000000000000000e+00,0.000000000000000000e+00,4.000000000000000000e+00
6.670888229999999766e-03,2.055778860000000208e+00,1.500046589999999957e+00,2.835361719999999863e+00,5.557322709999999999e-01,0.000000000000000000e+00,0.000000000000000000e+00,0.000000000000000000e+00,0.000000000000000000e+00,4.000000000000000000e+00
6.690888229999999819e-03,2.055777940000000026e+00,1.500046589999999957e+00,2.835312329999999825e+00,5.557313499999999573e-01,0.000000000000000000e+00,0.000000000000000000e+00,0.000000000000000000e+00,0.000000000000000000e+00,4.000000000000000000e+00
6.710888229999999871e-03,2.055777019999999844e+00,1.500046589999999957e+00,2.835262929999999848e+00,5.557304299999999975e-01,0.000000000000000000e+00,0.000000000000000000e+00,0.000000000000000000e+00,0.000000000000000000e+00,4.000000000000000000e+00
6.730888229999999924e-03,2.055776100000000106e+00,1.500046589999999957e+00,2.835213539999999810e+00,5.557295100000000376e-01,0.000000000000000000e+00,0.000000000000000000e+00,0.000000000000000000e+00,0.000000000000000000e+00,4.000000000000000000e+00
6.750888229999999976e-03,2.055775169999999985e+00,1.500046580000000018e+00,2.835164150000000216e+00,5.557285899999999668e-01,0.000000000000000000e+00,0.000000000000000000e+00,0.000000000000000000e+00,0.000000000000000000e+00,4.000000000000000000e+00
6.770888230000000028e-03,2.055774249999999803e+00,1.500046580000000018e+00,2.835114760000000178e+00,5.557276700000000069e-01,0.000000000000000000e+00,0.000000000000000000e+00,0.000000000000000000e+00,0.000000000000000000e+00,4.000000000000000000e+00
6.790888230000000081e-03,2.055773330000000065e+00,1.500046580000000018e+00,2.835065380000000079e+00,5.557267500000000471e-01,0.000000000000000000e+00,0.000000000000000000e+00,0.000000000000000000e+00,0.000000000000000000e+00,4.000000000000000000e+00
6.810888230000000133e-03,2.055772409999999883e+00,1.500046580000000018e+00,2.835015999999999980e+00,5.557258299999999762e-01,0.000000000000000000e+00,0.000000000000000000e+00,0.000000000000000000e+00,0.000000000000000000e+00,4.000000000000000000e+00
6.830888230000000186e-03,2.055771490000000146e+00,1.500046580000000018e+00,2.834966609999999942e+00,5.557249100000000164e-01,0.000000000000000000e+00,0.000000000000000000e+00,0.000000000000000000e+00,0.000000000000000000e+00,4.000000000000000000e+00
6.850888230000000238e-03,2.055770569999999964e+00,1.500046580000000018e+00,2.834917229999999844e+00,5.557239899999999455e-01,0.000000000000000000e+00,0.000000000000000000e+00,0.000000000000000000e+00,0.000000000000000000e+00,4.000000000000000000e+00
6.870888230000000291e-03,2.055769639999999843e+00,1.500046570000000079e+00,2.834867860000000128e+00,5.557230699999999857e-01,0.000000000000000000e+00,0.000000000000000000e+00,0.000000000000000000e+00,0.000000000000000000e+00,4.000000000000000000e+00
6.890888230000000343e-03,2.055768720000000105e+00,1.500046570000000079e+00,2.834818480000000029e+00,5.557221500000000258e-01,0.000000000000000000e+00,0.000000000000000000e+00,0.000000000000000000e+00,0.000000000000000000e+00,4.000000000000000000e+00
6.910888230000000396e-03,2.055767799999999923e+00,1.500046570000000079e+00,2.834769099999999931e+00,5.557212310000000377e-01,0.000000000000000000e+00,0.000000000000000000e+00,0.000000000000000000e+00,0.000000000000000000e+00,4.000000000000000000e+00
6.930888229999999581e-03,2.055766880000000185e+00,1.500046570000000079e+00,2.834719730000000215e+00,5.557203109999999668e-01,0.000000000000000000e+00,0.000000000000000000e+00,0.000000000000000000e+00,0.000000000000000000e+00,4.000000000000000000e+00
6.950888229999999633e-03,2.055765960000000003e+00,1.500046570000000079e+00,2.834670360000000056e+00,5.557193910000000070e-01,0.000000000000000000e+00,0.000000000000000000e+00,0.000000000000000000e+00,0.000000000000000000e+00,4.000000000000000000e+00
6.970888229999999686e-03,2.055765039999999821e+00,1.500046570000000079e+00,2.834620989999999896e+00,5.557184720000000189e-01,0.000000000000000000e+00,0.000000000000000000e+00,0.000000000000000000e+00,0.000000000000000000e+00,4.000000000000000000e+00
6.990888229999999738e-03,2.055764120000000084e+00,1.500046570000000079e+00,2.834571620000000181e+00,5.557175519999999480e-01,0.000000000000000000e+00,0.000000000000000000e+00,0.000000000000000000e+00,0.000000000000000000e+00,4.000000000000000000e+00
7.010888229999999791e-03,2.055763199999999902e+00,1.500046559999999918e+00,2.834522259999999960e+00,5.557166329999999599e-01,0.000000000000000000e+00,0.000000000000000000e+00,0.000000000000000000e+00,0.000000000000000000e+00,4.000000000000000000e+00
7.030888229999999843e-03,2.055762280000000164e+00,1.500046559999999918e+00,2.834472900000000184e+00,5.557157130000000000e-01,0.000000000000000000e+00,0.000000000000000000e+00,0.000000000000000000e+00,0.000000000000000000e+00,4.000000000000000000e+00
7.050888229999999895e-03,2.055761359999999982e+00,1.500046559999999918e+00,2.834423530000000024e+00,5.557147940000000119e-01,0.000000000000000000e+00,0.000000000000000000e+00,0.000000000000000000e+00,0.000000000000000000e+00,4.000000000000000000e+00
7.070888229999999948e-03,2.055760429999999861e+00,1.500046559999999918e+00,2.834374169999999804e+00,5.557138750000000238e-01,0.000000000000000000e+00,0.000000000000000000e+00,0.000000000000000000e+00,0.000000000000000000e+00,4.000000000000000000e+00
7.090888230000000000e-03,2.055759510000000123e+00,1.500046559999999918e+00,2.834324819999999967e+00,5.557129560000000357e-01,0.000000000000000000e+00,0.000000000000000000e+00,0.000000000000000000e+00,0.000000000000000000e+00,4.000000000000000000e+00
7.110888230000000053e-03,2.055758589999999941e+00,1.500046559999999918e+00,2.834275460000000191e+00,5.557120370000000475e-01,0.000000000000000000e+00,0.000000000000000000e+00,0.000000000000000000e+00,0.000000000000000000e+00,4.000000000000000000e+00
7.130888230000000105e-03,2.055757670000000203e+00,1.500046549999999979e+00,2.834226109999999910e+00,5.557111169999999767e-01,0.000000000000000000e+00,0.000000000000000000e+00,0.000000000000000000e+00,0.000000000000000000e+00,4.000000000000000000e+00
7.150888230000000158e-03,2.055756750000000022e+00,1.500046549999999979e+00,2.834176750000000133e+00,5.557101979999999886e-01,0.000000000000000000e+00,0.000000000000000000e+00,0.000000000000000000e+00,0.000000000000000000e+00,4.000000000000000000e+00
7.170888230000000210e-03,2.055755829999999840e+00,1.500046549999999979e+00,2.834127399999999852e+00,5.557092790000000004e-01,0.000000000000000000e+00,0.000000000000000000e+00,0.000000000000000000e+00,0.000000000000000000e+00,4.000000000000000000e+00
7.190888230000000263e-03,2.055754910000000102e+00,1.500046549999999979e+00,2.834078050000000015e+00,5.557083609999999840e-01,0.000000000000000000e+00,0.000000000000000000e+00,0.000000000000000000e+00,0.000000000000000000e+00,4.000000000000000000e+00
7.210888230000000315e-03,2.055753989999999920e+00,1.500046549999999979e+00,2.834028710000000117e+00,5.557074419999999959e-01,0.000000000000000000e+00,0.000000000000000000e+00,0.000000000000000000e+00,0.000000000000000000e+00,4.000000000000000000e+00
7.230888230000000368e-03,2.055753070000000182e+00,1.500046549999999979e+00,2.833979359999999836e+00,5.557065230000000078e-01,0.000000000000000000e+00,0.000000000000000000e+00,0.000000000000000000e+00,0.000000000000000000e+00,4.000000000000000000e+00
7.250888230000000420e-03,2.055752150000000000e+00,1.500046549999999979e+00,2.833930019999999939e+00,5.557056040000000197e-01,0.000000000000000000e+00,0.000000000000000000e+00,0.000000000000000000e+00,0.000000000000000000e+00,4.000000000000000000e+00
7.270888229999999605e-03,2.055751229999999818e+00,1.500046540000000039e+00,2.833880680000000041e+00,5.557046850000000315e-01,0.000000000000000000e+00,0.000000000000000000e+00,0.000000000000000000e+00,0.000000000000000000e+00,4.000000000000000000e+00
7.290888229999999658e-03,2.055750310000000081e+00,1.500046540000000039e+00,2.833831340000000143e+00,5.557037670000000151e-01,0.000000000000000000e+00,0.000000000000000000e+00,0.000000000000000000e+00,0.000000000000000000e+00,4.000000000000000000e+00
7.310888229999999710e-03,2.055749389999999899e+00,1.500046540000000039e+00,2.833781999999999801e+00,5.557028480000000270e-01,0.000000000000000000e+00,0.000000000000000000e+00,0.000000000000000000e+00,0.000000000000000000e+00,4.000000000000000000e+00
7.330888229999999763e-03,2.055748470000000161e+00,1.500046540000000039e+00,2.833732659999999903e+00,5.557019300000000106e-01,0.000000000000000000e+00,0.000000000000000000e+00,0.000000000000000000e+00,0.000000000000000000e+00,4.000000000000000000e+00
7.350888229999999815e-03,2.055747549999999979e+00,1.500046540000000039e+00,2.833683329999999945e+00,5.557010110000000225e-01,0.000000000000000000e+00,0.000000000000000000e+00,0.000000000000000000e+00,0.000000000000000000e+00,4.000000000000000000e+00
7.370888229999999867e-03,2.055746629999999797e+00,1.500046540000000039e+00,2.833633999999999986e+00,5.557000930000000061e-01,0.000000000000000000e+00,0.000000000000000000e+00,0.000000000000000000e+00,0.000000000000000000e+00,4.000000000000000000e+00
7.390888229999999920e-03,2.055745710000000059e+00,1.500046530000000100e+00,2.833584670000000028e+00,5.556991740000000179e-01,0.000000000000000000e+00,0.000000000000000000e+00,0.000000000000000000e+00,0.000000000000000000e+00,4.000000000000000000e+00
7.410888229999999972e-03,2.055744789999999877e+00,1.500046530000000100e+00,2.833535340000000069e+00,5.556982560000000015e-01,0.000000000000000000e+00,0.000000000000000000e+00,0.000000000000000000e+00,0.000000000000000000e+00,4.000000000000000000e+00
7.430888230000000025e-03,2.055743870000000140e+00,1.500046530000000100e+00,2.833486010000000110e+00,5.556973379999999851e-01,0.000000000000000000e+00,0.000000000000000000e+00,0.000000000000000000e+00,0.000000000000000000e+00,4.000000000000000000e+00
7.450888230000000077e-03,2.055742949999999958e+00,1.500046530000000100e+00,2.833436690000000091e+00,5.556964199999999687e-01,0.000000000000000000e+00,0.000000000000000000e+00,0.000000000000000000e+00,0.000000000000000000e+00,4.000000000000000000e+00
7.470888230000000130e-03,2.055742030000000220e+00,1.500046530000000100e+00,2.833387360000000132e+00,5.556955019999999523e-01,0.000000000000000000e+00,0.000000000000000000e+00,0.000000000000000000e+00,0.000000000000000000e+00,4.000000000000000000e+00
7.490888230000000182e-03,2.055741110000000038e+00,1.500046530000000100e+00,2.833338040000000113e+00,5.556945840000000469e-01,0.000000000000000000e+00,0.000000000000000000e+00,0.000000000000000000e+00,0.000000000000000000e+00,4.000000000000000000e+00
7.510888230000000235e-03,2.055740189999999856e+00,1.500046530000000100e+00,2.833288720000000094e+00,5.556936660000000305e-01,0.000000000000000000e+00,0.000000000000000000e+00,0.000000000000000000e+00,0.000000000000000000e+00,4.000000000000000000e+00
7.530888230000000287e-03,2.055739270000000118e+00,1.500046519999999939e+00,2.833239410000000014e+00,5.556927480000000141e-01,0.000000000000000000e+00,0.000000000000000000e+00,0.000000000000000000e+00,0.000000000000000000e+00,4.000000000000000000e+00
7.550888230000000340e-03,2.055738349999999937e+00,1.500046519999999939e+00,2.833190089999999994e+00,5.556918299999999977e-01,0.000000000000000000e+00,0.000000000000000000e+00,0.000000000000000000e+00,0.000000000000000000e+00,4.000000000000000000e+00
7.570888230000000392e-03,2.055737430000000199e+00,1.500046519999999939e+00,2.833140779999999914e+00,5.556909119999999813e-01,0.000000000000000000e+00,0.000000000000000000e+00,0.000000000000000000e+00,0.000000000000000000e+00,4.000000000000000000e+00
7.590888229999999577e-03,2.055736510000000017e+00,1.500046519999999939e+00,2.833091469999999834e+00,5.556899939999999649e-01,0.000000000000000000e+00,0.000000000000000000e+00,0.000000000000000000e+00,0.000000000000000000e+00,4.000000000000000000e+00
7.610888229999999630e-03,2.055735589999999835e+00,1.500046519999999939e+00,2.833042160000000198e+00,5.556890759999999485e-01,0.000000000000000000e+00,0.000000000000000000e+00,0.000000000000000000e+00,0.000000000000000000e+00,4.000000000000000000e+00
7.630888229999999682e-03,2.055734680000000036e+00,1.500046519999999939e+00,2.832992850000000118e+00,5.556881590000000148e-01,0.000000000000000000e+00,0.000000000000000000e+00,0.000000000000000000e+00,0.000000000000000000e+00,4.000000000000000000e+00
7.650888229999999735e-03,2.055733759999999855e+00,1.500046519999999939e+00,2.832943540000000038e+00,5.556872409999999984e-01,0.000000000000000000e+00,0.000000000000000000e+00,0.000000000000000000e+00,0.000000000000000000e+00,4.000000000000000000e+00
7.670888229999999787e-03,2.055732840000000117e+00,1.500046510000000000e+00,2.832894239999999897e+00,5.556863229999999820e-01,0.000000000000000000e+00,0.000000000000000000e+00,0.000000000000000000e+00,0.000000000000000000e+00,4.000000000000000000e+00
7.690888229999999839e-03,2.055731919999999935e+00,1.500046510000000000e+00,2.832844929999999817e+00,5.556854060000000484e-01,0.000000000000000000e+00,0.000000000000000000e+00,0.000000000000000000e+00,0.000000000000000000e+00,4.000000000000000000e+00
7.710888229999999892e-03,2.055731000000000197e+00,1.500046510000000000e+00,2.832795630000000120e+00,5.556844880000000320e-01,0.000000000000000000e+00,0.000000000000000000e+00,0.000000000000000000e+00,0.000000000000000000e+00,4.000000000000000000e+00
7.730888229999999944e-03,2.055730080000000015e+00,1.500046510000000000e+00,2.832746329999999979e+00,5.556835709999999873e-01,0.000000000000000000e+00,0.000000000000000000e+00,0.000000000000000000e+00,0.000000000000000000e+00,4.000000000000000000e+00
7.750888229999999997e-03,2.055729159999999833e+00,1.500046510000000000e+00,2.832697040000000221e+00,5.556826540000000536e-01,0.000000000000000000e+00,0.000000000000000000e+00,0.000000000000000000e+00,0.000000000000000000e+00,4.000000000000000000e+00
7.770888230000000049e-03,2.055728240000000095e+00,1.500046510000000000e+00,2.832647740000000081e+00,5.556817360000000372e-01,0.000000000000000000e+00,0.000000000000000000e+00,0.000000000000000000e+00,0.000000000000000000e+00,4.000000000000000000e+00
7.790888230000000102e-03,2.055727319999999914e+00,1.500046500000000060e+00,2.832598449999999879e+00,5.556808189999999925e-01,0.000000000000000000e+00,0.000000000000000000e+00,0.000000000000000000e+00,0.000000000000000000e+00,4.000000000000000000e+00
7.810888230000000154e-03,2.055726400000000176e+00,1.500046500000000060e+00,2.832549160000000121e+00,5.556799019999999478e-01,0.000000000000000000e+00,0.000000000000000000e+00,0.000000000000000000e+00,0.000000000000000000e+00,4.000000000000000000e+00
7.830888229999999339e-03,2.055725489999999933e+00,1.500046500000000060e+00,2.832499869999999920e+00,5.556789850000000142e-01,0.000000000000000000e+00,0.000000000000000000e+00,0.000000000000000000e+00,0.000000000000000000e+00,4.000000000000000000e+00
7.850888230000000259e-03,2.055724570000000195e+00,1.500046500000000060e+00,2.832450580000000162e+00,5.556780679999999695e-01,0.000000000000000000e+00,0.000000000000000000e+00,0.000000000000000000e+00,0.000000000000000000e+00,4.000000000000000000e+00
7.870888229999999444e-03,2.055723650000000013e+00,1.500046500000000060e+00,2.832401289999999960e+00,5.556771510000000358e-01,0.000000000000000000e+00,0.000000000000000000e+00,0.000000000000000000e+00,0.000000000000000000e+00,4.000000000000000000e+00
7.890888230000000364e-03,2.055722729999999832e+00,1.500046500000000060e+00,2.832352010000000142e+00,5.556762339999999911e-01,0.000000000000000000e+00,0.000000000000000000e+00,0.000000000000000000e+00,0.000000000000000000e+00,4.000000000000000000e+00
7.910888229999999549e-03,2.055721810000000094e+00,1.500046500000000060e+00,2.832302729999999880e+00,5.556753169999999464e-01,0.000000000000000000e+00,0.000000000000000000e+00,0.000000000000000000e+00,0.000000000000000000e+00,4.000000000000000000e+00
7.930888230000000469e-03,2.055720889999999912e+00,1.500046489999999899e+00,2.832253450000000061e+00,5.556744000000000128e-01,0.000000000000000000e+00,0.000000000000000000e+00,0.000000000000000000e+00,0.000000000000000000e+00,4.000000000000000000e+00
7.950888229999999654e-03,2.055719980000000113e+00,1.500046489999999899e+00,2.832204169999999799e+00,5.556734829999999681e-01,0.000000000000000000e+00,0.000000000000000000e+00,0.000000000000000000e+00,0.000000000000000000e+00,4.000000000000000000e+00
7.970888230000000574e-03,2.055719059999999931e+00,1.500046489999999899e+00,2.832154889999999980e+00,5.556725670000000061e-01,0.000000000000000000e+00,0.000000000000000000e+00,0.000000000000000000e+00,0.000000000000000000e+00,4.000000000000000000e+00
7.990888229999999759e-03,2.055718140000000194e+00,1.500046489999999899e+00,2.832105620000000101e+00,5.556716499999999614e-01,0.000000000000000000e+00,0.000000000000000000e+00,0.000000000000000000e+00,0.000000000000000000e+00,4.000000000000000000e+00
8.010888230000000679e-03,2.055717220000000012e+00,1.500046489999999899e+00,2.832056339999999839e+00,5.556707330000000278e-01,0.000000000000000000e+00,0.000000000000000000e+00,0.000000000000000000e+00,0.000000000000000000e+00,4.000000000000000000e+00
8.030888229999999864e-03,2.055716299999999830e+00,1.500046489999999899e+00,2.832007069999999960e+00,5.556698169999999548e-01,0.000000000000000000e+00,0.000000000000000000e+00,0.000000000000000000e+00,0.000000000000000000e+00,4.000000000000000000e+00
8.050888230000000784e-03,2.055715380000000092e+00,1.500046479999999960e+00,2.831957800000000081e+00,5.556689000000000211e-01,0.000000000000000000e+00,0.000000000000000000e+00,0.000000000000000000e+00,0.000000000000000000e+00,4.000000000000000000e+00
8.070888229999999969e-03,2.055714469999999849e+00,1.500046479999999960e+00,2.831908530000000201e+00,5.556679839999999482e-01,0.000000000000000000e+00,0.000000000000000000e+00,0.000000000000000000e+00,0.000000000000000000e+00,4.000000000000000000e+00
8.090888229999999154e-03,2.055713550000000112e+00,1.500046479999999960e+00,2.831859269999999817e+00,5.556670670000000145e-01,0.000000000000000000e+00,0.000000000000000000e+00,0.000000000000000000e+00,0.000000000000000000e+00,4.000000000000000000e+00
8.110888230000000074e-03,2.055712629999999930e+00,1.500046479999999960e+00,2.831809999999999938e+00,5.556661510000000526e-01,0.000000000000000000e+00,0.000000000000000000e+00,0.000000000000000000e+00,0.000000000000000000e+00,4.000000000000000000e+00
8.130888229999999259e-03,2.055711710000000192e+00,1.500046479999999960e+00,2.831760739999999998e+00,5.556652349999999796e-01,0.000000000000000000e+00,0.000000000000000000e+00,0.000000000000000000e+00,0.000000000000000000e+00,4.000000000000000000e+00
8.150888230000000179e-03,2.055710799999999949e+00,1.500046479999999960e+00,2.831711480000000059e+00,5.556643190000000176e-01,0.000000000000000000e+00,0.000000000000000000e+00,0.000000000000000000e+00,0.000000000000000000e+00,4.000000000000000000e+00
8.170888229999999364e-03,2.055709880000000211e+00,1.500046479999999960e+00,2.831662220000000119e+00,5.556634019999999730e-01,0.000000000000000000e+00,0.000000000000000000e+00,0.000000000000000000e+00,0.000000000000000000e+00,4.000000000000000000e+00
8.190888230000000284e-03,2.055708960000000030e+00,1.500046470000000021e+00,2.831612970000000118e+00,5.556624860000000110e-01,0.000000000000000000e+00,0.000000000000000000e+00,0.000000000000000000e+00,0.000000000000000000e+00,4.000000000000000000e+00
8.210888229999999469e-03,2.055708039999999848e+00,1.500046470000000021e+00,2.831563710000000178e+00,5.556615700000000491e-01,0.000000000000000000e+00,0.000000000000000000e+00,0.000000000000000000e+00,0.000000000000000000e+00,4.000000000000000000e+00
8.230888230000000388e-03,2.055707120000000110e+00,1.500046470000000021e+00,2.831514460000000177e+00,5.556606539999999761e-01,0.000000000000000000e+00,0.000000000000000000e+00,0.000000000000000000e+00,0.000000000000000000e+00,4.000000000000000000e+00
8.250888229999999574e-03,2.055706209999999867e+00,1.500046470000000021e+00,2.831465210000000177e+00,5.556597380000000141e-01,0.000000000000000000e+00,0.000000000000000000e+00,0.000000000000000000e+00,0.000000000000000000e+00,4.000000000000000000e+00
8.270888230000000493e-03,2.055705290000000129e+00,1.500046470000000021e+00,2.831415960000000176e+00,5.556588220000000522e-01,0.000000000000000000e+00,0.000000000000000000e+00,0.000000000000000000e+00,0.000000000000000000e+00,4.000000000000000000e+00
8.290888229999999678e-03,2.055704369999999948e+00,1.500046470000000021e+00,2.831366710000000175e+00,5.556579069999999509e-01,0.000000000000000000e+00,0.000000000000000000e+00,0.000000000000000000e+00,0.000000000000000000e+00,4.000000000000000000e+00
8.310888230000000598e-03,2.055703460000000149e+00,1.500046460000000081e+00,2.831317470000000114e+00,5.556569909999999890e-01,0.000000000000000000e+00,0.000000000000000000e+00,0.000000000000000000e+00,0.000000000000000000e+00,4.000000000000000000e+00
8.330888229999999783e-03,2.055702539999999967e+00,1.500046460000000081e+00,2.831268220000000113e+00,5.556560750000000271e-01,0.000000000000000000e+00,0.000000000000000000e+00,0.000000000000000000e+00,0.000000000000000000e+00,4.000000000000000000e+00
8.350888230000000703e-03,2.055701619999999785e+00,1.500046460000000081e+00,2.831218980000000052e+00,5.556551600000000368e-01,0.000000000000000000e+00,0.000000000000000000e+00,0.000000000000000000e+00,0.000000000000000000e+00,4.000000000000000000e+00
8.370888229999999888e-03,2.055700700000000047e+00,1.500046460000000081e+00,2.831169739999999990e+00,5.556542439999999639e-01,0.000000000000000000e+00,0.000000000000000000e+00,0.000000000000000000e+00,0.000000000000000000e+00,4.000000000000000000e+00
8.390888230000000808e-03,2.055699789999999805e+00,1.500046460000000081e+00,2.831120499999999929e+00,5.556533280000000019e-01,0.000000000000000000e+00,0.000000000000000000e+00,0.000000000000000000e+00,0.000000000000000000e+00,4.000000000000000000e+00
8.410888229999999993e-03,2.055698870000000067e+00,1.500046460000000081e+00,2.831071269999999807e+00,5.556524130000000117e-01,0.000000000000000000e+00,0.000000000000000000e+00,0.000000000000000000e+00,0.000000000000000000e+00,4.000000000000000000e+00
8.430888229999999178e-03,2.055697949999999885e+00,1.500046460000000081e+00,2.831022030000000189e+00,5.556514970000000497e-01,0.000000000000000000e+00,0.000000000000000000e+00,0.000000000000000000e+00,0.000000000000000000e+00,4.000000000000000000e+00
8.450888230000000098e-03,2.055697040000000086e+00,1.500046449999999920e+00,2.830972800000000067e+00,5.556505819999999485e-01,0.000000000000000000e+00,0.000000000000000000e+00,0.000000000000000000e+00,0.000000000000000000e+00,4.000000000000000000e+00
8.470888229999999283e-03,2.055696119999999905e+00,1.500046449999999920e+00,2.830923569999999945e+00,5.556496669999999583e-01,0.000000000000000000e+00,0.000000000000000000e+00,0.000000000000000000e+00,0.000000000000000000e+00,4.000000000000000000e+00
8.490888230000000203e-03,2.055695200000000167e+00,1.500046449999999920e+00,2.830874339999999822e+00,5.556487509999999963e-01,0.000000000000000000e+00,0.000000000000000000e+00,0.000000000000000000e+00,0.000000000000000000e+00,4.000000000000000000e+00
8.510888229999999388e-03,2.055694289999999924e+00,1.500046449999999920e+00,2.830825110000000144e+00,5.556478360000000061e-01,0.000000000000000000e+00,0.000000000000000000e+00,0.000000000000000000e+00,0.000000000000000000e+00,4.000000000000000000e+00
8.530888230000000308e-03,2.055693370000000186e+00,1.500046449999999920e+00,2.830775889999999961e+00,5.556469210000000158e-01,0.000000000000000000e+00,0.000000000000000000e+00,0.000000000000000000e+00,0.000000000000000000e+00,4.000000000000000000e+00
8.550888229999999493e-03,2.055692450000000004e+00,1.500046449999999920e+00,2.830726659999999839e+00,5.556460060000000256e-01,0.000000000000000000e+00,0.000000000000000000e+00,0.000000000000000000e+00,0.000000000000000000e+00,4.000000000000000000e+00
8.570888230000000413e-03,2.055691540000000206e+00,1.500046439999999981e+00,2.830677440000000100e+00,5.556450910000000354e-01,0.000000000000000000e+00,0.000000000000000000e+00,0.000000000000000000e+00,0.000000000000000000e+00,4.000000000000000000e+00
8.590888229999999598e-03,2.055690620000000024e+00,1.500046439999999981e+00,2.830628219999999917e+00,5.556441760000000452e-01,0.000000000000000000e+00,0.000000000000000000e+00,0.000000000000000000e+00,0.000000000000000000e+00,4.000000000000000000e+00
8.610888230000000518e-03,2.055689699999999842e+00,1.500046439999999981e+00,2.830579010000000117e+00,5.556432610000000549e-01,0.000000000000000000e+00,0.000000000000000000e+00,0.000000000000000000e+00,0.000000000000000000e+00,4.000000000000000000e+00
8.630888229999999703e-03,2.055688790000000044e+00,1.500046439999999981e+00,2.830529789999999934e+00,5.556423459999999537e-01,0.000000000000000000e+00,0.000000000000000000e+00,0.000000000000000000e+00,0.000000000000000000e+00,4.000000000000000000e+00
8.650888230000000623e-03,2.055687869999999862e+00,1.500046439999999981e+00,2.830480570000000196e+00,5.556414309999999634e-01,0.000000000000000000e+00,0.000000000000000000e+00,0.000000000000000000e+00,0.000000000000000000e+00,4.000000000000000000e+00
8.670888229999999808e-03,2.055686950000000124e+00,1.500046439999999981e+00,2.830431359999999952e+00,5.556405169999999449e-01,0.000000000000000000e+00,0.000000000000000000e+00,0.000000000000000000e+00,0.000000000000000000e+00,4.000000000000000000e+00
8.690888230000000728e-03,2.055686039999999881e+00,1.500046439999999981e+00,2.830382150000000152e+00,5.556396019999999547e-01,0.000000000000000000e+00,0.000000000000000000e+00,0.000000000000000000e+00,0.000000000000000000e+00,4.000000000000000000e+00
8.710888229999999913e-03,2.055685120000000143e+00,1.500046430000000042e+00,2.830332939999999908e+00,5.556386869999999645e-01,0.000000000000000000e+00,0.000000000000000000e+00,0.000000000000000000e+00,0.000000000000000000e+00,4.000000000000000000e+00
8.730888230000000833e-03,2.055684209999999901e+00,1.500046430000000042e+00,2.830283740000000048e+00,5.556377729999999460e-01,0.000000000000000000e+00,0.000000000000000000e+00,0.000000000000000000e+00,0.000000000000000000e+00,4.000000000000000000e+00
8.750888230000000018e-03,2.055683290000000163e+00,1.500046430000000042e+00,2.830234529999999804e+00,5.556368579999999557e-01,0.000000000000000000e+00,0.000000000000000000e+00,0.000000000000000000e+00,0.000000000000000000e+00,4.000000000000000000e+00
8.770888229999999203e-03,2.055682369999999981e+00,1.500046430000000042e+00,2.830185329999999944e+00,5.556359440000000482e-01,0.000000000000000000e+00,0.000000000000000000e+00,0.000000000000000000e+00,0.000000000000000000e+00,4.000000000000000000e+00
8.790888230000000123e-03,2.055681460000000182e+00,1.500046430000000042e+00,2.830136130000000083e+00,5.556350289999999470e-01,0.000000000000000000e+00,0.000000000000000000e+00,0.000000000000000000e+00,0.000000000000000000e+00,4.000000000000000000e+00
8.810888229999999308e-03,2.055680540000000001e+00,1.500046430000000042e+00,2.830086929999999779e+00,5.556341150000000395e-01,0.000000000000000000e+00,0.000000000000000000e+00,0.000000000000000000e+00,0.000000000000000000e+00,4.000000000000000000e+00
8.830888230000000227e-03,2.055679630000000202e+00,1.500046420000000102e+00,2.830037729999999918e+00,5.556332010000000210e-01,0.000000000000000000e+00,0.000000000000000000e+00,0.000000000000000000e+00,0.000000000000000000e+00,4.000000000000000000e+00
8.850888229999999413e-03,2.055678710000000020e+00,1.500046420000000102e+00,2.829988530000000058e+00,5.556322860000000308e-01,0.000000000000000000e+00,0.000000000000000000e+00,0.000000000000000000e+00,0.000000000000000000e+00,4.000000000000000000e+00
8.870888230000000332e-03,2.055677789999999838e+00,1.500046420000000102e+00,2.829939340000000136e+00,5.556313720000000123e-01,0.000000000000000000e+00,0.000000000000000000e+00,0.000000000000000000e+00,0.000000000000000000e+00,4.000000000000000000e+00
8.890888229999999517e-03,2.055676880000000040e+00,1.500046420000000102e+00,2.829890150000000215e+00,5.556304579999999937e-01,0.000000000000000000e+00,0.000000000000000000e+00,0.000000000000000000e+00,0.000000000000000000e+00,4.000000000000000000e+00
8.910888230000000437e-03,2.055675959999999858e+00,1.500046420000000102e+00,2.829840959999999850e+00,5.556295439999999752e-01,0.000000000000000000e+00,0.000000000000000000e+00,0.000000000000000000e+00,0.000000000000000000e+00,4.000000000000000000e+00
8.930888229999999622e-03,2.055675050000000059e+00,1.500046420000000102e+00,2.829791769999999929e+00,5.556286299999999567e-01,0.000000000000000000e+00,0.000000000000000000e+00,0.000000000000000000e+00,0.000000000000000000e+00,4.000000000000000000e+00
8.950888230000000542e-03,2.055674129999999877e+00,1.500046420000000102e+00,2.829742580000000007e+00,5.556277160000000492e-01,0.000000000000000000e+00,0.000000000000000000e+00,0.000000000000000000e+00,0.000000000000000000e+00,4.000000000000000000e+00
8.970888229999999727e-03,2.055673220000000079e+00,1.500046409999999941e+00,2.829693400000000025e+00,5.556268020000000307e-01,0.000000000000000000e+00,0.000000000000000000e+00,0.000000000000000000e+00,0.000000000000000000e+00,4.000000000000000000e+00
8.990888230000000647e-03,2.055672299999999897e+00,1.500046409999999941e+00,2.829644220000000043e+00,5.556258880000000122e-01,0.000000000000000000e+00,0.000000000000000000e+00,0.000000000000000000e+00,0.000000000000000000e+00,4.000000000000000000e+00
9.010888229999999832e-03,2.055671390000000098e+00,1.500046409999999941e+00,2.829595030000000122e+00,5.556249739999999937e-01,0.000000000000000000e+00,0.000000000000000000e+00,0.000000000000000000e+00,0.000000000000000000e+00,4.000000000000000000e+00
9.030888230000000752e-03,2.055670469999999916e+00,1.500046409999999941e+00,2.829545850000000140e+00,5.556240599999999752e-01,0.000000000000000000e+00,0.000000000000000000e+00,0.000000000000000000e+00,0.000000000000000000e+00,4.000000000000000000e+00
9.050888229999999937e-03,2.055669550000000179e+00,1.500046409999999941e+00,2.829496680000000097e+00,5.556231470000000394e-01,0.000000000000000000e+00,0.000000000000000000e+00,0.000000000000000000e+00,0.000000000000000000e+00,4.000000000000000000e+00
9.070888230000000857e-03,2.055668639999999936e+00,1.500046409999999941e+00,2.829447500000000115e+00,5.556222330000000209e-01,0.000000000000000000e+00,0.000000000000000000e+00,0.000000000000000000e+00,0.000000000000000000e+00,4.000000000000000000e+00
9.090888230000000042e-03,2.055667720000000198e+00,1.500046400000000002e+00,2.829398330000000072e+00,5.556213199999999741e-01,0.000000000000000000e+00,0.000000000000000000e+00,0.000000000000000000e+00,0.000000000000000000e+00,4.000000000000000000e+00
9.110888229999999227e-03,2.055666809999999955e+00,1.500046400000000002e+00,2.829349160000000030e+00,5.556204059999999556e-01,0.000000000000000000e+00,0.000000000000000000e+00,0.000000000000000000e+00,0.000000000000000000e+00,4.000000000000000000e+00
9.130888230000000147e-03,2.055665890000000218e+00,1.500046400000000002e+00,2.829299989999999987e+00,5.556194930000000198e-01,0.000000000000000000e+00,0.000000000000000000e+00,0.000000000000000000e+00,0.000000000000000000e+00,4.000000000000000000e+00
9.150888229999999332e-03,2.055664979999999975e+00,1.500046400000000002e+00,2.829250819999999944e+00,5.556185790000000013e-01,0.000000000000000000e+00,0.000000000000000000e+00,0.000000000000000000e+00,0.000000000000000000e+00,4.000000000000000000e+00
9.170888230000000252e-03,2.055664059999999793e+00,1.500046400000000002e+00,2.829201649999999901e+00,5.556176659999999545e-01,0.000000000000000000e+00,0.000000000000000000e+00,0.000000000000000000e+00,0.000000000000000000e+00,4.000000000000000000e+00
9.190888229999999437e-03,2.055663149999999995e+00,1.500046400000000002e+00,2.829152489999999798e+00,5.556167520000000470e-01,0.000000000000000000e+00,0.000000000000000000e+00,0.000000000000000000e+00,0.000000000000000000e+00,4.000000000000000000e+00
9.210888230000000357e-03,2.055662240000000196e+00,1.500046400000000002e+00,2.829103320000000199e+00,5.556158390000000002e-01,0.000000000000000000e+00,0.000000000000000000e+00,0.000000000000000000e+00,0.000000000000000000e+00,4.000000000000000000e+00
9.230888229999999542e-03,2.055661320000000014e+00,1.500046390000000063e+00,2.829054160000000095e+00,5.556149259999999535e-01,0.000000000000000000e+00,0.000000000000000000e+00,0.000000000000000000e+00,0.000000000000000000e+00,4.000000000000000000e+00
9.250888230000000462e-03,2.055660410000000216e+00,1.500046390000000063e+00,2.829004999999999992e+00,5.556140130000000177e-01,0.000000000000000000e+00,0.000000000000000000e+00,0.000000000000000000e+00,0.000000000000000000e+00,4.000000000000000000e+00
9.270888229999999647e-03,2.055659490000000034e+00,1.500046390000000063e+00,2.828955849999999828e+00,5.556130999999999709e-01,0.000000000000000000e+00,0.000000000000000000e+00,0.000000000000000000e+00,0.000000000000000000e+00,4.000000000000000000e+00
9.290888230000000567e-03,2.055658579999999791e+00,1.500046390000000063e+00,2.828906690000000168e+00,5.556121870000000351e-01,0.000000000000000000e+00,0.000000000000000000e+00,0.000000000000000000e+00,0.000000000000000000e+00,4.000000000000000000e+00
9.310888229999999752e-03,2.055657660000000053e+00,1.500046390000000063e+00,2.828857540000000004e+00,5.556112739999999883e-01,0.000000000000000000e+00,0.000000000000000000e+00,0.000000000000000000e+00,0.000000000000000000e+00,4.000000000000000000e+00
9.330888230000000672e-03,2.055656749999999811e+00,1.500046390000000063e+00,2.828808389999999839e+00,5.556103610000000526e-01,0.000000000000000000e+00,0.000000000000000000e+00,0.000000000000000000e+00,0.000000000000000000e+00,4.000000000000000000e+00
9.350888229999999857e-03,2.055655830000000073e+00,1.500046390000000063e+00,2.828759240000000119e+00,5.556094480000000058e-01,0.000000000000000000e+00,0.000000000000000000e+00,0.000000000000000000e+00,0.000000000000000000e+00,4.000000000000000000e+00
9.370888230000000776e-03,2.055654919999999830e+00,1.500046379999999902e+00,2.828710089999999955e+00,5.556085349999999590e-01,0.000000000000000000e+00,0.000000000000000000e+00,0.000000000000000000e+00,0.000000000000000000e+00,4.000000000000000000e+00
9.390888229999999962e-03,2.055654000000000092e+00,1.500046379999999902e+00,2.828660939999999790e+00,5.556076220000000232e-01,0.000000000000000000e+00,0.000000000000000000e+00,0.000000000000000000e+00,0.000000000000000000e+00,4.000000000000000000e+00
9.410888229999999147e-03,2.055653089999999850e+00,1.500046379999999902e+00,2.828611800000000009e+00,5.556067099999999481e-01,0.000000000000000000e+00,0.000000000000000000e+00,0.000000000000000000e+00,0.000000000000000000e+00,4.000000000000000000e+00
9.430888230000000066e-03,2.055652180000000051e+00,1.500046379999999902e+00,2.828562659999999784e+00,5.556057970000000124e-01,0.000000000000000000e+00,0.000000000000000000e+00,0.000000000000000000e+00,0.000000000000000000e+00,4.000000000000000000e+00
9.450888229999999252e-03,2.055651259999999869e+00,1.500046379999999902e+00,2.828513520000000003e+00,5.556048850000000483e-01,0.000000000000000000e+00,0.000000000000000000e+00,0.000000000000000000e+00,0.000000000000000000e+00,4.000000000000000000e+00
9.470888230000000171e-03,2.055650350000000071e+00,1.500046379999999902e+00,2.828464379999999778e+00,5.556039720000000015e-01,0.000000000000000000e+00,0.000000000000000000e+00,0.000000000000000000e+00,0.000000000000000000e+00,4.000000000000000000e+00
9.490888229999999356e-03,2.055649429999999889e+00,1.500046369999999962e+00,2.828415239999999997e+00,5.556030600000000375e-01,0.000000000000000000e+00,0.000000000000000000e+00,0.000000000000000000e+00,0.000000000000000000e+00,4.000000000000000000e+00
9.510888230000000276e-03,2.055648520000000090e+00,1.500046369999999962e+00,2.828366100000000216e+00,5.556021469999999907e-01,0.000000000000000000e+00,0.000000000000000000e+00,0.000000000000000000e+00,0.000000000000000000e+00,4.000000000000000000e+00
9.530888229999999461e-03,2.055647609999999847e+00,1.500046369999999962e+00,2.828316969999999930e+00,5.556012350000000266e-01,0.000000000000000000e+00,0.000000000000000000e+00,0.000000000000000000e+00,0.000000000000000000e+00,4.000000000000000000e+00
9.550888230000000381e-03,2.055646690000000110e+00,1.500046369999999962e+00,2.828267840000000088e+00,5.556003229999999515e-01,0.000000000000000000e+00,0.000000000000000000e+00,0.000000000000000000e+00,0.000000000000000000e+00,4.000000000000000000e+00
9.570888229999999566e-03,2.055645779999999867e+00,1.500046369999999962e+00,2.828218709999999803e+00,5.555994100000000158e-01,0.000000000000000000e+00,0.000000000000000000e+00,0.000000000000000000e+00,0.000000000000000000e+00,4.000000000000000000e+00
9.590888230000000486e-03,2.055644870000000068e+00,1.500046369999999962e+00,2.828169579999999961e+00,5.555984980000000517e-01,0.000000000000000000e+00,0.000000000000000000e+00,0.000000000000000000e+00,0.000000000000000000e+00,4.000000000000000000e+00
9.610888229999999671e-03,2.055643949999999887e+00,1.500046369999999962e+00,2.828120460000000058e+00,5.555975859999999766e-01,0.000000000000000000e+00,0.000000000000000000e+00,0.000000000000000000e+00,0.000000000000000000e+00,4.000000000000000000e+00
9.630888230000000591e-03,2.055643040000000088e+00,1.500046360000000023e+00,2.828071330000000216e+00,5.555966740000000126e-01,0.000000000000000000e+00,0.000000000000000000e+00,0.000000000000000000e+00,0.000000000000000000e+00,4.000000000000000000e+00
9.650888229999999776e-03,2.055642119999999906e+00,1.500046360000000023e+00,2.828022209999999870e+00,5.555957620000000485e-01,0.000000000000000000e+00,0.000000000000000000e+00,0.000000000000000000e+00,0.000000000000000000e+00,4.000000000000000000e+00
9.670888230000000696e-03,2.055641210000000108e+00,1.500046360000000023e+00,2.827973089999999967e+00,5.555948499999999735e-01,0.000000000000000000e+00,0.000000000000000000e+00,0.000000000000000000e+00,0.000000000000000000e+00,4.000000000000000000e+00
9.690888229999999881e-03,2.055640299999999865e+00,1.500046360000000023e+00,2.827923970000000065e+00,5.555939380000000094e-01,0.000000000000000000e+00,0.000000000000000000e+00,0.000000000000000000e+00,0.000000000000000000e+00,4.000000000000000000e+00
9.710888230000000801e-03,2.055639380000000127e+00,1.500046360000000023e+00,2.827874850000000162e+00,5.555930260000000454e-01,0.000000000000000000e+00,0.000000000000000000e+00,0.000000000000000000e+00,0.000000000000000000e+00,4.000000000000000000e+00
9.730888229999999986e-03,2.055638469999999884e+00,1.500046360000000023e+00,2.827825740000000199e+00,5.555921139999999703e-01,0.000000000000000000e+00,0.000000000000000000e+00,0.000000000000000000e+00,0.000000000000000000e+00,4.000000000000000000e+00
9.750888229999999171e-03,2.055637560000000086e+00,1.500046350000000084e+00,2.827776629999999791e+00,5.555912029999999779e-01,0.000000000000000000e+00,0.000000000000000000e+00,0.000000000000000000e+00,0.000000000000000000e+00,4.000000000000000000e+00
9.770888230000000091e-03,2.055636639999999904e+00,1.500046350000000084e+00,2.827727519999999828e+00,5.555902910000000139e-01,0.000000000000000000e+00,0.000000000000000000e+00,0.000000000000000000e+00,0.000000000000000000e+00,4.000000000000000000e+00
9.790888229999999276e-03,2.055635730000000105e+00,1.500046350000000084e+00,2.827678409999999865e+00,5.555893790000000498e-01,0.000000000000000000e+00,0.000000000000000000e+00,0.000000000000000000e+00,0.000000000000000000e+00,4.000000000000000000e+00
9.810888230000000196e-03,2.055634819999999863e+00,1.500046350000000084e+00,2.827629299999999901e+00,5.555884679999999465e-01,0.000000000000000000e+00,0.000000000000000000e+00,0.000000000000000000e+00,0.000000000000000000e+00,4.000000000000000000e+00
9.830888229999999381e-03,2.055633900000000125e+00,1.500046350000000084e+00,2.827580189999999938e+00,5.555875559999999824e-01,0.000000000000000000e+00,0.000000000000000000e+00,0.000000000000000000e+00,0.000000000000000000e+00,4.000000000000000000e+00
9.850888230000000301e-03,2.055632989999999882e+00,1.500046350000000084e+00,2.827531089999999914e+00,5.555866449999999901e-01,0.000000000000000000e+00,0.000000000000000000e+00,0.000000000000000000e+00,0.000000000000000000e+00,4.000000000000000000e+00
9.870888229999999486e-03,2.055632080000000084e+00,1.500046350000000084e+00,2.827481989999999890e+00,5.555857330000000260e-01,0.000000000000000000e+00,0.000000000000000000e+00,0.000000000000000000e+00,0.000000000000000000e+00,4.000000000000000000e+00
9.890888230000000406e-03,2.055631169999999841e+00,1.500046339999999923e+00,2.827432889999999865e+00,5.555848220000000337e-01,0.000000000000000000e+00,0.000000000000000000e+00,0.000000000000000000e+00,0.000000000000000000e+00,4.000000000000000000e+00
9.910888229999999591e-03,2.055630250000000103e+00,1.500046339999999923e+00,2.827383789999999841e+00,5.555839110000000414e-01,0.000000000000000000e+00,0.000000000000000000e+00,0.000000000000000000e+00,0.000000000000000000e+00,4.000000000000000000e+00
9.930888230000000511e-03,2.055629339999999861e+00,1.500046339999999923e+00,2.827334689999999817e+00,5.555830000000000490e-01,0.000000000000000000e+00,0.000000000000000000e+00,0.000000000000000000e+00,0.000000000000000000e+00,4.000000000000000000e+00
9.950888229999999696e-03,2.055628430000000062e+00,1.500046339999999923e+00,2.827285600000000176e+00,5.555820879999999740e-01,0.000000000000000000e+00,0.000000000000000000e+00,0.000000000000000000e+00,0.000000000000000000e+00,4.000000000000000000e+00
9.970888230000000615e-03,2.055627519999999819e+00,1.500046339999999923e+00,2.827236500000000152e+00,5.555811769999999816e-01,0.000000000000000000e+00,0.000000000000000000e+00,0.000000000000000000e+00,0.000000000000000000e+00,4.000000000000000000e+00
9.990888229999999801e-03,2.055626600000000082e+00,1.500046339999999923e+00,2.827187410000000067e+00,5.555802659999999893e-01,0.000000000000000000e+00,0.000000000000000000e+00,0.000000000000000000e+00,0.000000000000000000e+00,4.000000000000000000e+00
1.001088819999999997e-02,2.055625689999999839e+00,1.500046329999999983e+00,2.827138319999999982e+00,5.555793549999999970e-01,0.000000000000000000e+00,0.000000000000000000e+00,0.000000000000000000e+00,0.000000000000000000e+00,4.000000000000000000e+00
1.003088819999999916e-02,2.055624780000000040e+00,1.500046329999999983e+00,2.827089239999999837e+00,5.555784440000000046e-01,0.000000000000000000e+00,0.000000000000000000e+00,0.000000000000000000e+00,0.000000000000000000e+00,4.000000000000000000e+00
1.005088820000000008e-02,2.055623869999999798e+00,1.500046329999999983e+00,2.827040150000000196e+00,5.555775330000000123e-01,0.000000000000000000e+00,0.000000000000000000e+00,0.000000000000000000e+00,0.000000000000000000e+00,4.000000000000000000e+00
1.007088819999999926e-02,2.055622950000000060e+00,1.500046329999999983e+00,2.826991070000000050e+00,5.555766220000000200e-01,0.000000000000000000e+00,0.000000000000000000e+00,0.000000000000000000e+00,0.000000000000000000e+00,4.000000000000000000e+00
1.009088820000000018e-02,2.055622039999999817e+00,1.500046329999999983e+00,2.826941989999999905e+00,5.555757119999999993e-01,0.000000000000000000e+00,0.000000000000000000e+00,0.000000000000000000e+00,0.000000000000000000e+00,4.000000000000000000e+00
1.011088819999999937e-02,2.055621130000000019e+00,1.500046329999999983e+00,2.826892910000000203e+00,5.555748010000000070e-01,0.000000000000000000e+00,0.000000000000000000e+00,0.000000000000000000e+00,0.000000000000000000e+00,4.000000000000000000e+00
1.013088820000000029e-02,2.055620220000000220e+00,1.500046329999999983e+00,2.826843830000000057e+00,5.555738900000000147e-01,0.000000000000000000e+00,0.000000000000000000e+00,0.000000000000000000e+00,0.000000000000000000e+00,4.000000000000000000e+00
1.015088819999999947e-02,2.055619300000000038e+00,1.500046320000000044e+00,2.826794749999999912e+00,5.555729799999999940e-01,0.000000000000000000e+00,0.000000000000000000e+00,0.000000000000000000e+00,0.000000000000000000e+00,4.000000000000000000e+00
1.017088820000000039e-02,2.055618389999999795e+00,1.500046320000000044e+00,2.826745680000000149e+00,5.555720690000000017e-01,0.000000000000000000e+00,0.000000000000000000e+00,0.000000000000000000e+00,0.000000000000000000e+00,4.000000000000000000e+00
1.019088819999999958e-02,2.055617479999999997e+00,1.500046320000000044e+00,2.826696600000000004e+00,5.555711589999999811e-01,0.000000000000000000e+00,0.000000000000000000e+00,0.000000000000000000e+00,0.000000000000000000e+00,4.000000000000000000e+00
1.021088820000000050e-02,2.055616570000000198e+00,1.500046320000000044e+00,2.826647529999999797e+00,5.555702479999999888e-01,0.000000000000000000e+00,0.000000000000000000e+00,0.000000000000000000e+00,0.000000000000000000e+00,4.000000000000000000e+00
1.023088819999999968e-02,2.055615659999999956e+00,1.500046320000000044e+00,2.826598460000000035e+00,5.555693379999999681e-01,0.000000000000000000e+00,0.000000000000000000e+00,0.000000000000000000e+00,0.000000000000000000e+00,4.000000000000000000e+00
1.025088820000000060e-02,2.055614740000000218e+00,1.500046320000000044e+00,2.826549400000000212e+00,5.555684269999999758e-01,0.000000000000000000e+00,0.000000000000000000e+00,0.000000000000000000e+00,0.000000000000000000e+00,4.000000000000000000e+00
1.027088819999999979e-02,2.055613829999999975e+00,1.500046320000000044e+00,2.826500330000000005e+00,5.555675169999999552e-01,0.000000000000000000e+00,0.000000000000000000e+00,0.000000000000000000e+00,0.000000000000000000e+00,4.000000000000000000e+00
1.029088820000000071e-02,2.055612920000000177e+00,1.500046310000000105e+00,2.826451270000000182e+00,5.555666070000000456e-01,0.000000000000000000e+00,0.000000000000000000e+00,0.000000000000000000e+00,0.000000000000000000e+00,4.000000000000000000e+00
1.031088819999999989e-02,2.055612009999999934e+00,1.500046310000000105e+00,2.826402209999999915e+00,5.555656970000000250e-01,0.000000000000000000e+00,0.000000000000000000e+00,0.000000000000000000e+00,0.000000000000000000e+00,4.000000000000000000e+00
1.033088820000000081e-02,2.055611100000000135e+00,1.500046310000000105e+00,2.826353150000000092e+00,5.555647870000000044e-01,0.000000000000000000e+00,0.000000000000000000e+00,0.000000000000000000e+00,0.000000000000000000e+00,4.000000000000000000e+00
1.035088820000000000e-02,2.055610189999999893e+00,1.500046310000000105e+00,2.826304089999999825e+00,5.555638769999999838e-01,0.000000000000000000e+00,0.000000000000000000e+00,0.000000000000000000e+00,0.000000000000000000e+00,4.000000000000000000e+00
1.037088819999999918e-02,2.055609270000000155e+00,1.500046310000000105e+00,2.826255030000000001e+00,5.555629669999999631e-01,0.000000000000000000e+00,0.000000000000000000e+00,0.000000000000000000e+00,0.000000000000000000e+00,4.000000000000000000e+00
1.039088820000000010e-02,2.055608359999999912e+00,1.500046310000000105e+00,2.826205980000000118e+00,5.555620570000000535e-01,0.000000000000000000e+00,0.000000000000000000e+00,0.000000000000000000e+00,0.000000000000000000e+00,4.000000000000000000e+00
1.041088819999999929e-02,2.055607450000000114e+00,1.500046299999999944e+00,2.826156929999999790e+00,5.555611470000000329e-01,0.000000000000000000e+00,0.000000000000000000e+00,0.000000000000000000e+00,0.000000000000000000e+00,4.000000000000000000e+00
1.043088820000000021e-02,2.055606539999999871e+00,1.500046299999999944e+00,2.826107869999999966e+00,5.555602370000000123e-01,0.000000000000000000e+00,0.000000000000000000e+00,0.000000000000000000e+00,0.000000000000000000e+00,4.000000000000000000e+00
1.045088819999999939e-02,2.055605630000000072e+00,1.500046299999999944e+00,2.826058830000000022e+00,5.555593269999999917e-01,0.000000000000000000e+00,0.000000000000000000e+00,0.000000000000000000e+00,0.000000000000000000e+00,4.000000000000000000e+00
1.047088820000000031e-02,2.055604719999999830e+00,1.500046299999999944e+00,2.826009780000000138e+00,5.555584169999999711e-01,0.000000000000000000e+00,0.000000000000000000e+00,0.000000000000000000e+00,0.000000000000000000e+00,4.000000000000000000e+00
1.049088819999999950e-02,2.055603810000000031e+00,1.500046299999999944e+00,2.825960729999999810e+00,5.555575080000000332e-01,0.000000000000000000e+00,0.000000000000000000e+00,0.000000000000000000e+00,0.000000000000000000e+00,4.000000000000000000e+00
1.051088820000000042e-02,2.055602899999999789e+00,1.500046299999999944e+00,2.825911689999999865e+00,5.555565980000000126e-01,0.000000000000000000e+00,0.000000000000000000e+00,0.000000000000000000e+00,0.000000000000000000e+00,4.000000000000000000e+00
1.053088819999999960e-02,2.055601980000000051e+00,1.500046299999999944e+00,2.825862649999999920e+00,5.555556889999999637e-01,0.000000000000000000e+00,0.000000000000000000e+00,0.000000000000000000e+00,0.000000000000000000e+00,4.000000000000000000e+00
1.055088820000000052e-02,2.055601069999999808e+00,1.500046290000000004e+00,2.825813609999999976e+00,5.555547790000000541e-01,0.000000000000000000e+00,0.000000000000000000e+00,0.000000000000000000e+00,0.000000000000000000e+00,4.000000000000000000e+00
1.057088819999999971e-02,2.055600160000000010e+00,1.500046290000000004e+00,2.825764570000000031e+00,5.555538700000000052e-01,0.000000000000000000e+00,0.000000000000000000e+00,0.000000000000000000e+00,0.000000000000000000e+00,4.000000000000000000e+00
1.059088820000000063e-02,2.055599250000000211e+00,1.500046290000000004e+00,2.825715540000000026e+00,5.555529599999999846e-01,0.000000000000000000e+00,0.000000000000000000e+00,0.000000000000000000e+00,0.000000000000000000e+00,4.000000000000000000e+00
1.061088819999999981e-02,2.055598339999999968e+00,1.500046290000000004e+00,2.825666500000000081e+00,5.555520510000000467e-01,0.000000000000000000e+00,0.000000000000000000e+00,0.000000000000000000e+00,0.000000000000000000e+00,4.000000000000000000e+00
1.063088820000000073e-02,2.055597430000000170e+00,1.500046290000000004e+00,2.825617470000000075e+00,5.555511419999999978e-01,0.000000000000000000e+00,0.000000000000000000e+00,0.000000000000000000e+00,0.000000000000000000e+00,4.000000000000000000e+00
1.065088819999999992e-02,2.055596519999999927e+00,1.500046290000000004e+00,2.825568440000000070e+00,5.555502319999999772e-01,0.000000000000000000e+00,0.000000000000000000e+00,0.000000000000000000e+00,0.000000000000000000e+00,4.000000000000000000e+00
1.067088820000000084e-02,2.055595610000000129e+00,1.500046280000000065e+00,2.825519410000000065e+00,5.555493230000000393e-01,0.000000000000000000e+00,0.000000000000000000e+00,0.000000000000000000e+00,0.000000000000000000e+00,4.000000000000000000e+00
1.069088820000000002e-02,2.055594699999999886e+00,1.500046280000000065e+00,2.825470380000000059e+00,5.555484139999999904e-01,0.000000000000000000e+00,0.000000000000000000e+00,0.000000000000000000e+00,0.000000000000000000e+00,4.000000000000000000e+00
1.071088819999999921e-02,2.055593790000000087e+00,1.500046280000000065e+00,2.825421359999999993e+00,5.555475050000000525e-01,0.000000000000000000e+00,0.000000000000000000e+00,0.000000000000000000e+00,0.000000000000000000e+00,4.000000000000000000e+00
1.073088820000000013e-02,2.055592879999999845e+00,1.500046280000000065e+00,2.825372329999999987e+00,5.555465960000000036e-01,0.000000000000000000e+00,0.000000000000000000e+00,0.000000000000000000e+00,0.000000000000000000e+00,4.000000000000000000e+00
1.075088819999999931e-02,2.055591970000000046e+00,1.500046280000000065e+00,2.825323309999999921e+00,5.555456869999999547e-01,0.000000000000000000e+00,0.000000000000000000e+00,0.000000000000000000e+00,0.000000000000000000e+00,4.000000000000000000e+00
1.077088820000000023e-02,2.055591059999999803e+00,1.500046280000000065e+00,2.825274289999999855e+00,5.555447780000000169e-01,0.000000000000000000e+00,0.000000000000000000e+00,0.000000000000000000e+00,0.000000000000000000e+00,4.000000000000000000e+00
1.079088819999999942e-02,2.055590150000000005e+00,1.500046280000000065e+00,2.825225280000000172e+00,5.555438689999999680e-01,0.000000000000000000e+00,0.000000000000000000e+00,0.000000000000000000e+00,0.000000000000000000e+00,4.000000000000000000e+00
1.081088820000000034e-02,2.055589229999999823e+00,1.500046269999999904e+00,2.825176260000000106e+00,5.555429610000000018e-01,0.000000000000000000e+00,0.000000000000000000e+00,0.000000000000000000e+00,0.000000000000000000e+00,4.000000000000000000e+00
1.083088819999999952e-02,2.055588320000000024e+00,1.500046269999999904e+00,2.825127249999999979e+00,5.555420519999999529e-01,0.000000000000000000e+00,0.000000000000000000e+00,0.000000000000000000e+00,0.000000000000000000e+00,4.000000000000000000e+00
1.085088820000000044e-02,2.055587409999999782e+00,1.500046269999999904e+00,2.825078229999999913e+00,5.555411430000000150e-01,0.000000000000000000e+00,0.000000000000000000e+00,0.000000000000000000e+00,0.000000000000000000e+00,4.000000000000000000e+00
1.087088819999999963e-02,2.055586499999999983e+00,1.500046269999999904e+00,2.825029219999999786e+00,5.555402350000000489e-01,0.000000000000000000e+00,0.000000000000000000e+00,0.000000000000000000e+00,0.000000000000000000e+00,4.000000000000000000e+00
1.089088820000000055e-02,2.055585590000000185e+00,1.500046269999999904e+00,2.824980220000000042e+00,5.555393260000000000e-01,0.000000000000000000e+00,0.000000000000000000e+00,0.000000000000000000e+00,0.000000000000000000e+00,4.000000000000000000e+00
1.091088819999999973e-02,2.055584679999999942e+00,1.500046269999999904e+00,2.824931209999999915e+00,5.555384180000000338e-01,0.000000000000000000e+00,0.000000000000000000e+00,0.000000000000000000e+00,0.000000000000000000e+00,4.000000000000000000e+00
1.093088820000000065e-02,2.055583770000000143e+00,1.500046269999999904e+00,2.824882199999999788e+00,5.555375089999999849e-01,0.000000000000000000e+00,0.000000000000000000e+00,0.000000000000000000e+00,0.000000000000000000e+00,4.000000000000000000e+00
1.095088819999999984e-02,2.055582859999999901e+00,1.500046259999999965e+00,2.824833200000000044e+00,5.555366010000000188e-01,0.000000000000000000e+00,0.000000000000000000e+00,0.000000000000000000e+00,0.000000000000000000e+00,4.000000000000000000e+00
1.097088820000000076e-02,2.055581950000000102e+00,1.500046259999999965e+00,2.824784199999999856e+00,5.555356919999999699e-01,0.000000000000000000e+00,0.000000000000000000e+00,0.000000000000000000e+00,0.000000000000000000e+00,4.000000000000000000e+00
1.099088819999999994e-02,2.055581039999999859e+00,1.500046259999999965e+00,2.824735200000000113e+00,5.555347840000000037e-01,0.000000000000000000e+00,0.000000000000000000e+00,0.000000000000000000e+00,0.000000000000000000e+00,4.000000000000000000e+00
1.101088820000000086e-02,2.055580140000000000e+00,1.500046259999999965e+00,2.824686199999999925e+00,5.555338760000000375e-01,0.000000000000000000e+00,0.000000000000000000e+00,0.000000000000000000e+00,0.000000000000000000e+00,4.000000000000000000e+00
1.103088820000000005e-02,2.055579230000000202e+00,1.500046259999999965e+00,2.824637210000000120e+00,5.555329679999999604e-01,0.000000000000000000e+00,0.000000000000000000e+00,0.000000000000000000e+00,0.000000000000000000e+00,4.000000000000000000e+00
1.105088819999999923e-02,2.055578319999999959e+00,1.500046259999999965e+00,2.824588209999999933e+00,5.555320599999999942e-01,0.000000000000000000e+00,0.000000000000000000e+00,0.000000000000000000e+00,0.000000000000000000e+00,4.000000000000000000e+00
1.107088820000000015e-02,2.055577410000000160e+00,1.500046250000000025e+00,2.824539220000000128e+00,5.555311520000000280e-01,0.000000000000000000e+00,0.000000000000000000e+00,0.000000000000000000e+00,0.000000000000000000e+00,4.000000000000000000e+00
1.109088819999999934e-02,2.055576499999999918e+00,1.500046250000000025e+00,2.824490229999999880e+00,5.555302439999999509e-01,0.000000000000000000e+00,0.000000000000000000e+00,0.000000000000000000e+00,0.000000000000000000e+00,4.000000000000000000e+00
1.111088820000000026e-02,2.055575590000000119e+00,1.500046250000000025e+00,2.824441240000000075e+00,5.555293359999999847e-01,0.000000000000000000e+00,0.000000000000000000e+00,0.000000000000000000e+00,0.000000000000000000e+00,4.000000000000000000e+00
1.113088819999999944e-02,2.055574679999999876e+00,1.500046250000000025e+00,2.824392260000000210e+00,5.555284280000000185e-01,0.000000000000000000e+00,0.000000000000000000e+00,0.000000000000000000e+00,0.000000000000000000e+00,4.000000000000000000e+00
1.115088820000000036e-02,2.055573770000000078e+00,1.500046250000000025e+00,2.824343269999999961e+00,5.555275200000000524e-01,0.000000000000000000e+00,0.000000000000000000e+00,0.000000000000000000e+00,0.000000000000000000e+00,4.000000000000000000e+00
1.117088819999999955e-02,2.055572859999999835e+00,1.500046250000000025e+00,2.824294290000000096e+00,5.555266119999999752e-01,0.000000000000000000e+00,0.000000000000000000e+00,0.000000000000000000e+00,0.000000000000000000e+00,4.000000000000000000e+00
1.119088820000000047e-02,2.055571950000000037e+00,1.500046250000000025e+00,2.824245309999999787e+00,5.555257049999999808e-01,0.000000000000000000e+00,0.000000000000000000e+00,0.000000000000000000e+00,0.000000000000000000e+00,4.000000000000000000e+00
1.121088819999999965e-02,2.055571039999999794e+00,1.500046240000000086e+00,2.824196329999999922e+00,5.555247970000000146e-01,0.000000000000000000e+00,0.000000000000000000e+00,0.000000000000000000e+00,0.000000000000000000e+00,4.000000000000000000e+00
1.123088820000000057e-02,2.055570129999999995e+00,1.500046240000000086e+00,2.824147350000000056e+00,5.555238890000000485e-01,0.000000000000000000e+00,0.000000000000000000e+00,0.000000000000000000e+00,0.000000000000000000e+00,4.000000000000000000e+00
1.125088819999999976e-02,2.055569220000000197e+00,1.500046240000000086e+00,2.824098380000000130e+00,5.555229820000000540e-01,0.000000000000000000e+00,0.000000000000000000e+00,0.000000000000000000e+00,0.000000000000000000e+00,4.000000000000000000e+00
1.127088820000000068e-02,2.055568309999999954e+00,1.500046240000000086e+00,2.824049399999999821e+00,5.555220739999999768e-01,0.000000000000000000e+00,0.000000000000000000e+00,0.000000000000000000e+00,0.000000000000000000e+00,4.000000000000000000e+00
1.129088819999999986e-02,2.055567400000000156e+00,1.500046240000000086e+00,2.824000429999999895e+00,5.555211669999999824e-01,0.000000000000000000e+00,0.000000000000000000e+00,0.000000000000000000e+00,0.000000000000000000e+00,4.000000000000000000e+00
1.131088820000000078e-02,2.055566499999999852e+00,1.500046240000000086e+00,2.823951459999999969e+00,5.555202590000000162e-01,0.000000000000000000e+00,0.000000000000000000e+00,0.000000000000000000e+00,0.000000000000000000e+00,4.000000000000000000e+00
1.133088819999999997e-02,2.055565590000000054e+00,1.500046240000000086e+00,2.823902490000000043e+00,5.555193520000000218e-01,0.000000000000000000e+00,0.000000000000000000e+00,0.000000000000000000e+00,0.000000000000000000e+00,4.000000000000000000e+00
1.135088819999999915e-02,2.055564679999999811e+00,1.500046229999999925e+00,2.823853530000000056e+00,5.555184450000000274e-01,0.000000000000000000e+00,0.000000000000000000e+00,0.000000000000000000e+00,0.000000000000000000e+00,4.000000000000000000e+00
1.137088820000000007e-02,2.055563770000000012e+00,1.500046229999999925e+00,2.823804560000000130e+00,5.555175380000000329e-01,0.000000000000000000e+00,0.000000000000000000e+00,0.000000000000000000e+00,0.000000000000000000e+00,4.000000000000000000e+00
1.139088819999999926e-02,2.055562860000000214e+00,1.500046229999999925e+00,2.823755600000000143e+00,5.555166299999999557e-01,0.000000000000000000e+00,0.000000000000000000e+00,0.000000000000000000e+00,0.000000000000000000e+00,4.000000000000000000e+00
1.141088820000000018e-02,2.055561949999999971e+00,1.500046229999999925e+00,2.823706640000000156e+00,5.555157229999999613e-01,0.000000000000000000e+00,0.000000000000000000e+00,0.000000000000000000e+00,0.000000000000000000e+00,4.000000000000000000e+00
1.143088819999999936e-02,2.055561040000000173e+00,1.500046229999999925e+00,2.823657680000000170e+00,5.555148159999999669e-01,0.000000000000000000e+00,0.000000000000000000e+00,0.000000000000000000e+00,0.000000000000000000e+00,4.000000000000000000e+00
1.145088820000000028e-02,2.055560139999999869e+00,1.500046229999999925e+00,2.823608720000000183e+00,5.555139089999999724e-01,0.000000000000000000e+00,0.000000000000000000e+00,0.000000000000000000e+00,0.000000000000000000e+00,4.000000000000000000e+00
1.147088819999999947e-02,2.055559230000000071e+00,1.500046219999999986e+00,2.823559770000000135e+00,5.555130019999999780e-01,0.000000000000000000e+00,0.000000000000000000e+00,0.000000000000000000e+00,0.000000000000000000e+00,4.000000000000000000e+00
1.149088820000000039e-02,2.055558319999999828e+00,1.500046219999999986e+00,2.823510810000000149e+00,5.555120959999999553e-01,0.000000000000000000e+00,0.000000000000000000e+00,0.000000000000000000e+00,0.000000000000000000e+00,4.000000000000000000e+00
1.151088819999999957e-02,2.055557410000000029e+00,1.500046219999999986e+00,2.823461860000000101e+00,5.555111889999999608e-01,0.000000000000000000e+00,0.000000000000000000e+00,0.000000000000000000e+00,0.000000000000000000e+00,4.000000000000000000e+00
1.153088820000000049e-02,2.055556499999999787e+00,1.500046219999999986e+00,2.823412910000000053e+00,5.555102819999999664e-01,0.000000000000000000e+00,0.000000000000000000e+00,0.000000000000000000e+00,0.000000000000000000e+00,4.000000000000000000e+00
1.155088819999999968e-02,2.055555589999999988e+00,1.500046219999999986e+00,2.823363960000000006e+00,5.555093749999999719e-01,0.000000000000000000e+00,0.000000000000000000e+00,0.000000000000000000e+00,0.000000000000000000e+00,4.000000000000000000e+00
1.157088820000000060e-02,2.055554690000000129e+00,1.500046219999999986e+00,2.823315019999999897e+00,5.555084689999999492e-01,0.000000000000000000e+00,0.000000000000000000e+00,0.000000000000000000e+00,0.000000000000000000e+00,4.000000000000000000e+00
1.159088819999999978e-02,2.055553779999999886e+00,1.500046219999999986e+00,2.823266069999999850e+00,5.555075619999999548e-01,0.000000000000000000e+00,0.000000000000000000e+00,0.000000000000000000e+00,0.000000000000000000e+00,4.000000000000000000e+00
1.161088820000000070e-02,2.055552870000000087e+00,1.500046210000000046e+00,2.823217130000000186e+00,5.555066549999999603e-01,0.000000000000000000e+00,0.000000000000000000e+00,0.000000000000000000e+00,0.000000000000000000e+00,4.000000000000000000e+00
1.163088819999999989e-02,2.055551959999999845e+00,1.500046210000000046e+00,2.823168190000000077e+00,5.555057490000000486e-01,0.000000000000000000e+00,0.000000000000000000e+00,0.000000000000000000e+00,0.000000000000000000e+00,4.000000000000000000e+00
1.165088820000000081e-02,2.055551050000000046e+00,1.500046210000000046e+00,2.823119249999999969e+00,5.555048430000000259e-01,0.000000000000000000e+00,0.000000000000000000e+00,0.000000000000000000e+00,0.000000000000000000e+00,4.000000000000000000e+00
1.167088819999999999e-02,2.055550150000000187e+00,1.500046210000000046e+00,2.823070309999999861e+00,5.555039360000000315e-01,0.000000000000000000e+00,0.000000000000000000e+00,0.000000000000000000e+00,0.000000000000000000e+00,4.000000000000000000e+00
1.169088819999999918e-02,2.055549239999999944e+00,1.500046210000000046e+00,2.823021380000000136e+00,5.555030300000000087e-01,0.000000000000000000e+00,0.000000000000000000e+00,0.000000000000000000e+00,0.000000000000000000e+00,4.000000000000000000e+00
1.171088820000000010e-02,2.055548330000000146e+00,1.500046210000000046e+00,2.822972449999999967e+00,5.555021239999999860e-01,0.000000000000000000e+00,0.000000000000000000e+00,0.000000000000000000e+00,0.000000000000000000e+00,4.000000000000000000e+00
1.173088819999999928e-02,2.055547419999999903e+00,1.500046200000000107e+00,2.822923509999999858e+00,5.555012169999999916e-01,0.000000000000000000e+00,0.000000000000000000e+00,0.000000000000000000e+00,0.000000000000000000e+00,4.000000000000000000e+00
1.175088820000000020e-02,2.055546510000000104e+00,1.500046200000000107e+00,2.822874580000000133e+00,5.555003109999999689e-01,0.000000000000000000e+00,0.000000000000000000e+00,0.000000000000000000e+00,0.000000000000000000e+00,4.000000000000000000e+00
1.177088819999999939e-02,2.055545609999999801e+00,1.500046200000000107e+00,2.822825659999999903e+00,5.554994049999999461e-01,0.000000000000000000e+00,0.000000000000000000e+00,0.000000000000000000e+00,0.000000000000000000e+00,4.000000000000000000e+00
1.179088820000000030e-02,2.055544700000000002e+00,1.500046200000000107e+00,2.822776730000000178e+00,5.554984990000000344e-01,0.000000000000000000e+00,0.000000000000000000e+00,0.000000000000000000e+00,0.000000000000000000e+00,4.000000000000000000e+00
1.181088819999999949e-02,2.055543790000000204e+00,1.500046200000000107e+00,2.822727809999999948e+00,5.554975930000000117e-01,0.000000000000000000e+00,0.000000000000000000e+00,0.000000000000000000e+00,0.000000000000000000e+00,4.000000000000000000e+00
1.183088820000000041e-02,2.055542879999999961e+00,1.500046200000000107e+00,2.822678879999999779e+00,5.554966869999999890e-01,0.000000000000000000e+00,0.000000000000000000e+00,0.000000000000000000e+00,0.000000000000000000e+00,4.000000000000000000e+00
1.185088819999999959e-02,2.055541980000000102e+00,1.500046200000000107e+00,2.822629959999999993e+00,5.554957809999999663e-01,0.000000000000000000e+00,0.000000000000000000e+00,0.000000000000000000e+00,0.000000000000000000e+00,4.000000000000000000e+00
1.187088820000000051e-02,2.055541069999999859e+00,1.500046189999999946e+00,2.822581040000000208e+00,5.554948750000000546e-01,0.000000000000000000e+00,0.000000000000000000e+00,0.000000000000000000e+00,0.000000000000000000e+00,4.000000000000000000e+00
1.189088819999999970e-02,2.055540160000000061e+00,1.500046189999999946e+00,2.822532129999999917e+00,5.554939700000000036e-01,0.000000000000000000e+00,0.000000000000000000e+00,0.000000000000000000e+00,0.000000000000000000e+00,4.000000000000000000e+00
1.191088820000000062e-02,2.055539260000000201e+00,1.500046189999999946e+00,2.822483210000000131e+00,5.554930639999999809e-01,0.000000000000000000e+00,0.000000000000000000e+00,0.000000000000000000e+00,0.000000000000000000e+00,4.000000000000000000e+00
1.193088819999999980e-02,2.055538349999999959e+00,1.500046189999999946e+00,2.822434299999999840e+00,5.554921579999999581e-01,0.000000000000000000e+00,0.000000000000000000e+00,0.000000000000000000e+00,0.000000000000000000e+00,4.000000000000000000e+00
1.195088820000000072e-02,2.055537440000000160e+00,1.500046189999999946e+00,2.822385389999999994e+00,5.554912530000000181e-01,0.000000000000000000e+00,0.000000000000000000e+00,0.000000000000000000e+00,0.000000000000000000e+00,4.000000000000000000e+00
1.197088819999999991e-02,2.055536529999999917e+00,1.500046189999999946e+00,2.822336480000000147e+00,5.554903469999999954e-01,0.000000000000000000e+00,0.000000000000000000e+00,0.000000000000000000e+00,0.000000000000000000e+00,4.000000000000000000e+00
1.199088820000000083e-02,2.055535630000000058e+00,1.500046189999999946e+00,2.822287569999999857e+00,5.554894420000000554e-01,0.000000000000000000e+00,0.000000000000000000e+00,0.000000000000000000e+00,0.000000000000000000e+00,4.000000000000000000e+00
1.201088820000000001e-02,2.055534719999999815e+00,1.500046180000000007e+00,2.822238660000000010e+00,5.554885360000000327e-01,0.000000000000000000e+00,0.000000000000000000e+00,0.000000000000000000e+00,0.000000000000000000e+00,4.000000000000000000e+00
1.203088819999999920e-02,2.055533810000000017e+00,1.500046180000000007e+00,2.822189760000000103e+00,5.554876309999999817e-01,0.000000000000000000e+00,0.000000000000000000e+00,0.000000000000000000e+00,0.000000000000000000e+00,4.000000000000000000e+00
1.205088820000000012e-02,2.055532910000000157e+00,1.500046180000000007e+00,2.822140860000000195e+00,5.554867260000000417e-01,0.000000000000000000e+00,0.000000000000000000e+00,0.000000000000000000e+00,0.000000000000000000e+00,4.000000000000000000e+00
1.207088819999999930e-02,2.055531999999999915e+00,1.500046180000000007e+00,2.822091959999999844e+00,5.554858200000000190e-01,0.000000000000000000e+00,0.000000000000000000e+00,0.000000000000000000e+00,0.000000000000000000e+00,4.000000000000000000e+00
1.209088820000000022e-02,2.055531090000000116e+00,1.500046180000000007e+00,2.822043059999999937e+00,5.554849149999999680e-01,0.000000000000000000e+00,0.000000000000000000e+00,0.000000000000000000e+00,0.000000000000000000e+00,4.000000000000000000e+00
1.211088819999999941e-02,2.055530189999999813e+00,1.500046180000000007e+00,2.821994160000000029e+00,5.554840100000000280e-01,0.000000000000000000e+00,0.000000000000000000e+00,0.000000000000000000e+00,0.000000000000000000e+00,4.000000000000000000e+00
1.213088820000000033e-02,2.055529280000000014e+00,1.500046170000000068e+00,2.821945270000000061e+00,5.554831049999999770e-01,0.000000000000000000e+00,0.000000000000000000e+00,0.000000000000000000e+00,0.000000000000000000e+00,4.000000000000000000e+00
1.215088819999999951e-02,2.055528370000000216e+00,1.500046170000000068e+00,2.821896370000000154e+00,5.554822000000000370e-01,0.000000000000000000e+00,0.000000000000000000e+00,0.000000000000000000e+00,0.000000000000000000e+00,4.000000000000000000e+00
1.217088820000000043e-02,2.055527469999999912e+00,1.500046170000000068e+00,2.821847480000000186e+00,5.554812949999999860e-01,0.000000000000000000e+00,0.000000000000000000e+00,0.000000000000000000e+00,0.000000000000000000e+00,4.000000000000000000e+00
1.219088819999999962e-02,2.055526560000000114e+00,1.500046170000000068e+00,2.821798590000000218e+00,5.554803900000000461e-01,0.000000000000000000e+00,0.000000000000000000e+00,0.000000000000000000e+00,0.000000000000000000e+00,4.000000000000000000e+00
1.221088820000000054e-02,2.055525649999999871e+00,1.500046170000000068e+00,2.821749710000000189e+00,5.554794849999999951e-01,0.000000000000000000e+00,0.000000000000000000e+00,0.000000000000000000e+00,0.000000000000000000e+00,4.000000000000000000e+00
1.223088819999999972e-02,2.055524750000000012e+00,1.500046170000000068e+00,2.821700820000000220e+00,5.554785800000000551e-01,0.000000000000000000e+00,0.000000000000000000e+00,0.000000000000000000e+00,0.000000000000000000e+00,4.000000000000000000e+00
1.225088820000000064e-02,2.055523840000000213e+00,1.500046170000000068e+00,2.821651940000000192e+00,5.554776759999999758e-01,0.000000000000000000e+00,0.000000000000000000e+00,0.000000000000000000e+00,0.000000000000000000e+00,4.000000000000000000e+00
1.227088819999999983e-02,2.055522929999999970e+00,1.500046159999999906e+00,2.821603049999999779e+00,5.554767710000000358e-01,0.000000000000000000e+00,0.000000000000000000e+00,0.000000000000000000e+00,0.000000000000000000e+00,4.000000000000000000e+00
1.229088820000000075e-02,2.055522030000000111e+00,1.500046159999999906e+00,2.821554170000000195e+00,5.554758659999999848e-01,0.000000000000000000e+00,0.000000000000000000e+00,0.000000000000000000e+00,0.000000000000000000e+00,4.000000000000000000e+00
1.231088819999999993e-02,2.055521119999999868e+00,1.500046159999999906e+00,2.821505290000000166e+00,5.554749620000000165e-01,0.000000000000000000e+00,0.000000000000000000e+00,0.000000000000000000e+00,0.000000000000000000e+00,4.000000000000000000e+00
1.233088820000000085e-02,2.055520220000000009e+00,1.500046159999999906e+00,2.821456420000000076e+00,5.554740569999999655e-01,0.000000000000000000e+00,0.000000000000000000e+00,0.000000000000000000e+00,0.000000000000000000e+00,4.000000000000000000e+00
1.235088820000000004e-02,2.055519310000000210e+00,1.500046159999999906e+00,2.821407540000000047e+00,5.554731529999999973e-01,0.000000000000000000e+00,0.000000000000000000e+00,0.000000000000000000e+00,0.000000000000000000e+00,4.000000000000000000e+00
1.237088819999999922e-02,2.055518399999999968e+00,1.500046159999999906e+00,2.821358669999999957e+00,5.554722479999999463e-01,0.000000000000000000e+00,0.000000000000000000e+00,0.000000000000000000e+00,0.000000000000000000e+00,4.000000000000000000e+00
1.239088820000000014e-02,2.055517500000000108e+00,1.500046159999999906e+00,2.821309799999999868e+00,5.554713439999999780e-01,0.000000000000000000e+00,0.000000000000000000e+00,0.000000000000000000e+00,0.000000000000000000e+00,4.000000000000000000e+00
1.241088819999999933e-02,2.055516589999999866e+00,1.500046149999999967e+00,2.821260929999999778e+00,5.554704390000000380e-01,0.000000000000000000e+00,0.000000000000000000e+00,0.000000000000000000e+00,0.000000000000000000e+00,4.000000000000000000e+00
1.243088820000000025e-02,2.055515690000000006e+00,1.500046149999999967e+00,2.821212060000000132e+00,5.554695349999999587e-01,0.000000000000000000e+00,0.000000000000000000e+00,0.000000000000000000e+00,0.000000000000000000e+00,4.000000000000000000e+00
1.245088819999999943e-02,2.055514780000000208e+00,1.500046149999999967e+00,2.821163199999999982e+00,5.554686309999999905e-01,0.000000000000000000e+00,0.000000000000000000e+00,0.000000000000000000e+00,0.000000000000000000e+00,4.000000000000000000e+00
1.247088820000000035e-02,2.055513879999999904e+00,1.500046149999999967e+00,2.821114329999999892e+00,5.554677270000000222e-01,0.000000000000000000e+00,0.000000000000000000e+00,0.000000000000000000e+00,0.000000000000000000e+00,4.000000000000000000e+00
1.249088819999999954e-02,2.055512970000000106e+00,1.500046149999999967e+00,2.821065470000000186e+00,5.554668230000000539e-01,0.000000000000000000e+00,0.000000000000000000e+00,0.000000000000000000e+00,0.000000000000000000e+00,4.000000000000000000e+00
1.251088820000000046e-02,2.055512059999999863e+00,1.500046149999999967e+00,2.821016610000000036e+00,5.554659189999999747e-01,0.000000000000000000e+00,0.000000000000000000e+00,0.000000000000000000e+00,0.000000000000000000e+00,4.000000000000000000e+00
1.253088819999999964e-02,2.055511160000000004e+00,1.500046140000000028e+00,2.820967749999999885e+00,5.554650150000000064e-01,0.000000000000000000e+00,0.000000000000000000e+00,0.000000000000000000e+00,0.000000000000000000e+00,4.000000000000000000e+00
1.255088820000000056e-02,2.055510250000000205e+00,1.500046140000000028e+00,2.820918890000000179e+00,5.554641110000000381e-01,0.000000000000000000e+00,0.000000000000000000e+00,0.000000000000000000e+00,0.000000000000000000e+00,4.000000000000000000e+00
1.257088819999999975e-02,2.055509349999999902e+00,1.500046140000000028e+00,2.820870039999999968e+00,5.554632069999999588e-01,0.000000000000000000e+00,0.000000000000000000e+00,0.000000000000000000e+00,0.000000000000000000e+00,4.000000000000000000e+00
1.259088820000000067e-02,2.055508440000000103e+00,1.500046140000000028e+00,2.820821190000000200e+00,5.554623029999999906e-01,0.000000000000000000e+00,0.000000000000000000e+00,0.000000000000000000e+00,0.000000000000000000e+00,4.000000000000000000e+00
1.261088819999999985e-02,2.055507539999999800e+00,1.500046140000000028e+00,2.820772339999999989e+00,5.554613990000000223e-01,0.000000000000000000e+00,0.000000000000000000e+00,0.000000000000000000e+00,0.000000000000000000e+00,4.000000000000000000e+00
1.263088820000000077e-02,2.055506630000000001e+00,1.500046140000000028e+00,2.820723490000000222e+00,5.554604960000000258e-01,0.000000000000000000e+00,0.000000000000000000e+00,0.000000000000000000e+00,0.000000000000000000e+00,4.000000000000000000e+00
1.265088819999999996e-02,2.055505730000000142e+00,1.500046140000000028e+00,2.820674640000000011e+00,5.554595919999999465e-01,0.000000000000000000e+00,0.000000000000000000e+00,0.000000000000000000e+00,0.000000000000000000e+00,4.000000000000000000e+00
1.267088819999999914e-02,2.055504819999999899e+00,1.500046130000000089e+00,2.820625789999999800e+00,5.554586879999999782e-01,0.000000000000000000e+00,0.000000000000000000e+00,0.000000000000000000e+00,0.000000000000000000e+00,4.000000000000000000e+00
1.269088820000000006e-02,2.055503920000000040e+00,1.500046130000000089e+00,2.820576949999999972e+00,5.554577849999999817e-01,0.000000000000000000e+00,0.000000000000000000e+00,0.000000000000000000e+00,0.000000000000000000e+00,4.000000000000000000e+00
1.271088819999999925e-02,2.055503009999999797e+00,1.500046130000000089e+00,2.820528110000000144e+00,5.554568810000000134e-01,0.000000000000000000e+00,0.000000000000000000e+00,0.000000000000000000e+00,0.000000000000000000e+00,4.000000000000000000e+00
1.273088820000000017e-02,2.055502109999999938e+00,1.500046130000000089e+00,2.820479269999999872e+00,5.554559780000000169e-01,0.000000000000000000e+00,0.000000000000000000e+00,0.000000000000000000e+00,0.000000000000000000e+00,4.000000000000000000e+00
1.275088819999999935e-02,2.055501200000000139e+00,1.500046130000000089e+00,2.820430430000000044e+00,5.554550750000000203e-01,0.000000000000000000e+00,0.000000000000000000e+00,0.000000000000000000e+00,0.000000000000000000e+00,4.000000000000000000e+00
1.277088820000000027e-02,2.055500299999999836e+00,1.500046130000000089e+00,2.820381590000000216e+00,5.554541710000000521e-01,0.000000000000000000e+00,0.000000000000000000e+00,0.000000000000000000e+00,0.000000000000000000e+00,4.000000000000000000e+00
1.279088819999999946e-02,2.055499390000000037e+00,1.500046119999999927e+00,2.820332759999999883e+00,5.554532679999999445e-01,0.000000000000000000e+00,0.000000000000000000e+00,0.000000000000000000e+00,0.000000000000000000e+00,4.000000000000000000e+00
1.281088820000000038e-02,2.055498490000000178e+00,1.500046119999999927e+00,2.820283929999999994e+00,5.554523649999999479e-01,0.000000000000000000e+00,0.000000000000000000e+00,0.000000000000000000e+00,0.000000000000000000e+00,4.000000000000000000e+00
1.283088819999999956e-02,2.055497579999999935e+00,1.500046119999999927e+00,2.820235090000000167e+00,5.554514619999999514e-01,0.000000000000000000e+00,0.000000000000000000e+00,0.000000000000000000e+00,0.000000000000000000e+00,4.000000000000000000e+00
1.285088820000000048e-02,2.055496680000000076e+00,1.500046119999999927e+00,2.820186270000000217e+00,5.554505589999999549e-01,0.000000000000000000e+00,0.000000000000000000e+00,0.000000000000000000e+00,0.000000000000000000e+00,4.000000000000000000e+00
1.287088819999999967e-02,2.055495769999999833e+00,1.500046119999999927e+00,2.820137439999999884e+00,5.554496559999999583e-01,0.000000000000000000e+00,0.000000000000000000e+00,0.000000000000000000e+00,0.000000000000000000e+00,4.000000000000000000e+00
1.289088820000000059e-02,2.055494869999999974e+00,1.500046119999999927e+00,2.820088609999999996e+00,5.554487529999999618e-01,0.000000000000000000e+00,0.000000000000000000e+00,0.000000000000000000e+00,0.000000000000000000e+00,4.000000000000000000e+00
1.291088819999999977e-02,2.055493970000000115e+00,1.500046119999999927e+00,2.820039790000000046e+00,5.554478499999999652e-01,0.000000000000000000e+00,0.000000000000000000e+00,0.000000000000000000e+00,0.000000000000000000e+00,4.000000000000000000e+00
1.293088820000000069e-02,2.055493059999999872e+00,1.500046109999999988e+00,2.819990970000000097e+00,5.554469469999999687e-01,0.000000000000000000e+00,0.000000000000000000e+00,0.000000000000000000e+00,0.000000000000000000e+00,4.000000000000000000e+00
1.295088819999999988e-02,2.055492160000000013e+00,1.500046109999999988e+00,2.819942150000000147e+00,5.554460439999999721e-01,0.000000000000000000e+00,0.000000000000000000e+00,0.000000000000000000e+00,0.000000000000000000e+00,4.000000000000000000e+00
1.297088820000000080e-02,2.055491250000000214e+00,1.500046109999999988e+00,2.819893330000000198e+00,5.554451409999999756e-01,0.000000000000000000e+00,0.000000000000000000e+00,0.000000000000000000e+00,0.000000000000000000e+00,4.000000000000000000e+00
1.299088819999999998e-02,2.055490349999999911e+00,1.500046109999999988e+00,2.819844509999999804e+00,5.554442389999999508e-01,0.000000000000000000e+00,0.000000000000000000e+00,0.000000000000000000e+00,0.000000000000000000e+00,4.000000000000000000e+00
1.301088819999999917e-02,2.055489440000000112e+00,1.500046109999999988e+00,2.819795699999999794e+00,5.554433359999999542e-01,0.000000000000000000e+00,0.000000000000000000e+00,0.000000000000000000e+00,0.000000000000000000e+00,4.000000000000000000e+00
1.303088820000000009e-02,2.055488539999999809e+00,1.500046109999999988e+00,2.819746879999999845e+00,5.554424329999999577e-01,0.000000000000000000e+00,0.000000000000000000e+00,0.000000000000000000e+00,0.000000000000000000e+00,4.000000000000000000e+00
1.305088819999999927e-02,2.055487639999999949e+00,1.500046109999999988e+00,2.819698069999999834e+00,5.554415310000000439e-01,0.000000000000000000e+00,0.000000000000000000e+00,0.000000000000000000e+00,0.000000000000000000e+00,4.000000000000000000e+00
1.307088820000000019e-02,2.055486730000000151e+00,1.500046100000000049e+00,2.819649259999999824e+00,5.554406280000000473e-01,0.000000000000000000e+00,0.000000000000000000e+00,0.000000000000000000e+00,0.000000000000000000e+00,4.000000000000000000e+00
1.309088819999999938e-02,2.055485829999999847e+00,1.500046100000000049e+00,2.819600460000000197e+00,5.554397260000000225e-01,0.000000000000000000e+00,0.000000000000000000e+00,0.000000000000000000e+00,0.000000000000000000e+00,4.000000000000000000e+00
1.311088820000000030e-02,2.055484920000000049e+00,1.500046100000000049e+00,2.819551650000000187e+00,5.554388239999999977e-01,0.000000000000000000e+00,0.000000000000000000e+00,0.000000000000000000e+00,0.000000000000000000e+00,4.000000000000000000e+00
1.313088819999999948e-02,2.055484020000000189e+00,1.500046100000000049e+00,2.819502850000000116e+00,5.554379210000000011e-01,0.000000000000000000e+00,0.000000000000000000e+00,0.000000000000000000e+00,0.000000000000000000e+00,4.000000000000000000e+00
1.315088820000000040e-02,2.055483119999999886e+00,1.500046100000000049e+00,2.819454050000000045e+00,5.554370189999999763e-01,0.000000000000000000e+00,0.000000000000000000e+00,0.000000000000000000e+00,0.000000000000000000e+00,4.000000000000000000e+00
1.317088819999999959e-02,2.055482210000000087e+00,1.500046100000000049e+00,2.819405249999999974e+00,5.554361169999999515e-01,0.000000000000000000e+00,0.000000000000000000e+00,0.000000000000000000e+00,0.000000000000000000e+00,4.000000000000000000e+00
1.319088820000000051e-02,2.055481309999999784e+00,1.500046090000000110e+00,2.819356449999999903e+00,5.554352150000000377e-01,0.000000000000000000e+00,0.000000000000000000e+00,0.000000000000000000e+00,0.000000000000000000e+00,4.000000000000000000e+00
1.321088819999999969e-02,2.055480409999999925e+00,1.500046090000000110e+00,2.819307649999999832e+00,5.554343130000000128e-01,0.000000000000000000e+00,0.000000000000000000e+00,0.000000000000000000e+00,0.000000000000000000e+00,4.000000000000000000e+00
1.323088820000000061e-02,2.055479500000000126e+00,1.500046090000000110e+00,2.819258860000000144e+00,5.554334109999999880e-01,0.000000000000000000e+00,0.000000000000000000e+00,0.000000000000000000e+00,0.000000000000000000e+00,4.000000000000000000e+00
1.325088819999999980e-02,2.055478599999999823e+00,1.500046090000000110e+00,2.819210070000000012e+00,5.554325089999999632e-01,0.000000000000000000e+00,0.000000000000000000e+00,0.000000000000000000e+00,0.000000000000000000e+00,4.000000000000000000e+00
1.327088820000000072e-02,2.055477699999999963e+00,1.500046090000000110e+00,2.819161269999999941e+00,5.554316070000000494e-01,0.000000000000000000e+00,0.000000000000000000e+00,0.000000000000000000e+00,0.000000000000000000e+00,4.000000000000000000e+00
1.329088819999999990e-02,2.055476790000000165e+00,1.500046090000000110e+00,2.819112490000000193e+00,5.554307050000000245e-01,0.000000000000000000e+00,0.000000000000000000e+00,0.000000000000000000e+00,0.000000000000000000e+00,4.000000000000000000e+00
1.331088820000000082e-02,2.055475889999999861e+00,1.500046090000000110e+00,2.819063700000000061e+00,5.554298029999999997e-01,0.000000000000000000e+00,0.000000000000000000e+00,0.000000000000000000e+00,0.000000000000000000e+00,4.000000000000000000e+00
1.333088820000000001e-02,2.055474990000000002e+00,1.500046079999999948e+00,2.819014909999999929e+00,5.554289009999999749e-01,0.000000000000000000e+00,0.000000000000000000e+00,0.000000000000000000e+00,0.000000000000000000e+00,4.000000000000000000e+00
1.335088819999999919e-02,2.055474080000000203e+00,1.500046079999999948e+00,2.818966130000000181e+00,5.554280000000000328e-01,0.000000000000000000e+00,0.000000000000000000e+00,0.000000000000000000e+00,0.000000000000000000e+00,4.000000000000000000e+00
1.337088820000000011e-02,2.055473179999999900e+00,1.500046079999999948e+00,2.818917349999999988e+00,5.554270980000000080e-01,0.000000000000000000e+00,0.000000000000000000e+00,0.000000000000000000e+00,0.000000000000000000e+00,4.000000000000000000e+00
1.339088819999999930e-02,2.055472280000000040e+00,1.500046079999999948e+00,2.818868569999999796e+00,5.554261959999999831e-01,0.000000000000000000e+00,0.000000000000000000e+00,0.000000000000000000e+00,0.000000000000000000e+00,4.000000000000000000e+00
1.341088820000000022e-02,2.055471369999999798e+00,1.500046079999999948e+00,2.818819790000000047e+00,5.554252950000000411e-01,0.000000000000000000e+00,0.000000000000000000e+00,0.000000000000000000e+00,0.000000000000000000e+00,4.000000000000000000e+00
1.343088819999999940e-02,2.055470469999999938e+00,1.500046079999999948e+00,2.818771009999999855e+00,5.554243930000000162e-01,0.000000000000000000e+00,0.000000000000000000e+00,0.000000000000000000e+00,0.000000000000000000e+00,4.000000000000000000e+00
1.345088820000000032e-02,2.055469570000000079e+00,1.500046079999999948e+00,2.818722240000000046e+00,5.554234919999999631e-01,0.000000000000000000e+00,0.000000000000000000e+00,0.000000000000000000e+00,0.000000000000000000e+00,4.000000000000000000e+00
1.347088819999999951e-02,2.055468659999999836e+00,1.500046070000000009e+00,2.818673469999999792e+00,5.554225900000000493e-01,0.000000000000000000e+00,0.000000000000000000e+00,0.000000000000000000e+00,0.000000000000000000e+00,4.000000000000000000e+00
1.349088820000000043e-02,2.055467759999999977e+00,1.500046070000000009e+00,2.818624699999999983e+00,5.554216889999999962e-01,0.000000000000000000e+00,0.000000000000000000e+00,0.000000000000000000e+00,0.000000000000000000e+00,4.000000000000000000e+00
1.351088819999999961e-02,2.055466860000000118e+00,1.500046070000000009e+00,2.818575930000000174e+00,5.554207880000000541e-01,0.000000000000000000e+00,0.000000000000000000e+00,0.000000000000000000e+00,0.000000000000000000e+00,4.000000000000000000e+00
1.353088820000000053e-02,2.055465959999999814e+00,1.500046070000000009e+00,2.818527159999999920e+00,5.554198870000000010e-01,0.000000000000000000e+00,0.000000000000000000e+00,0.000000000000000000e+00,0.000000000000000000e+00,4.000000000000000000e+00
1.355088819999999972e-02,2.055465050000000016e+00,1.500046070000000009e+00,2.818478390000000111e+00,5.554189859999999479e-01,0.000000000000000000e+00,0.000000000000000000e+00,0.000000000000000000e+00,0.000000000000000000e+00,4.000000000000000000e+00
1.357088820000000064e-02,2.055464150000000156e+00,1.500046070000000009e+00,2.818429629999999797e+00,5.554180840000000341e-01,0.000000000000000000e+00,0.000000000000000000e+00,0.000000000000000000e+00,0.000000000000000000e+00,4.000000000000000000e+00
1.359088819999999982e-02,2.055463249999999853e+00,1.500046060000000070e+00,2.818380869999999927e+00,5.554171829999999810e-01,0.000000000000000000e+00,0.000000000000000000e+00,0.000000000000000000e+00,0.000000000000000000e+00,4.000000000000000000e+00
1.361088820000000074e-02,2.055462349999999994e+00,1.500046060000000070e+00,2.818332110000000057e+00,5.554162820000000389e-01,0.000000000000000000e+00,0.000000000000000000e+00,0.000000000000000000e+00,0.000000000000000000e+00,4.000000000000000000e+00
1.363088819999999993e-02,2.055461440000000195e+00,1.500046060000000070e+00,2.818283350000000187e+00,5.554153819999999575e-01,0.000000000000000000e+00,0.000000000000000000e+00,0.000000000000000000e+00,0.000000000000000000e+00,4.000000000000000000e+00
1.365088820000000085e-02,2.055460539999999892e+00,1.500046060000000070e+00,2.818234599999999812e+00,5.554144810000000154e-01,0.000000000000000000e+00,0.000000000000000000e+00,0.000000000000000000e+00,0.000000000000000000e+00,4.000000000000000000e+00
1.367088820000000003e-02,2.055459640000000032e+00,1.500046060000000070e+00,2.818185839999999942e+00,5.554135799999999623e-01,0.000000000000000000e+00,0.000000000000000000e+00,0.000000000000000000e+00,0.000000000000000000e+00,4.000000000000000000e+00
1.369088819999999922e-02,2.055458740000000173e+00,1.500046060000000070e+00,2.818137090000000011e+00,5.554126790000000202e-01,0.000000000000000000e+00,0.000000000000000000e+00,0.000000000000000000e+00,0.000000000000000000e+00,4.000000000000000000e+00
1.371088820000000014e-02,2.055457829999999930e+00,1.500046060000000070e+00,2.818088340000000080e+00,5.554117779999999671e-01,0.000000000000000000e+00,0.000000000000000000e+00,0.000000000000000000e+00,0.000000000000000000e+00,4.000000000000000000e+00
1.373088819999999932e-02,2.055456930000000071e+00,1.500046049999999909e+00,2.818039590000000150e+00,5.554108779999999967e-01,0.000000000000000000e+00,0.000000000000000000e+00,0.000000000000000000e+00,0.000000000000000000e+00,4.000000000000000000e+00
1.375088820000000024e-02,2.055456030000000212e+00,1.500046049999999909e+00,2.817990840000000219e+00,5.554099770000000547e-01,0.000000000000000000e+00,0.000000000000000000e+00,0.000000000000000000e+00,0.000000000000000000e+00,4.000000000000000000e+00
1.377088819999999943e-02,2.055455129999999908e+00,1.500046049999999909e+00,2.817942099999999783e+00,5.554090769999999733e-01,0.000000000000000000e+00,0.000000000000000000e+00,0.000000000000000000e+00,0.000000000000000000e+00,4.000000000000000000e+00
1.379088820000000035e-02,2.055454230000000049e+00,1.500046049999999909e+00,2.817893349999999852e+00,5.554081760000000312e-01,0.000000000000000000e+00,0.000000000000000000e+00,0.000000000000000000e+00,0.000000000000000000e+00,4.000000000000000000e+00
1.381088819999999953e-02,2.055453319999999806e+00,1.500046049999999909e+00,2.817844609999999861e+00,5.554072759999999498e-01,0.000000000000000000e+00,0.000000000000000000e+00,0.000000000000000000e+00,0.000000000000000000e+00,4.000000000000000000e+00
1.383088820000000045e-02,2.055452419999999947e+00,1.500046049999999909e+00,2.817795869999999869e+00,5.554063750000000077e-01,0.000000000000000000e+00,0.000000000000000000e+00,0.000000000000000000e+00,0.000000000000000000e+00,4.000000000000000000e+00
1.385088819999999964e-02,2.055451520000000087e+00,1.500046049999999909e+00,2.817747129999999878e+00,5.554054750000000373e-01,0.000000000000000000e+00,0.000000000000000000e+00,0.000000000000000000e+00,0.000000000000000000e+00,4.000000000000000000e+00
1.387088820000000056e-02,2.055450619999999784e+00,1.500046039999999969e+00,2.817698399999999825e+00,5.554045749999999559e-01,0.000000000000000000e+00,0.000000000000000000e+00,0.000000000000000000e+00,0.000000000000000000e+00,4.000000000000000000e+00
1.389088819999999974e-02,2.055449719999999925e+00,1.500046039999999969e+00,2.817649659999999834e+00,5.554036749999999856e-01,0.000000000000000000e+00,0.000000000000000000e+00,0.000000000000000000e+00,0.000000000000000000e+00,4.000000000000000000e+00
1.391088820000000066e-02,2.055448820000000065e+00,1.500046039999999969e+00,2.817600929999999781e+00,5.554027750000000152e-01,0.000000000000000000e+00,0.000000000000000000e+00,0.000000000000000000e+00,0.000000000000000000e+00,4.000000000000000000e+00
1.393088819999999985e-02,2.055447909999999823e+00,1.500046039999999969e+00,2.817552200000000173e+00,5.554018739999999621e-01,0.000000000000000000e+00,0.000000000000000000e+00,0.000000000000000000e+00,0.000000000000000000e+00,4.000000000000000000e+00
1.395088820000000077e-02,2.055447009999999963e+00,1.500046039999999969e+00,2.817503470000000121e+00,5.554009739999999917e-01,0.000000000000000000e+00,0.000000000000000000e+00,0.000000000000000000e+00,0.000000000000000000e+00,4.000000000000000000e+00
1.397088819999999995e-02,2.055446110000000104e+00,1.500046039999999969e+00,2.817454740000000069e+00,5.554000740000000214e-01,0.000000000000000000e+00,0.000000000000000000e+00,0.000000000000000000e+00,0.000000000000000000e+00,4.000000000000000000e+00
1.399088819999999914e-02,2.055445209999999800e+00,1.500046039999999969e+00,2.817406019999999955e+00,5.553991740000000510e-01,0.000000000000000000e+00,0.000000000000000000e+00,0.000000000000000000e+00,0.000000000000000000e+00,4.000000000000000000e+00
1.401088820000000006e-02,2.055444309999999941e+00,1.500046030000000030e+00,2.817357299999999842e+00,5.553982750000000523e-01,0.000000000000000000e+00,0.000000000000000000e+00,0.000000000000000000e+00,0.000000000000000000e+00,4.000000000000000000e+00
1.403088819999999924e-02,2.055443410000000082e+00,1.500046030000000030e+00,2.817308569999999790e+00,5.553973749999999709e-01,0.000000000000000000e+00,0.000000000000000000e+00,0.000000000000000000e+00,0.000000000000000000e+00,4.000000000000000000e+00
1.405088820000000016e-02,2.055442509999999778e+00,1.500046030000000030e+00,2.817259850000000121e+00,5.553964750000000006e-01,0.000000000000000000e+00,0.000000000000000000e+00,0.000000000000000000e+00,0.000000000000000000e+00,4.000000000000000000e+00
1.407088819999999935e-02,2.055441599999999980e+00,1.500046030000000030e+00,2.817211139999999947e+00,5.553955750000000302e-01,0.000000000000000000e+00,0.000000000000000000e+00,0.000000000000000000e+00,0.000000000000000000e+00,4.000000000000000000e+00
1.409088820000000027e-02,2.055440700000000120e+00,1.500046030000000030e+00,2.817162419999999834e+00,5.553946760000000316e-01,0.000000000000000000e+00,0.000000000000000000e+00,0.000000000000000000e+00,0.000000000000000000e+00,4.000000000000000000e+00
1.411088819999999945e-02,2.055439799999999817e+00,1.500046030000000030e+00,2.817113710000000104e+00,5.553937759999999502e-01,0.000000000000000000e+00,0.000000000000000000e+00,0.000000000000000000e+00,0.000000000000000000e+00,4.000000000000000000e+00
1.413088820000000037e-02,2.055438899999999958e+00,1.500046020000000091e+00,2.817064989999999991e+00,5.553928769999999515e-01,0.000000000000000000e+00,0.000000000000000000e+00,0.000000000000000000e+00,0.000000000000000000e+00,4.000000000000000000e+00
1.415088819999999956e-02,2.055438000000000098e+00,1.500046020000000091e+00,2.817016279999999817e+00,5.553919769999999811e-01,0.000000000000000000e+00,0.000000000000000000e+00,0.000000000000000000e+00,0.000000000000000000e+00,4.000000000000000000e+00
1.417088820000000048e-02,2.055437099999999795e+00,1.500046020000000091e+00,2.816967570000000087e+00,5.553910779999999825e-01,0.000000000000000000e+00,0.000000000000000000e+00,0.000000000000000000e+00,0.000000000000000000e+00,4.000000000000000000e+00
1.419088819999999966e-02,2.055436199999999936e+00,1.500046020000000091e+00,2.816918869999999853e+00,5.553901780000000121e-01,0.000000000000000000e+00,0.000000000000000000e+00,0.000000000000000000e+00,0.000000000000000000e+00,4.000000000000000000e+00
1.421088820000000058e-02,2.055435300000000076e+00,1.500046020000000091e+00,2.816870160000000123e+00,5.553892790000000135e-01,0.000000000000000000e+00,0.000000000000000000e+00,0.000000000000000000e+00,0.000000000000000000e+00,4.000000000000000000e+00
1.423088819999999977e-02,2.055434400000000217e+00,1.500046020000000091e+00,2.816821459999999888e+00,5.553883800000000148e-01,0.000000000000000000e+00,0.000000000000000000e+00,0.000000000000000000e+00,0.000000000000000000e+00,4.000000000000000000e+00
1.425088820000000069e-02,2.055433499999999913e+00,1.500046020000000091e+00,2.816772760000000098e+00,5.553874810000000162e-01,0.000000000000000000e+00,0.000000000000000000e+00,0.000000000000000000e+00,0.000000000000000000e+00,4.000000000000000000e+00
1.427088819999999987e-02,2.055432600000000054e+00,1.500046009999999930e+00,2.816724059999999863e+00,5.553865810000000458e-01,0.000000000000000000e+00,0.000000000000000000e+00,0.000000000000000000e+00,0.000000000000000000e+00,4.000000000000000000e+00
1.429088820000000079e-02,2.055431689999999811e+00,1.500046009999999930e+00,2.816675360000000072e+00,5.553856820000000472e-01,0.000000000000000000e+00,0.000000000000000000e+00,0.000000000000000000e+00,0.000000000000000000e+00,4.000000000000000000e+00
1.431088819999999998e-02,2.055430789999999952e+00,1.500046009999999930e+00,2.816626659999999838e+00,5.553847830000000485e-01,0.000000000000000000e+00,0.000000000000000000e+00,0.000000000000000000e+00,0.000000000000000000e+00,4.000000000000000000e+00
1.433088819999999916e-02,2.055429890000000093e+00,1.500046009999999930e+00,2.816577969999999986e+00,5.553838840000000499e-01,0.000000000000000000e+00,0.000000000000000000e+00,0.000000000000000000e+00,0.000000000000000000e+00,4.000000000000000000e+00
1.435088820000000008e-02,2.055428989999999789e+00,1.500046009999999930e+00,2.816529280000000135e+00,5.553829850000000512e-01,0.000000000000000000e+00,0.000000000000000000e+00,0.000000000000000000e+00,0.000000000000000000e+00,4.000000000000000000e+00
1.437088819999999927e-02,2.055428089999999930e+00,1.500046009999999930e+00,2.816480589999999840e+00,5.553820870000000243e-01,0.000000000000000000e+00,0.000000000000000000e+00,0.000000000000000000e+00,0.000000000000000000e+00,4.000000000000000000e+00
1.439088820000000019e-02,2.055427190000000071e+00,1.500046009999999930e+00,2.816431899999999988e+00,5.553811880000000256e-01,0.000000000000000000e+00,0.000000000000000000e+00,0.000000000000000000e+00,0.000000000000000000e+00,4.000000000000000000e+00
1.441088819999999937e-02,2.055426290000000211e+00,1.500045999999999990e+00,2.816383210000000137e+00,5.553802890000000270e-01,0.000000000000000000e+00,0.000000000000000000e+00,0.000000000000000000e+00,0.000000000000000000e+00,4.000000000000000000e+00
1.443088820000000029e-02,2.055425389999999908e+00,1.500045999999999990e+00,2.816334529999999781e+00,5.553793900000000283e-01,0.000000000000000000e+00,0.000000000000000000e+00,0.000000000000000000e+00,0.000000000000000000e+00,4.000000000000000000e+00
1.445088819999999948e-02,2.055424490000000048e+00,1.500045999999999990e+00,2.816285839999999929e+00,5.553784920000000014e-01,0.000000000000000000e+00,0.000000000000000000e+00,0.000000000000000000e+00,0.000000000000000000e+00,4.000000000000000000e+00
1.447088820000000040e-02,2.055423590000000189e+00,1.500045999999999990e+00,2.816237160000000017e+00,5.553775930000000027e-01,0.000000000000000000e+00,0.000000000000000000e+00,0.000000000000000000e+00,0.000000000000000000e+00,4.000000000000000000e+00
1.449088819999999958e-02,2.055422689999999886e+00,1.500045999999999990e+00,2.816188480000000105e+00,5.553766940000000041e-01,0.000000000000000000e+00,0.000000000000000000e+00,0.000000000000000000e+00,0.000000000000000000e+00,4.000000000000000000e+00
1.451088820000000050e-02,2.055421790000000026e+00,1.500045999999999990e+00,2.816139800000000193e+00,5.553757959999999771e-01,0.000000000000000000e+00,0.000000000000000000e+00,0.000000000000000000e+00,0.000000000000000000e+00,4.000000000000000000e+00
1.453088819999999969e-02,2.055420890000000167e+00,1.500045990000000051e+00,2.816091130000000220e+00,5.553748979999999502e-01,0.000000000000000000e+00,0.000000000000000000e+00,0.000000000000000000e+00,0.000000000000000000e+00,4.000000000000000000e+00
1.455088820000000061e-02,2.055419989999999864e+00,1.500045990000000051e+00,2.816042449999999864e+00,5.553739989999999516e-01,0.000000000000000000e+00,0.000000000000000000e+00,0.000000000000000000e+00,0.000000000000000000e+00,4.000000000000000000e+00
1.457088819999999979e-02,2.055419090000000004e+00,1.500045990000000051e+00,2.815993779999999891e+00,5.553731010000000357e-01,0.000000000000000000e+00,0.000000000000000000e+00,0.000000000000000000e+00,0.000000000000000000e+00,4.000000000000000000e+00
1.459088820000000071e-02,2.055418190000000145e+00,1.500045990000000051e+00,2.815945109999999918e+00,5.553722030000000087e-01,0.000000000000000000e+00,0.000000000000000000e+00,0.000000000000000000e+00,0.000000000000000000e+00,4.000000000000000000e+00
1.461088819999999990e-02,2.055417289999999841e+00,1.500045990000000051e+00,2.815896439999999945e+00,5.553713040000000101e-01,0.000000000000000000e+00,0.000000000000000000e+00,0.000000000000000000e+00,0.000000000000000000e+00,4.000000000000000000e+00
1.463088820000000082e-02,2.055416389999999982e+00,1.500045990000000051e+00,2.815847769999999972e+00,5.553704059999999831e-01,0.000000000000000000e+00,0.000000000000000000e+00,0.000000000000000000e+00,0.000000000000000000e+00,4.000000000000000000e+00
1.465088820000000000e-02,2.055415490000000123e+00,1.500045990000000051e+00,2.815799109999999938e+00,5.553695079999999562e-01,0.000000000000000000e+00,0.000000000000000000e+00,0.000000000000000000e+00,0.000000000000000000e+00,4.000000000000000000e+00
1.467088819999999919e-02,2.055414589999999819e+00,1.500045979999999890e+00,2.815750449999999905e+00,5.553686100000000403e-01,0.000000000000000000e+00,0.000000000000000000e+00,0.000000000000000000e+00,0.000000000000000000e+00,4.000000000000000000e+00
1.469088820000000011e-02,2.055413689999999960e+00,1.500045979999999890e+00,2.815701779999999932e+00,5.553677120000000134e-01,0.000000000000000000e+00,0.000000000000000000e+00,0.000000000000000000e+00,0.000000000000000000e+00,4.000000000000000000e+00
1.471088819999999929e-02,2.055412800000000040e+00,1.500045979999999890e+00,2.815653129999999837e+00,5.553668139999999864e-01,0.000000000000000000e+00,0.000000000000000000e+00,0.000000000000000000e+00,0.000000000000000000e+00,4.000000000000000000e+00
1.473088820000000021e-02,2.055411900000000180e+00,1.500045979999999890e+00,2.815604469999999804e+00,5.553659159999999595e-01,0.000000000000000000e+00,0.000000000000000000e+00,0.000000000000000000e+00,0.000000000000000000e+00,4.000000000000000000e+00
1.475088819999999940e-02,2.055410999999999877e+00,1.500045979999999890e+00,2.815555810000000214e+00,5.553650190000000153e-01,0.000000000000000000e+00,0.000000000000000000e+00,0.000000000000000000e+00,0.000000000000000000e+00,4.000000000000000000e+00
1.477088820000000031e-02,2.055410100000000018e+00,1.500045979999999890e+00,2.815507160000000120e+00,5.553641209999999884e-01,0.000000000000000000e+00,0.000000000000000000e+00,0.000000000000000000e+00,0.000000000000000000e+00,4.000000000000000000e+00
1.479088819999999950e-02,2.055409200000000158e+00,1.500045979999999890e+00,2.815458500000000086e+00,5.553632229999999614e-01,0.000000000000000000e+00,0.000000000000000000e+00,0.000000000000000000e+00,0.000000000000000000e+00,4.000000000000000000e+00
1.481088820000000042e-02,2.055408299999999855e+00,1.500045969999999951e+00,2.815409849999999992e+00,5.553623250000000455e-01,0.000000000000000000e+00,0.000000000000000000e+00,0.000000000000000000e+00,0.000000000000000000e+00,4.000000000000000000e+00
1.483088819999999960e-02,2.055407399999999996e+00,1.500045969999999951e+00,2.815361209999999836e+00,5.553614279999999903e-01,0.000000000000000000e+00,0.000000000000000000e+00,0.000000000000000000e+00,0.000000000000000000e+00,4.000000000000000000e+00
1.485088820000000052e-02,2.055406500000000136e+00,1.500045969999999951e+00,2.815312560000000186e+00,5.553605299999999634e-01,0.000000000000000000e+00,0.000000000000000000e+00,0.000000000000000000e+00,0.000000000000000000e+00,4.000000000000000000e+00
1.487088819999999971e-02,2.055405599999999833e+00,1.500045969999999951e+00,2.815263910000000092e+00,5.553596330000000192e-01,0.000000000000000000e+00,0.000000000000000000e+00,0.000000000000000000e+00,0.000000000000000000e+00,4.000000000000000000e+00
1.489088820000000063e-02,2.055404699999999973e+00,1.500045969999999951e+00,2.815215269999999936e+00,5.553587349999999923e-01,0.000000000000000000e+00,0.000000000000000000e+00,0.000000000000000000e+00,0.000000000000000000e+00,4.000000000000000000e+00
1.491088819999999981e-02,2.055403800000000114e+00,1.500045969999999951e+00,2.815166629999999781e+00,5.553578380000000481e-01,0.000000000000000000e+00,0.000000000000000000e+00,0.000000000000000000e+00,0.000000000000000000e+00,4.000000000000000000e+00
1.493088820000000073e-02,2.055402910000000194e+00,1.500045960000000012e+00,2.815117990000000070e+00,5.553569409999999928e-01,0.000000000000000000e+00,0.000000000000000000e+00,0.000000000000000000e+00,0.000000000000000000e+00,4.000000000000000000e+00
1.495088819999999992e-02,2.055402009999999891e+00,1.500045960000000012e+00,2.815069349999999915e+00,5.553560440000000487e-01,0.000000000000000000e+00,0.000000000000000000e+00,0.000000000000000000e+00,0.000000000000000000e+00,4.000000000000000000e+00
1.497088820000000084e-02,2.055401110000000031e+00,1.500045960000000012e+00,2.815020720000000143e+00,5.553551460000000217e-01,0.000000000000000000e+00,0.000000000000000000e+00,0.000000000000000000e+00,0.000000000000000000e+00,4.000000000000000000e+00
1.499088820000000002e-02,2.055400210000000172e+00,1.500045960000000012e+00,2.814972079999999988e+00,5.553542489999999665e-01,0.000000000000000000e+00,0.000000000000000000e+00,0.000000000000000000e+00,0.000000000000000000e+00,4.000000000000000000e+00
1.501088819999999921e-02,2.055399309999999868e+00,1.500045960000000012e+00,2.814923450000000216e+00,5.553533520000000223e-01,0.000000000000000000e+00,0.000000000000000000e+00,0.000000000000000000e+00,0.000000000000000000e+00,4.000000000000000000e+00
1.503088820000000013e-02,2.055398410000000009e+00,1.500045960000000012e+00,2.814874820000000000e+00,5.553524549999999671e-01,0.000000000000000000e+00,0.000000000000000000e+00,0.000000000000000000e+00,0.000000000000000000e+00,4.000000000000000000e+00
1.505088819999999931e-02,2.055397510000000150e+00,1.500045960000000012e+00,2.814826189999999784e+00,5.553515580000000229e-01,0.000000000000000000e+00,0.000000000000000000e+00,0.000000000000000000e+00,0.000000000000000000e+00,4.000000000000000000e+00
1.507088820000000023e-02,2.055396619999999785e+00,1.500045950000000072e+00,2.814777560000000012e+00,5.553506609999999677e-01,0.000000000000000000e+00,0.000000000000000000e+00,0.000000000000000000e+00,0.000000000000000000e+00,4.000000000000000000e+00
1.509088819999999942e-02,2.055395719999999926e+00,1.500045950000000072e+00,2.814728940000000179e+00,5.553497640000000235e-01,0.000000000000000000e+00,0.000000000000000000e+00,0.000000000000000000e+00,0.000000000000000000e+00,4.000000000000000000e+00
1.511088820000000034e-02,2.055394820000000067e+00,1.500045950000000072e+00,2.814680309999999963e+00,5.553488669999999683e-01,0.000000000000000000e+00,0.000000000000000000e+00,0.000000000000000000e+00,0.000000000000000000e+00,4.000000000000000000e+00
1.513088819999999952e-02,2.055393920000000207e+00,1.500045950000000072e+00,2.814631690000000130e+00,5.553479709999999958e-01,0.000000000000000000e+00,0.000000000000000000e+00,0.000000000000000000e+00,0.000000000000000000e+00,4.000000000000000000e+00
1.515088820000000044e-02,2.055393019999999904e+00,1.500045950000000072e+00,2.814583069999999854e+00,5.553470740000000516e-01,0.000000000000000000e+00,0.000000000000000000e+00,0.000000000000000000e+00,0.000000000000000000e+00,4.000000000000000000e+00
1.517088819999999963e-02,2.055392120000000045e+00,1.500045950000000072e+00,2.814534459999999960e+00,5.553461769999999964e-01,0.000000000000000000e+00,0.000000000000000000e+00,0.000000000000000000e+00,0.000000000000000000e+00,4.000000000000000000e+00
1.519088820000000055e-02,2.055391230000000125e+00,1.500045950000000072e+00,2.814485840000000128e+00,5.553452810000000239e-01,0.000000000000000000e+00,0.000000000000000000e+00,0.000000000000000000e+00,0.000000000000000000e+00,4.000000000000000000e+00
1.521088819999999973e-02,2.055390329999999821e+00,1.500045939999999911e+00,2.814437229999999790e+00,5.553443839999999687e-01,0.000000000000000000e+00,0.000000000000000000e+00,0.000000000000000000e+00,0.000000000000000000e+00,4.000000000000000000e+00
1.523088820000000065e-02,2.055389429999999962e+00,1.500045939999999911e+00,2.814388609999999957e+00,5.553434879999999962e-01,0.000000000000000000e+00,0.000000000000000000e+00,0.000000000000000000e+00,0.000000000000000000e+00,4.000000000000000000e+00
1.525088819999999984e-02,2.055388530000000102e+00,1.500045939999999911e+00,2.814340000000000064e+00,5.553425910000000520e-01,0.000000000000000000e+00,0.000000000000000000e+00,0.000000000000000000e+00,0.000000000000000000e+00,4.000000000000000000e+00
1.527088820000000076e-02,2.055387629999999799e+00,1.500045939999999911e+00,2.814291390000000170e+00,5.553416949999999686e-01,0.000000000000000000e+00,0.000000000000000000e+00,0.000000000000000000e+00,0.000000000000000000e+00,4.000000000000000000e+00
1.529088819999999994e-02,2.055386739999999879e+00,1.500045939999999911e+00,2.814242790000000216e+00,5.553407989999999961e-01,0.000000000000000000e+00,0.000000000000000000e+00,0.000000000000000000e+00,0.000000000000000000e+00,4.000000000000000000e+00
1.531088820000000086e-02,2.055385840000000020e+00,1.500045939999999911e+00,2.814194179999999879e+00,5.553399020000000519e-01,0.000000000000000000e+00,0.000000000000000000e+00,0.000000000000000000e+00,0.000000000000000000e+00,4.000000000000000000e+00
1.533088820000000005e-02,2.055384940000000160e+00,1.500045939999999911e+00,2.814145579999999924e+00,5.553390059999999684e-01,0.000000000000000000e+00,0.000000000000000000e+00,0.000000000000000000e+00,0.000000000000000000e+00,4.000000000000000000e+00
1.535088819999999923e-02,2.055384039999999857e+00,1.500045929999999972e+00,2.814096979999999970e+00,5.553381099999999959e-01,0.000000000000000000e+00,0.000000000000000000e+00,0.000000000000000000e+00,0.000000000000000000e+00,4.000000000000000000e+00
1.537088820000000015e-02,2.055383149999999937e+00,1.500045929999999972e+00,2.814048380000000016e+00,5.553372140000000234e-01,0.000000000000000000e+00,0.000000000000000000e+00,0.000000000000000000e+00,0.000000000000000000e+00,4.000000000000000000e+00
1.539088819999999934e-02,2.055382250000000077e+00,1.500045929999999972e+00,2.813999780000000062e+00,5.553363180000000510e-01,0.000000000000000000e+00,0.000000000000000000e+00,0.000000000000000000e+00,0.000000000000000000e+00,4.000000000000000000e+00
1.541088820000000026e-02,2.055381350000000218e+00,1.500045929999999972e+00,2.813951180000000107e+00,5.553354219999999675e-01,0.000000000000000000e+00,0.000000000000000000e+00,0.000000000000000000e+00,0.000000000000000000e+00,4.000000000000000000e+00
1.543088819999999944e-02,2.055380449999999914e+00,1.500045929999999972e+00,2.813902590000000092e+00,5.553345259999999950e-01,0.000000000000000000e+00,0.000000000000000000e+00,0.000000000000000000e+00,0.000000000000000000e+00,4.000000000000000000e+00
1.545088820000000036e-02,2.055379559999999994e+00,1.500045929999999972e+00,2.813854000000000077e+00,5.553336300000000225e-01,0.000000000000000000e+00,0.000000000000000000e+00,0.000000000000000000e+00,0.000000000000000000e+00,4.000000000000000000e+00
1.547088819999999955e-02,2.055378660000000135e+00,1.500045920000000033e+00,2.813805410000000062e+00,5.553327340000000500e-01,0.000000000000000000e+00,0.000000000000000000e+00,0.000000000000000000e+00,0.000000000000000000e+00,4.000000000000000000e+00
1.549088820000000047e-02,2.055377759999999832e+00,1.500045920000000033e+00,2.813756820000000047e+00,5.553318379999999665e-01,0.000000000000000000e+00,0.000000000000000000e+00,0.000000000000000000e+00,0.000000000000000000e+00,4.000000000000000000e+00
1.551088819999999965e-02,2.055376859999999972e+00,1.500045920000000033e+00,2.813708230000000032e+00,5.553309429999999658e-01,0.000000000000000000e+00,0.000000000000000000e+00,0.000000000000000000e+00,0.000000000000000000e+00,4.000000000000000000e+00
1.553088820000000057e-02,2.055375970000000052e+00,1.500045920000000033e+00,2.813659649999999957e+00,5.553300469999999933e-01,0.000000000000000000e+00,0.000000000000000000e+00,0.000000000000000000e+00,0.000000000000000000e+00,4.000000000000000000e+00
1.555088819999999976e-02,2.055375070000000193e+00,1.500045920000000033e+00,2.813611059999999942e+00,5.553291519999999926e-01,0.000000000000000000e+00,0.000000000000000000e+00,0.000000000000000000e+00,0.000000000000000000e+00,4.000000000000000000e+00
1.557088820000000068e-02,2.055374169999999889e+00,1.500045920000000033e+00,2.813562479999999866e+00,5.553282560000000201e-01,0.000000000000000000e+00,0.000000000000000000e+00,0.000000000000000000e+00,0.000000000000000000e+00,4.000000000000000000e+00
1.559088819999999986e-02,2.055373279999999969e+00,1.500045920000000033e+00,2.813513899999999790e+00,5.553273600000000476e-01,0.000000000000000000e+00,0.000000000000000000e+00,0.000000000000000000e+00,0.000000000000000000e+00,4.000000000000000000e+00
1.561088820000000078e-02,2.055372380000000110e+00,1.500045910000000093e+00,2.813465320000000158e+00,5.553264650000000469e-01,0.000000000000000000e+00,0.000000000000000000e+00,0.000000000000000000e+00,0.000000000000000000e+00,4.000000000000000000e+00
1.563088820000000170e-02,2.055371479999999806e+00,1.500045910000000093e+00,2.813416750000000022e+00,5.553255700000000461e-01,0.000000000000000000e+00,0.000000000000000000e+00,0.000000000000000000e+00,0.000000000000000000e+00,4.000000000000000000e+00
1.565088820000000089e-02,2.055370589999999886e+00,1.500045910000000093e+00,2.813368169999999946e+00,5.553246739999999626e-01,0.000000000000000000e+00,0.000000000000000000e+00,0.000000000000000000e+00,0.000000000000000000e+00,4.000000000000000000e+00
1.567088820000000007e-02,2.055369690000000027e+00,1.500045910000000093e+00,2.813319599999999809e+00,5.553237789999999618e-01,0.000000000000000000e+00,0.000000000000000000e+00,0.000000000000000000e+00,0.000000000000000000e+00,4.000000000000000000e+00
1.569088819999999926e-02,2.055368790000000168e+00,1.500045910000000093e+00,2.813271030000000117e+00,5.553228839999999611e-01,0.000000000000000000e+00,0.000000000000000000e+00,0.000000000000000000e+00,0.000000000000000000e+00,4.000000000000000000e+00
1.571088819999999844e-02,2.055367899999999803e+00,1.500045910000000093e+00,2.813222459999999980e+00,5.553219889999999603e-01,0.000000000000000000e+00,0.000000000000000000e+00,0.000000000000000000e+00,0.000000000000000000e+00,4.000000000000000000e+00
1.573088820000000110e-02,2.055366999999999944e+00,1.500045910000000093e+00,2.813173899999999783e+00,5.553210939999999596e-01,0.000000000000000000e+00,0.000000000000000000e+00,0.000000000000000000e+00,0.000000000000000000e+00,4.000000000000000000e+00
1.575088820000000028e-02,2.055366100000000085e+00,1.500045899999999932e+00,2.813125330000000091e+00,5.553201989999999588e-01,0.000000000000000000e+00,0.000000000000000000e+00,0.000000000000000000e+00,0.000000000000000000e+00,4.000000000000000000e+00
1.577088819999999947e-02,2.055365210000000165e+00,1.500045899999999932e+00,2.813076769999999893e+00,5.553193039999999581e-01,0.000000000000000000e+00,0.000000000000000000e+00,0.000000000000000000e+00,0.000000000000000000e+00,4.000000000000000000e+00
1.579088819999999865e-02,2.055364309999999861e+00,1.500045899999999932e+00,2.813028210000000140e+00,5.553184089999999573e-01,0.000000000000000000e+00,0.000000000000000000e+00,0.000000000000000000e+00,0.000000000000000000e+00,4.000000000000000000e+00
1.581088820000000131e-02,2.055363410000000002e+00,1.500045899999999932e+00,2.812979649999999943e+00,5.553175139999999566e-01,0.000000000000000000e+00,0.000000000000000000e+00,0.000000000000000000e+00,0.000000000000000000e+00,4.000000000000000000e+00
1.583088820000000049e-02,2.055362520000000082e+00,1.500045899999999932e+00,2.812931090000000189e+00,5.553166189999999558e-01,0.000000000000000000e+00,0.000000000000000000e+00,0.000000000000000000e+00,0.000000000000000000e+00,4.000000000000000000e+00
1.585088819999999968e-02,2.055361619999999778e+00,1.500045899999999932e+00,2.812882529999999992e+00,5.553157239999999550e-01,0.000000000000000000e+00,0.000000000000000000e+00,0.000000000000000000e+00,0.000000000000000000e+00,4.000000000000000000e+00
1.587088819999999886e-02,2.055360719999999919e+00,1.500045889999999993e+00,2.812833980000000178e+00,5.553148289999999543e-01,0.000000000000000000e+00,0.000000000000000000e+00,0.000000000000000000e+00,0.000000000000000000e+00,4.000000000000000000e+00
1.589088820000000152e-02,2.055359829999999999e+00,1.500045889999999993e+00,2.812785429999999920e+00,5.553139350000000363e-01,0.000000000000000000e+00,0.000000000000000000e+00,0.000000000000000000e+00,0.000000000000000000e+00,4.000000000000000000e+00
1.591088820000000070e-02,2.055358930000000139e+00,1.500045889999999993e+00,2.812736880000000106e+00,5.553130400000000355e-01,0.000000000000000000e+00,0.000000000000000000e+00,0.000000000000000000e+00,0.000000000000000000e+00,4.000000000000000000e+00
1.593088819999999989e-02,2.055358040000000219e+00,1.500045889999999993e+00,2.812688329999999848e+00,5.553121460000000065e-01,0.000000000000000000e+00,0.000000000000000000e+00,0.000000000000000000e+00,0.000000000000000000e+00,4.000000000000000000e+00
1.595088819999999907e-02,2.055357139999999916e+00,1.500045889999999993e+00,2.812639780000000034e+00,5.553112510000000057e-01,0.000000000000000000e+00,0.000000000000000000e+00,0.000000000000000000e+00,0.000000000000000000e+00,4.000000000000000000e+00
1.597088820000000173e-02,2.055356240000000057e+00,1.500045889999999993e+00,2.812591230000000220e+00,5.553103569999999767e-01,0.000000000000000000e+00,0.000000000000000000e+00,0.000000000000000000e+00,0.000000000000000000e+00,4.000000000000000000e+00
1.599088820000000091e-02,2.055355350000000136e+00,1.500045889999999993e+00,2.812542689999999901e+00,5.553094619999999759e-01,0.000000000000000000e+00,0.000000000000000000e+00,0.000000000000000000e+00,0.000000000000000000e+00,4.000000000000000000e+00
1.601088820000000010e-02,2.055354449999999833e+00,1.500045880000000054e+00,2.812494150000000026e+00,5.553085679999999469e-01,0.000000000000000000e+00,0.000000000000000000e+00,0.000000000000000000e+00,0.000000000000000000e+00,4.000000000000000000e+00
1.603088819999999928e-02,2.055353559999999913e+00,1.500045880000000054e+00,2.812445610000000151e+00,5.553076740000000289e-01,0.000000000000000000e+00,0.000000000000000000e+00,0.000000000000000000e+00,0.000000000000000000e+00,4.000000000000000000e+00
1.605088819999999847e-02,2.055352660000000053e+00,1.500045880000000054e+00,2.812397069999999832e+00,5.553067799999999998e-01,0.000000000000000000e+00,0.000000000000000000e+00,0.000000000000000000e+00,0.000000000000000000e+00,4.000000000000000000e+00
1.607088820000000112e-02,2.055351770000000133e+00,1.500045880000000054e+00,2.812348539999999897e+00,5.553058849999999991e-01,0.000000000000000000e+00,0.000000000000000000e+00,0.000000000000000000e+00,0.000000000000000000e+00,4.000000000000000000e+00
1.609088820000000031e-02,2.055350869999999830e+00,1.500045880000000054e+00,2.812300000000000022e+00,5.553049909999999700e-01,0.000000000000000000e+00,0.000000000000000000e+00,0.000000000000000000e+00,0.000000000000000000e+00,4.000000000000000000e+00
1.611088819999999949e-02,2.055349969999999971e+00,1.500045880000000054e+00,2.812251470000000086e+00,5.553040970000000520e-01,0.000000000000000000e+00,0.000000000000000000e+00,0.000000000000000000e+00,0.000000000000000000e+00,4.000000000000000000e+00
1.613088819999999868e-02,2.055349080000000050e+00,1.500045880000000054e+00,2.812202940000000151e+00,5.553032030000000230e-01,0.000000000000000000e+00,0.000000000000000000e+00,0.000000000000000000e+00,0.000000000000000000e+00,4.000000000000000000e+00
1.615088820000000133e-02,2.055348180000000191e+00,1.500045869999999892e+00,2.812154410000000215e+00,5.553023089999999939e-01,0.000000000000000000e+00,0.000000000000000000e+00,0.000000000000000000e+00,0.000000000000000000e+00,4.000000000000000000e+00
1.617088820000000052e-02,2.055347289999999827e+00,1.500045869999999892e+00,2.812105879999999836e+00,5.553014149999999649e-01,0.000000000000000000e+00,0.000000000000000000e+00,0.000000000000000000e+00,0.000000000000000000e+00,4.000000000000000000e+00
1.619088819999999970e-02,2.055346389999999968e+00,1.500045869999999892e+00,2.812057359999999839e+00,5.553005220000000186e-01,0.000000000000000000e+00,0.000000000000000000e+00,0.000000000000000000e+00,0.000000000000000000e+00,4.000000000000000000e+00
1.621088819999999889e-02,2.055345500000000047e+00,1.500045869999999892e+00,2.812008829999999904e+00,5.552996279999999896e-01,0.000000000000000000e+00,0.000000000000000000e+00,0.000000000000000000e+00,0.000000000000000000e+00,4.000000000000000000e+00
1.623088820000000154e-02,2.055344600000000188e+00,1.500045869999999892e+00,2.811960309999999907e+00,5.552987339999999605e-01,0.000000000000000000e+00,0.000000000000000000e+00,0.000000000000000000e+00,0.000000000000000000e+00,4.000000000000000000e+00
1.625088820000000073e-02,2.055343709999999824e+00,1.500045869999999892e+00,2.811911789999999911e+00,5.552978400000000425e-01,0.000000000000000000e+00,0.000000000000000000e+00,0.000000000000000000e+00,0.000000000000000000e+00,4.000000000000000000e+00
1.627088819999999991e-02,2.055342809999999965e+00,1.500045869999999892e+00,2.811863279999999854e+00,5.552969469999999852e-01,0.000000000000000000e+00,0.000000000000000000e+00,0.000000000000000000e+00,0.000000000000000000e+00,4.000000000000000000e+00
1.629088819999999910e-02,2.055341920000000044e+00,1.500045859999999953e+00,2.811814759999999858e+00,5.552960529999999562e-01,0.000000000000000000e+00,0.000000000000000000e+00,0.000000000000000000e+00,0.000000000000000000e+00,4.000000000000000000e+00
1.631088819999999828e-02,2.055341020000000185e+00,1.500045859999999953e+00,2.811766249999999800e+00,5.552951600000000099e-01,0.000000000000000000e+00,0.000000000000000000e+00,0.000000000000000000e+00,0.000000000000000000e+00,4.000000000000000000e+00
1.633088820000000094e-02,2.055340129999999821e+00,1.500045859999999953e+00,2.811717729999999804e+00,5.552942659999999808e-01,0.000000000000000000e+00,0.000000000000000000e+00,0.000000000000000000e+00,0.000000000000000000e+00,4.000000000000000000e+00
1.635088820000000012e-02,2.055339229999999962e+00,1.500045859999999953e+00,2.811669220000000191e+00,5.552933730000000345e-01,0.000000000000000000e+00,0.000000000000000000e+00,0.000000000000000000e+00,0.000000000000000000e+00,4.000000000000000000e+00
1.637088819999999931e-02,2.055338340000000041e+00,1.500045859999999953e+00,2.811620710000000134e+00,5.552924799999999772e-01,0.000000000000000000e+00,0.000000000000000000e+00,0.000000000000000000e+00,0.000000000000000000e+00,4.000000000000000000e+00
1.639088819999999849e-02,2.055337440000000182e+00,1.500045859999999953e+00,2.811572210000000016e+00,5.552915859999999482e-01,0.000000000000000000e+00,0.000000000000000000e+00,0.000000000000000000e+00,0.000000000000000000e+00,4.000000000000000000e+00
1.641088820000000115e-02,2.055336549999999818e+00,1.500045850000000014e+00,2.811523699999999959e+00,5.552906930000000019e-01,0.000000000000000000e+00,0.000000000000000000e+00,0.000000000000000000e+00,0.000000000000000000e+00,4.000000000000000000e+00
1.643088820000000033e-02,2.055335649999999958e+00,1.500045850000000014e+00,2.811475199999999841e+00,5.552897999999999445e-01,0.000000000000000000e+00,0.000000000000000000e+00,0.000000000000000000e+00,0.000000000000000000e+00,4.000000000000000000e+00
1.645088819999999952e-02,2.055334760000000038e+00,1.500045850000000014e+00,2.811426700000000167e+00,5.552889069999999982e-01,0.000000000000000000e+00,0.000000000000000000e+00,0.000000000000000000e+00,0.000000000000000000e+00,4.000000000000000000e+00
1.647088819999999870e-02,2.055333860000000179e+00,1.500045850000000014e+00,2.811378200000000049e+00,5.552880140000000520e-01,0.000000000000000000e+00,0.000000000000000000e+00,0.000000000000000000e+00,0.000000000000000000e+00,4.000000000000000000e+00
1.649088820000000136e-02,2.055332969999999815e+00,1.500045850000000014e+00,2.811329699999999931e+00,5.552871209999999946e-01,0.000000000000000000e+00,0.000000000000000000e+00,0.000000000000000000e+00,0.000000000000000000e+00,4.000000000000000000e+00
1.651088820000000054e-02,2.055332079999999895e+00,1.500045850000000014e+00,2.811281199999999814e+00,5.552862280000000483e-01,0.000000000000000000e+00,0.000000000000000000e+00,0.000000000000000000e+00,0.000000000000000000e+00,4.000000000000000000e+00
1.653088819999999973e-02,2.055331180000000035e+00,1.500045850000000014e+00,2.811232710000000079e+00,5.552853349999999910e-01,0.000000000000000000e+00,0.000000000000000000e+00,0.000000000000000000e+00,0.000000000000000000e+00,4.000000000000000000e+00
1.655088819999999891e-02,2.055330290000000115e+00,1.500045840000000075e+00,2.811184219999999900e+00,5.552844420000000447e-01,0.000000000000000000e+00,0.000000000000000000e+00,0.000000000000000000e+00,0.000000000000000000e+00,4.000000000000000000e+00
1.657088820000000157e-02,2.055329389999999812e+00,1.500045840000000075e+00,2.811135730000000166e+00,5.552835489999999874e-01,0.000000000000000000e+00,0.000000000000000000e+00,0.000000000000000000e+00,0.000000000000000000e+00,4.000000000000000000e+00
1.659088820000000075e-02,2.055328499999999892e+00,1.500045840000000075e+00,2.811087239999999987e+00,5.552826570000000128e-01,0.000000000000000000e+00,0.000000000000000000e+00,0.000000000000000000e+00,0.000000000000000000e+00,4.000000000000000000e+00
1.661088819999999994e-02,2.055327600000000032e+00,1.500045840000000075e+00,2.811038749999999808e+00,5.552817639999999555e-01,0.000000000000000000e+00,0.000000000000000000e+00,0.000000000000000000e+00,0.000000000000000000e+00,4.000000000000000000e+00
1.663088819999999912e-02,2.055326710000000112e+00,1.500045840000000075e+00,2.810990260000000074e+00,5.552808710000000092e-01,0.000000000000000000e+00,0.000000000000000000e+00,0.000000000000000000e+00,0.000000000000000000e+00,4.000000000000000000e+00
1.665088819999999831e-02,2.055325820000000192e+00,1.500045840000000075e+00,2.810941779999999834e+00,5.552799790000000346e-01,0.000000000000000000e+00,0.000000000000000000e+00,0.000000000000000000e+00,0.000000000000000000e+00,4.000000000000000000e+00
1.667088820000000096e-02,2.055324919999999889e+00,1.500045840000000075e+00,2.810893300000000039e+00,5.552790859999999773e-01,0.000000000000000000e+00,0.000000000000000000e+00,0.000000000000000000e+00,0.000000000000000000e+00,4.000000000000000000e+00
1.669088820000000015e-02,2.055324029999999969e+00,1.500045829999999913e+00,2.810844819999999800e+00,5.552781940000000027e-01,0.000000000000000000e+00,0.000000000000000000e+00,0.000000000000000000e+00,0.000000000000000000e+00,4.000000000000000000e+00
1.671088819999999933e-02,2.055323130000000109e+00,1.500045829999999913e+00,2.810796340000000004e+00,5.552773009999999454e-01,0.000000000000000000e+00,0.000000000000000000e+00,0.000000000000000000e+00,0.000000000000000000e+00,4.000000000000000000e+00
1.673088819999999852e-02,2.055322240000000189e+00,1.500045829999999913e+00,2.810747860000000209e+00,5.552764089999999708e-01,0.000000000000000000e+00,0.000000000000000000e+00,0.000000000000000000e+00,0.000000000000000000e+00,4.000000000000000000e+00
1.675088820000000117e-02,2.055321349999999825e+00,1.500045829999999913e+00,2.810699389999999909e+00,5.552755169999999962e-01,0.000000000000000000e+00,0.000000000000000000e+00,0.000000000000000000e+00,0.000000000000000000e+00,4.000000000000000000e+00
1.677088820000000036e-02,2.055320449999999965e+00,1.500045829999999913e+00,2.810650920000000053e+00,5.552746250000000217e-01,0.000000000000000000e+00,0.000000000000000000e+00,0.000000000000000000e+00,0.000000000000000000e+00,4.000000000000000000e+00
1.679088819999999954e-02,2.055319560000000045e+00,1.500045829999999913e+00,2.810602450000000196e+00,5.552737319999999643e-01,0.000000000000000000e+00,0.000000000000000000e+00,0.000000000000000000e+00,0.000000000000000000e+00,4.000000000000000000e+00
