candidate_id,topology_id,timing_id,transistor_count,c1_other,comp_node,data_node,anchor_node,bridge_node,anchor_mask,em_mask,address_us,t_reset_us,t_comp_us,t_write_us,t_dead_cw_us,t_dead_we_us,t_emit_us,functional,score,max_rcer_pct,max_prior_error_pct,off_current_nA,low_current_nA,mid_current_nA,high_current_nA,s_th,g_data,monotonic_margin_nA,pareto
PX-BD8AA698+TM-03DCFE76,PX-BD8AA698,TM-03DCFE76,6,A,A,A,B,NONE,1110,1001,2.0999999999999996,0.5,1.0,0.5,0.05,0.05,6.0,False,-70.74141788553338,129.43697680388766,199.67699719261685,17.298425069322803,0.1332436569488644,12.056441336602106,68.10537541418421,0.2937102788528308,0.5388028338732256,11.923197679653242,False
PX-BD8AA698+TM-EE5F79B6,PX-BD8AA698,TM-EE5F79B6,6,A,A,A,B,NONE,1110,1001,2.15,0.5,1.0,0.5,0.05,0.1,6.0,False,-70.75741556956743,130.08291242363805,199.67278312183194,17.298425069322803,0.13204953742425676,12.056407931943797,68.1045341451578,0.2937102788528308,0.5388206580703016,11.92435839451954,False
PX-BD8AA698+TM-C987E146,PX-BD8AA698,TM-C987E146,6,A,A,A,B,NONE,1110,1001,2.15,0.5,1.0,0.5,0.1,0.05,6.0,False,-70.80455443928389,143.71171331483455,199.64493692343183,17.298425069322803,0.11158724110834808,11.963366045036464,68.00853491502646,0.2937102788528308,0.5411131228432547,11.851778803928116,False
PX-BD8AA698+TM-BA2906EC,PX-BD8AA698,TM-BA2906EC,6,A,A,A,B,NONE,1110,1001,2.2,0.5,1.0,0.5,0.1,0.1,6.0,False,-70.81853622863179,144.28042560695988,199.64103765960763,17.298425069322803,0.11079623886331187,11.963334546514195,68.00769607494402,0.2937102788528308,0.5411138253840275,11.852538307650883,False
PX-BD8AA698+TM-B1B82082,PX-BD8AA698,TM-B1B82082,6,A,A,A,B,NONE,1110,1001,2.5999999999999996,0.5,1.0,1.0,0.05,0.05,6.0,False,-71.0666042355139,152.62012834090467,199.55872981231371,17.298425069322803,0.09869798909988346,10.99866603693297,64.33176643685638,0.2937102788528308,0.5278572628559244,10.899968047833086,False
PX-BD8AA698+TM-3ADEC45D,PX-BD8AA698,TM-3ADEC45D,6,A,A,A,B,NONE,1110,1001,2.65,0.5,1.0,1.0,0.05,0.1,6.0,False,-71.07963745404334,153.139857415397,199.5549315945563,17.298425069322803,0.09811955811942447,10.99865370388973,64.33101840977575,0.2937102788528308,0.527862489155529,10.900534145770305,False
PX-BD8AA698+TM-BC2BA4B2,PX-BD8AA698,TM-BC2BA4B2,6,A,A,A,B,NONE,1110,1001,2.65,0.5,1.0,1.0,0.1,0.05,6.0,False,-71.0843622107962,164.29394080052197,199.54072057493846,17.298425069322803,0.08740268162723737,10.962976113026388,64.3020724515278,0.2937102788528308,0.5298403321792619,10.875573431399152,False
PX-BD8AA698+TM-8103AB33,PX-BD8AA698,TM-8103AB33,6,A,A,A,B,NONE,1110,1001,2.7,0.5,1.0,1.0,0.1,0.1,6.0,False,-71.09682666323373,164.73872055800865,199.53732769581976,17.298425069322803,0.08698902490682826,10.962964461354714,64.30132514018136,0.2937102788528308,0.5298368340353221,10.875975436447886,False
PX-BD8AA698+TM-514F25E6,PX-BD8AA698,TM-514F25E6,6,A,A,A,B,NONE,1110,1001,3.5999999999999996,0.5,1.0,2.0,0.05,0.05,6.0,False,-71.40457546983806,185.36574236861486,199.3784912094559,17.298425069322803,0.06999077809767712,10.230545303304643,61.91741768050999,0.2937102788528308,0.5217774402661344,10.160554525206965,False
PX-BD8AA698+TM-37A2F2BC,PX-BD8AA698,TM-37A2F2BC,6,A,A,A,B,NONE,1110,1001,3.65,0.5,1.0,2.0,0.05,0.1,6.0,False,-71.41623656453507,185.6745146625979,199.37572207443674,17.298425069322803,0.06978670903008155,10.23054726057278,61.91672728651247,0.2937102788528308,0.5217750309835041,10.1607605515427,False
PX-BD8AA698+TM-8041B5D5,PX-BD8AA698,TM-8041B5D5,6,A,A,A,B,NONE,1110,1001,3.65,0.5,1.0,2.0,0.1,0.05,6.0,False,-71.405639825719,193.00103352150205,199.38302717350655,17.298425069322803,0.0652210061249113,10.219256348643876,61.91009925598394,0.2937102788528308,0.5233724115544273,10.154035342518963,False
PX-BD8AA698+TM-AC550B76,PX-BD8AA698,TM-AC550B76,6,A,A,A,B,NONE,1110,1001,3.7,0.5,1.0,2.0,0.1,0.1,6.0,False,-71.41723489502002,193.26236145834775,199.3805960049506,17.298425069322803,0.06506272970660554,10.219258507944984,61.90940903325102,0.2937102788528308,0.523366681276517,10.154195778238378,False
PX-BD8AA698+TM-C84B98D5,PX-BD8AA698,TM-C84B98D5,6,A,A,A,B,NONE,1110,1001,3.0999999999999996,0.5,2.0,0.5,0.05,0.05,6.0,False,-69.74740738304091,133.53224320744638,140.8865629182714,17.298425069322803,0.035389777364065324,10.308432479994345,64.26705302693126,0.4236734319724032,0.5403352472093882,10.27304270263028,False
PX-BD8AA698+TM-A9341DA7,PX-BD8AA698,TM-A9341DA7,6,A,A,A,B,NONE,1110,1001,3.15,0.5,2.0,0.5,0.05,0.1,6.0,False,-69.75301396026578,132.71266313530447,140.421619206554,17.298425069322803,0.03527387087550094,10.308405712209355,64.26624102159309,0.4236734319724032,0.5403587421593203,10.273131841333853,False
PX-BD8AA698+TM-38DE3A46,PX-BD8AA698,TM-38DE3A46,6,A,A,A,B,NONE,1110,1001,3.15,0.5,2.0,0.5,0.1,0.05,6.0,False,-68.92078140762388,86.96189336693305,129.72793914534623,17.298425069322803,0.03258811269669706,10.228754853192362,64.18383788202107,0.4236734319724032,0.5432374606406513,10.196166740495665,False
PX-BD8AA698+TM-4F91BE19,PX-BD8AA698,TM-4F91BE19,6,A,A,A,B,NONE,1110,1001,3.2,0.5,2.0,0.5,0.1,0.1,6.0,False,-68.92058019931244,86.67230779406786,129.4291010488025,17.298425069322803,0.03251370232780352,10.228729712592893,64.18302797767925,0.4236734319724032,0.5432399479405214,10.19621601026509,False
PX-BD8AA698+TM-D35760D5,PX-BD8AA698,TM-D35760D5,6,A,A,A,B,NONE,1110,1001,3.5999999999999996,0.5,2.0,1.0,0.05,0.05,6.0,False,-69.40289813283286,94.48823751006591,131.52536490587215,17.298425069322803,0.03304926596158723,9.418866130693369,60.710424026533225,0.4236734319724032,0.5294621269718178,9.385816864731781,False
PX-BD8AA698+TM-A41837FA,PX-BD8AA698,TM-A41837FA,6,A,A,A,B,NONE,1110,1001,3.65,0.5,2.0,1.0,0.05,0.1,6.0,False,-69.40309574342803,94.11930093085687,131.20559159581384,17.298425069322803,0.03296957917951009,9.418857038742013,60.709700397861056,0.4236734319724032,0.5294726130545669,9.385887459562504,False
PX-BD8AA698+TM-8B1FD324,PX-BD8AA698,TM-8B1FD324,6,A,A,A,B,NONE,1110,1001,3.65,0.5,2.0,1.0,0.1,0.05,6.0,False,-68.42082827845189,73.22411296741365,118.12566560393343,17.298425069322803,0.02968758656565341,9.386709832327156,60.68422708048779,0.4236734319724032,0.5319075810444176,9.357022245761504,False
PX-BD8AA698+TM-6B36D4D2,PX-BD8AA698,TM-6B36D4D2,6,A,A,A,B,NONE,1110,1001,3.7,0.5,2.0,1.0,0.1,0.1,6.0,False,-68.42117153628612,73.06575132253082,117.94639535965868,17.298425069322803,0.029643003641138737,9.386701353470341,60.683504088119584,0.4236734319724032,0.5319050506165206,9.357058349829202,False
PX-BD8AA698+TM-93471C56,PX-BD8AA698,TM-93471C56,6,A,A,A,B,NONE,1110,1001,4.6,0.5,2.0,2.0,0.05,0.05,6.0,False,-68.48706263756299,70.32872567439395,112.21381803653851,17.298425069322803,0.028219417326163152,8.746300109848526,58.40131796158794,0.4236734319724032,0.5233004523231547,8.718080692522362,False
PX-BD8AA698+TM-DC79C298,PX-BD8AA698,TM-DC79C298,6,A,A,A,B,NONE,1110,1001,4.6499999999999995,0.5,2.0,2.0,0.05,0.1,6.0,False,-68.48824398274411,70.20234389491469,112.08147709198776,17.298425069322803,0.02818650502520841,8.746303501362359,58.400649791651745,0.4236734319724032,0.5232998059241141,8.71811699633715,False
PX-BD8AA698+TM-5E21F537,PX-BD8AA698,TM-5E21F537,6,A,A,A,B,NONE,1110,1001,4.6499999999999995,0.5,2.0,2.0,0.1,0.05,6.0,False,-67.82258592392964,63.14735512991654,104.39493454301932,17.298425069322803,0.02625359795836487,8.735651556722884,58.39466097538375,0.4236734319724032,0.5252720379896141,8.70939795876452,False
PX-BD8AA698+TM-C537F674,PX-BD8AA698,TM-C537F674,6,A,A,A,B,NONE,1110,1001,4.699999999999999,0.5,2.0,2.0,0.1,0.1,6.0,False,-67.83311290896673,63.14815924059898,104.31066614054858,17.298425069322803,0.02623269089324764,8.73565513840828,58.39399296246074,0.4236734319724032,0.5252662715509039,8.709422447515033,False
PX-BD8AA698+TM-AFD91B7E,PX-BD8AA698,TM-AFD91B7E,6,A,A,A,B,NONE,1110,1001,5.1,0.5,4.0,0.5,0.05,0.05,6.0,False,-63.92493552876279,56.129823989960826,58.4005137619625,17.298425069322803,0.00875711596886031,8.086904781690864,59.10402291388945,0.5854040678727482,0.5491468404891173,8.078147665722005,False
PX-BD8AA698+TM-43AF6F18,PX-BD8AA698,TM-43AF6F18,6,A,A,A,B,NONE,1110,1001,5.1499999999999995,0.5,4.0,0.5,0.05,0.1,6.0,False,-63.93606689127849,56.130190253480805,58.400369217003345,17.298425069322803,0.008753641178946675,8.086887096865642,59.103252221587695,0.5854040678727482,0.5491370399640771,8.078133455686695,False
PX-BD8AA698+TM-955A259B,PX-BD8AA698,TM-955A259B,6,A,A,A,B,NONE,1110,1001,5.1499999999999995,0.5,4.0,0.5,0.1,0.05,6.0,False,-63.87368023732397,55.912688737004125,58.275627878972,17.298425069322803,0.00747940514392783,8.026300184194362,59.04039247633039,0.5854040678727482,0.5519800049966712,8.018820779050435,False
PX-BD8AA698+TM-8C7BDD47,PX-BD8AA698,TM-8C7BDD47,6,A,A,A,B,NONE,1110,1001,5.199999999999999,0.5,4.0,0.5,0.1,0.1,6.0,False,-63.88482308620791,55.91306097757003,58.27548556575668,17.298425069322803,0.00747776365963723,8.026283723776412,59.03962340338278,0.5854040678727482,0.5519677952178978,8.018805960116776,False
PX-BD8AA698+TM-1BB52401,PX-BD8AA698,TM-1BB52401,6,A,A,A,B,NONE,1110,1001,5.6,0.5,4.0,1.0,0.05,0.05,6.0,False,-63.895269868302925,55.131188208776905,56.27118225823197,17.298425069322803,0.008327187972041822,7.430332407523325,55.86407944193105,0.5854040678727482,0.5377357300992099,7.422005219551283,False
PX-BD8AA698+TM-411F8E1A,PX-BD8AA698,TM-411F8E1A,6,A,A,A,B,NONE,1110,1001,5.6499999999999995,0.5,4.0,1.0,0.05,0.1,6.0,False,-63.90626410613457,55.13158623822466,56.271076055335165,17.298425069322803,0.008324417476763744,7.430327652282068,55.86338987124128,0.5854040678727482,0.5377266427987755,7.422003234805304,False
PX-BD8AA698+TM-6A2FA74D,PX-BD8AA698,TM-6A2FA74D,6,A,A,A,B,NONE,1110,1001,5.6499999999999995,0.5,4.0,1.0,0.1,0.05,6.0,False,-63.86441501322044,55.01797646040607,56.28303741574919,17.298425069322803,0.007180209204626419,7.403583099315762,55.84319820856031,0.5854040678727482,0.5405717177450122,7.396402890111136,False
PX-BD8AA698+TM-FE4738D0,PX-BD8AA698,TM-FE4738D0,6,A,A,A,B,NONE,1110,1001,5.699999999999999,0.5,4.0,1.0,0.1,0.1,6.0,False,-63.875416485830335,55.01837775752876,56.28293101982831,17.298425069322803,0.007178890449287389,7.4035788508227505,55.84250915019534,0.5854040678727482,0.5405605810478448,7.396399960373463,False
PX-BD8AA698+TM-79BBB106,PX-BD8AA698,TM-79BBB106,6,A,A,A,B,NONE,1110,1001,6.6,0.5,4.0,2.0,0.05,0.05,6.0,False,-64.07469141147631,54.64246741793772,55.67859898524943,17.298425069322803,0.007588150672828992,6.89572222460501,53.70882975218937,0.5854040678727482,0.530926862559072,6.888134073932181,False
PX-BD8AA698+TM-D4148342,PX-BD8AA698,TM-D4148342,6,A,A,A,B,NONE,1110,1001,6.6499999999999995,0.5,4.0,2.0,0.05,0.1,6.0,False,-64.08541544210382,54.642885882,55.678503447795805,17.298425069322803,0.007586382698796511,6.895727328473542,53.708192400489146,0.5854040678727482,0.5309183651191188,6.888140945774746,False
PX-BD8AA698+TM-7EA05171,PX-BD8AA698,TM-7EA05171,6,A,A,A,B,NONE,1110,1001,6.6499999999999995,0.5,4.0,2.0,0.1,0.05,6.0,False,-64.0561962681528,54.59840710698748,55.71335517818078,17.298425069322803,0.006648085346948096,6.88612464870205,53.703278321654594,0.5854040678727482,0.5335601201058289,6.879476563355102,False
PX-BD8AA698+TM-451EE8EE,PX-BD8AA698,TM-451EE8EE,6,A,A,A,B,NONE,1110,1001,6.699999999999999,0.5,4.0,2.0,0.1,0.1,6.0,False,-64.06692212484342,54.59882692063862,55.713258992190774,17.298425069322803,0.006647254874349381,6.886129923011795,53.70264110228833,0.5854040678727482,0.533550106885002,6.879482668137446,False
PX-BD8AA698+TM-196A39BD,PX-BD8AA698,TM-196A39BD,6,A,A,A,B,NONE,1110,1001,9.100000000000001,0.5,8.0,0.5,0.05,0.05,6.0,False,-59.640296822892196,48.11163458084603,40.04304182565699,17.298425069322803,0.001379155262929431,5.817064392283395,53.3972517237912,0.74433095085324,0.5633937802577462,5.815685237020467,False
PX-BD8AA698+TM-49117E35,PX-BD8AA698,TM-49117E35,6,A,A,A,B,NONE,1110,1001,9.15,0.5,8.0,0.5,0.05,0.1,6.0,False,-59.65042952859716,48.11211621791502,40.04287632900437,17.298425069322803,0.0013792879177195916,5.817056371233545,53.39652964662131,0.74433095085324,0.5633820481349492,5.815677083315825,False
PX-BD8AA698+TM-BDA8A9EE,PX-BD8AA698,TM-BDA8A9EE,6,A,A,A,B,NONE,1110,1001,9.15,0.5,8.0,0.5,0.1,0.05,6.0,False,-59.57952305115811,47.89100154336875,39.90228848170393,17.298425069322803,0.001266961145779864,5.778294233252798,53.3562329494369,0.74433095085324,0.5649983689456339,5.777027272107018,False
PX-BD8AA698+TM-5B2918E6,PX-BD8AA698,TM-5B2918E6,6,A,A,A,B,NONE,1110,1001,9.2,0.5,8.0,0.5,0.1,0.1,6.0,False,-59.589647647929326,47.89148946256089,39.9021253149538,17.298425069322803,0.0012671010367591947,5.778286969995026,53.35551192528453,0.74433095085324,0.564986428205632,5.777019868958266,False
PX-BD8AA698+TM-60ADACA0,PX-BD8AA698,TM-60ADACA0,6,A,A,A,B,NONE,1110,1001,9.600000000000001,0.5,8.0,1.0,0.05,0.05,6.0,False,-59.47385240842433,47.45935772232387,37.85569544467321,17.298425069322803,0.001351708171453735,5.420332700850642,50.5469335583044,0.74433095085324,0.5524303248773572,5.418980992679189,False
PX-BD8AA698+TM-CA5F92A2,PX-BD8AA698,TM-CA5F92A2,6,A,A,A,B,NONE,1110,1001,9.65,0.5,8.0,1.0,0.05,0.1,6.0,False,-59.4838672275277,47.45986195567783,37.8555694113064,17.298425069322803,0.0013518431015503132,5.420332332951944,50.54628347125144,0.74433095085324,0.5524188170065651,5.4189804898503935,False
PX-BD8AA698+TM-D655B7C6,PX-BD8AA698,TM-D655B7C6,6,A,A,A,B,NONE,1110,1001,9.65,0.5,8.0,1.0,0.1,0.05,6.0,False,-59.44180581742123,47.33118110299935,37.83603501706915,17.298425069322803,0.0012447475142568383,5.400586102955497,50.5326871856476,0.74433095085324,0.5540936776391905,5.39934135544124,False
PX-BD8AA698+TM-510E8CD6,PX-BD8AA698,TM-510E8CD6,6,A,A,A,B,NONE,1110,1001,9.7,0.5,8.0,1.0,0.1,0.1,6.0,False,-59.451811769106214,47.33168908600365,37.83590942780457,17.298425069322803,0.0012448882673325471,5.40058610671613,50.53203745199448,0.74433095085324,0.5540819668356916,5.3993412184487966,False
PX-BD8AA698+TM-155C2AC2,PX-BD8AA698,TM-155C2AC2,6,A,A,A,B,NONE,1110,1001,10.600000000000001,0.5,8.0,2.0,0.05,0.05,6.0,False,-59.54105207126463,47.16078398419075,36.710676903454036,17.298425069322803,0.0012991500524088227,5.053440442605071,48.58243773255605,0.74433095085324,0.545135820677696,5.052141292552662,False
PX-BD8AA698+TM-C4EF8727,PX-BD8AA698,TM-C4EF8727,6,A,A,A,B,NONE,1110,1001,10.65,0.5,8.0,2.0,0.05,0.1,6.0,False,-59.55082858478974,47.16130287090485,36.71057540615679,17.298425069322803,0.0012992886023323008,5.0534468719575045,48.58183573622709,0.74433095085324,0.5451244042653602,5.052147583355172,False
PX-BD8AA698+TM-2822DBE9,PX-BD8AA698,TM-2822DBE9,6,A,A,A,B,NONE,1110,1001,10.65,0.5,8.0,2.0,0.1,0.05,6.0,False,-59.52691601525369,47.10290850674658,36.73076000450687,17.298425069322803,0.001201963644563728,5.045338758143817,48.57842526903476,0.74433095085324,0.546754200309052,5.044136794499254,False
PX-BD8AA698+TM-524513CD,PX-BD8AA698,TM-524513CD,6,A,A,A,B,NONE,1110,1001,10.7,0.5,8.0,2.0,0.1,0.1,6.0,False,-59.53668302197166,47.10342914584958,36.730658228226126,17.298425069322803,0.0012021056573936542,5.045345333318063,48.57782336953691,0.74433095085324,0.5467426057895769,5.04414322766067,False
PX-BD8AA698+TM-C6470215,PX-BD8AA698,TM-C6470215,6,A,A,A,B,NONE,1110,1001,17.1,0.5,16.0,0.5,0.05,0.05,6.0,False,-53.12235888497951,35.550425567643444,22.86036807970053,17.298425069322803,0.000270211163008219,3.9487324926283063,48.24474261518402,0.8657841969979684,0.5769446141159456,3.948462281465298,False
PX-BD8AA698+TM-25F81A19,PX-BD8AA698,TM-25F81A19,6,A,A,A,B,NONE,1110,1001,17.150000000000002,0.5,16.0,0.5,0.05,0.1,6.0,False,-53.13069359492427,35.551126418648714,22.859746008925665,17.298425069322803,0.00027025794601510917,3.9487229825581274,48.2440674886409,0.8657841969979684,0.5769322703222731,3.9484527246121117,False
PX-BD8AA698+TM-D2B82E1A,PX-BD8AA698,TM-D2B82E1A,6,A,A,A,B,NONE,1110,1001,17.150000000000002,0.5,16.0,0.5,0.1,0.05,6.0,False,-53.04110085097708,35.348408769379596,22.75551601269063,17.298425069322803,0.00026101969094274375,3.9287833774049234,48.223303162778684,0.8657841969979684,0.5776473600258374,3.9285223577139803,False
PX-BD8AA698+TM-D9325021,PX-BD8AA698,TM-D9325021,6,A,A,A,B,NONE,1110,1001,17.200000000000003,0.5,16.0,0.5,0.1,0.1,6.0,False,-53.049429578787255,35.3491158523956,22.754898319040397,17.298425069322803,0.00026106528468829626,3.928774358386217,48.22262859071094,0.8657841969979684,0.577634993981353,3.928513293101528,False
PX-BD8AA698+TM-3A6C19DC,PX-BD8AA698,TM-3A6C19DC,6,A,A,A,B,NONE,1110,1001,17.6,0.5,16.0,1.0,0.05,0.05,6.0,False,-52.99551832254623,35.70318929978747,21.330993464642013,17.298425069322803,0.0002683450045973706,3.7704417855155152,45.7889915829468,0.8657841969979684,0.566795684930171,3.770173440510918,False
PX-BD8AA698+TM-348A77C8,PX-BD8AA698,TM-348A77C8,6,A,A,A,B,NONE,1110,1001,17.650000000000002,0.5,16.0,1.0,0.05,0.1,6.0,False,-53.00375687630422,35.703888611429214,21.330451537272694,17.298425069322803,0.00026839154855129595,3.7704372497158016,45.78837899105145,0.8657841969979684,0.5667835494898288,3.7701688581672506,False
PX-BD8AA698+TM-8FA343F3,PX-BD8AA698,TM-8FA343F3,6,A,A,A,B,NONE,1110,1001,17.650000000000002,0.5,16.0,1.0,0.1,0.05,6.0,False,-52.94836311517901,35.56510955245557,21.297865121515418,17.298425069322803,0.00025935994370859935,3.758034161601181,45.78104914423235,0.8657841969979684,0.5675416360200254,3.757774801657473,False
PX-BD8AA698+TM-3497EB27,PX-BD8AA698,TM-3497EB27,6,A,A,A,B,NONE,1110,1001,17.700000000000003,0.5,16.0,1.0,0.1,0.1,6.0,False,-52.95659546101098,35.565813164421265,21.29732871989653,17.298425069322803,0.0002594053185098016,3.7580299863843316,45.78043675137994,0.8657841969979684,0.5675294778776849,3.757770581065822,False
PX-BD8AA698+TM-E5447244,PX-BD8AA698,TM-E5447244,6,A,A,A,B,NONE,1110,1001,18.6,0.5,16.0,2.0,0.05,0.05,6.0,False,-53.029267908334305,36.039335596401486,20.12685229187828,17.298425069322803,0.0002646618305821443,3.569855172286367,44.0212705519115,0.8657841969979684,0.5594573697428964,3.569590510455785,False
PX-BD8AA698+TM-94DEFF90,PX-BD8AA698,TM-94DEFF90,6,A,A,A,B,NONE,1110,1001,18.650000000000002,0.5,16.0,2.0,0.05,0.1,6.0,False,-53.03732694918453,36.04002961533072,20.126440024373462,17.298425069322803,0.0002647078984213732,3.569856871341329,44.020701677484446,0.8657841969979684,0.5594454059316633,3.5695921634429078,False
PX-BD8AA698+TM-9D4BCF80,PX-BD8AA698,TM-9D4BCF80,6,A,A,A,B,NONE,1110,1001,18.650000000000002,0.5,16.0,2.0,0.1,0.05,6.0,False,-53.00917105721205,35.96142844389877,20.133245666662944,17.298425069322803,0.0002560808928401013,3.5635640208115906,44.018888795332536,0.8657841969979684,0.5602037907224804,3.5633079399187504,False
PX-BD8AA698+TM-31115CEF,PX-BD8AA698,TM-31115CEF,6,A,A,A,B,NONE,1110,1001,18.700000000000003,0.5,16.0,2.0,0.1,0.1,6.0,False,-53.01722282538294,35.962124927420966,20.132836845766384,17.298425069322803,0.00025612583177038445,3.563565910960718,44.018319979042296,0.8657841969979684,0.5601918049341517,3.563309785128948,False
PX-BD8AA698+TM-44750E09,PX-BD8AA698,TM-44750E09,6,A,A,A,B,NONE,1110,1001,2.5999999999999996,1.0,1.0,0.5,0.05,0.05,6.0,False,-70.412813393784,133.84676713384243,168.50948829185205,17.54723420435004,0.042376951548115493,11.528948745006083,67.05097565494556,0.3431467254830145,0.5424312156622122,11.48657179345797,False
PX-BD8AA698+TM-FAB5DC2E,PX-BD8AA698,TM-FAB5DC2E,6,A,A,A,B,NONE,1110,1001,2.65,1.0,1.0,0.5,0.05,0.1,6.0,False,-70.4211281375592,133.46461508704198,167.0554506944945,17.54723420435004,0.04201439303670419,11.528917210545917,67.05014184959713,0.3431467254830145,0.5424533198195585,11.486902817509213,False
PX-BD8AA698+TM-AAD78B2B,PX-BD8AA698,TM-AAD78B2B,6,A,A,A,B,NONE,1110,1001,2.65,1.0,1.0,0.5,0.1,0.05,6.0,False,-70.19218147675815,113.99387000021639,141.44242503292762,17.54723420435004,0.035589123763707355,11.439227082297407,66.95748490969508,0.3431467254830145,0.5453099288077818,11.4036379585337,False
PX-BD8AA698+TM-B9DD542F,PX-BD8AA698,TM-B9DD542F,6,A,A,A,B,NONE,1110,1001,2.7,1.0,1.0,0.5,0.1,0.1,6.0,False,-70.1925014079309,113.1814704369616,140.9406830771076,17.54723420435004,0.035464526994034754,11.439197380417351,66.95665345213789,0.3431467254830145,0.5453111089792048,11.403732853423318,False
PX-BD8AA698+TM-921BB415,PX-BD8AA698,TM-921BB415,6,A,A,A,B,NONE,1110,1001,3.0999999999999996,1.0,1.0,1.0,0.05,0.05,6.0,False,-70.25001965943243,103.32573645558266,136.48036358359406,17.54723420435004,0.034371972752222944,10.51541610673168,63.32749712818332,0.3431467254830145,0.5317483125827422,10.481044133979458,False
PX-BD8AA698+TM-997B1495,PX-BD8AA698,TM-997B1495,6,A,A,A,B,NONE,1110,1001,3.15,1.0,1.0,1.0,0.05,0.1,6.0,False,-70.24364349652583,102.44911633062819,136.19678932285703,17.54723420435004,0.03430173560595547,10.515404706496927,63.32675540542159,0.3431467254830145,0.531757771689947,10.481102970890971,False
PX-BD8AA698+TM-DA26960F,PX-BD8AA698,TM-DA26960F,6,A,A,A,B,NONE,1110,1001,3.15,1.0,1.0,1.0,0.1,0.05,6.0,False,-69.29741077299286,76.45055733533547,131.7821260091079,17.54723420435004,0.03317651593905904,10.480446845428888,63.29854620981039,0.3431467254830145,0.5341940000077811,10.44727032948983,False
PX-BD8AA698+TM-24EDFB89,PX-BD8AA698,TM-24EDFB89,6,A,A,A,B,NONE,1110,1001,3.2,1.0,1.0,1.0,0.1,0.1,6.0,False,-69.2851372125435,76.04622248959723,131.48378598494412,17.54723420435004,0.03310251680476156,10.480436111600334,63.297805186040314,0.3431467254830145,0.534191499563903,10.447333594795571,False
PX-BD8AA698+TM-F25AD464,PX-BD8AA698,TM-F25AD464,6,A,A,A,B,NONE,1110,1001,4.1,1.0,1.0,2.0,0.05,0.05,6.0,False,-69.09073041012917,69.5130231372643,118.31729027446995,17.54723420435004,0.029829880697057595,9.769865725077823,60.937237515188706,0.3431467254830145,0.5259837479335611,9.740035844380765,False
PX-BD8AA698+TM-8889DD51,PX-BD8AA698,TM-8889DD51,6,A,A,A,B,NONE,1110,1001,4.1499999999999995,1.0,1.0,2.0,0.05,0.1,6.0,False,-69.1011576059299,69.51379417637624,118.13146470471196,17.54723420435004,0.029783796767741566,9.769868163734285,60.936552913435726,0.3431467254830145,0.5259822662072147,9.740084366966544,False
PX-BD8AA698+TM-E782BC8B,PX-BD8AA698,TM-E782BC8B,6,A,A,A,B,NONE,1110,1001,4.1499999999999995,1.0,1.0,2.0,0.1,0.05,6.0,False,-69.04908016049603,69.49259400008513,112.29878479270454,17.54723420435004,0.028305435400856217,9.758678009614068,60.930019591984916,0.3431467254830145,0.5278592956979319,9.73037257421321,False
PX-BD8AA698+TM-A42F8405,PX-BD8AA698,TM-A42F8405,6,A,A,A,B,NONE,1110,1001,4.199999999999999,1.0,1.0,2.0,0.1,0.1,6.0,False,-69.05959713476717,69.49336595103559,112.16197028966204,17.54723420435004,0.028271570357711932,9.758680648212943,60.929335159463484,0.3431467254830145,0.5278531327251434,9.73040907785523,False
PX-BD8AA698+TM-EE240210,PX-BD8AA698,TM-EE240210,6,A,A,A,B,NONE,1110,1001,3.5999999999999996,1.0,2.0,0.5,0.05,0.05,6.0,False,-65.97189423541738,58.13103233378057,74.41248257580165,17.54723420435004,0.01879400982648111,9.96504633786147,63.55419149886228,0.46029146859853504,0.5462210870962738,9.946252328034989,False
PX-BD8AA698+TM-20D6F9FE,PX-BD8AA698,TM-20D6F9FE,6,A,A,A,B,NONE,1110,1001,3.65,1.0,2.0,0.5,0.05,0.1,6.0,False,-65.97738652538791,58.131777524353865,74.20582158785751,17.54723420435004,0.018742708743842443,9.965020882522506,63.553384759993854,0.46029146859853504,0.5462301991979578,9.946278173778664,False
PX-BD8AA698+TM-06A31967,PX-BD8AA698,TM-06A31967,6,A,A,A,B,NONE,1110,1001,3.65,1.0,2.0,0.5,0.1,0.05,6.0,False,-65.56663249942034,57.69559539560747,64.77685916991398,17.54723420435004,0.016078814304696296,9.887810955574908,63.47344440463358,0.46029146859853504,0.5492517241237094,9.871732141270213,False
PX-BD8AA698+TM-BBEC3DF4,PX-BD8AA698,TM-BBEC3DF4,6,A,A,A,B,NONE,1110,1001,3.7,1.0,2.0,0.5,0.1,0.1,6.0,False,-65.57820794767807,57.696350070584955,64.77674255275082,17.54723420435004,0.016056004437051685,9.887787071688003,63.47263970550736,0.46029146859853504,0.5492427769347017,9.87173106725095,False
PX-BD8AA698+TM-63823495,PX-BD8AA698,TM-63823495,6,A,A,A,B,NONE,1110,1001,4.1,1.0,2.0,1.0,0.05,0.05,6.0,False,-65.93452990211821,58.11339592510152,66.71137165521053,17.54723420435004,0.016868190751012948,9.106723129679233,60.03358040615953,0.46029146859853504,0.5350014921724033,9.089854938928221,False
PX-BD8AA698+TM-F396C77F,PX-BD8AA698,TM-F396C77F,6,A,A,A,B,NONE,1110,1001,4.1499999999999995,1.0,2.0,1.0,0.05,0.1,6.0,False,-65.9412043705997,58.11417149058212,66.59123220661836,17.54723420435004,0.016838439865823836,9.106714667842088,60.032861177862934,0.46029146859853504,0.5350029651353063,9.089876227976266,False
PX-BD8AA698+TM-E27A80B9,PX-BD8AA698,TM-E27A80B9,6,A,A,A,B,NONE,1110,1001,4.1499999999999995,1.0,2.0,1.0,0.1,0.05,6.0,False,-65.75787478684298,57.95372857095992,63.274253946635795,17.54723420435004,0.014946142846255799,9.075111126800127,60.00795744626779,0.46029146859853504,0.5377022864248053,9.06016498395387,False
PX-BD8AA698+TM-6355F1E0,PX-BD8AA698,TM-6355F1E0,6,A,A,A,B,NONE,1110,1001,4.199999999999999,1.0,2.0,1.0,0.1,0.1,6.0,False,-65.76931469958024,57.95450809722594,63.27416435983926,17.54723420435004,0.014931561939098748,9.075103266270025,60.00723884093532,0.46029146859853504,0.5376928826996322,9.060171704330926,False
PX-BD8AA698+TM-0AABD2BC,PX-BD8AA698,TM-0AABD2BC,6,A,A,A,B,NONE,1110,1001,5.1,1.0,2.0,2.0,0.05,0.05,6.0,False,-66.18067311420518,59.06394795130362,63.174387183962544,17.54723420435004,0.014715941739855803,8.450188668476935,57.741702425194916,0.46029146859853504,0.5285940227979878,8.435472726737078,False
PX-BD8AA698+TM-110F17FD,PX-BD8AA698,TM-110F17FD,6,A,A,A,B,NONE,1110,1001,5.1499999999999995,1.0,2.0,2.0,0.05,0.1,6.0,False,-66.19179487698833,59.06473749713199,63.17429912006728,17.54723420435004,0.01470282329936036,8.450192360780887,57.74103827508429,0.46029146859853504,0.5285898641886231,8.435489537481526,False
PX-BD8AA698+TM-763E5EED,PX-BD8AA698,TM-763E5EED,6,A,A,A,B,NONE,1110,1001,5.1499999999999995,1.0,2.0,2.0,0.1,0.05,6.0,False,-66.16666249160728,59.02190031998328,63.21430157182735,17.54723420435004,0.013422210364659432,8.439621948937782,57.73513400880625,0.46029146859853504,0.5309002161459838,8.426199738573123,False
PX-BD8AA698+TM-D98DE9F2,PX-BD8AA698,TM-D98DE9F2,6,A,A,A,B,NONE,1110,1001,5.199999999999999,1.0,2.0,2.0,0.1,0.1,6.0,False,-66.17781731041183,59.022691144506766,63.214212773030376,17.54723420435004,0.013414918385600107,8.439625829650389,57.734470013817244,0.46029146859853504,0.5308912065963307,8.426210911264791,False
PX-BD8AA698+TM-7DB9C892,PX-BD8AA698,TM-7DB9C892,6,A,A,A,B,NONE,1110,1001,5.6,1.0,4.0,0.5,0.05,0.05,6.0,False,-62.8083287426462,53.02401171293231,51.590725697074646,17.54723420435004,0.0046456732854034295,7.9196172106972105,58.73535922455487,0.6096838186626738,0.555574890324276,7.914971537411807,False
PX-BD8AA698+TM-C248EAA0,PX-BD8AA698,TM-C248EAA0,6,A,A,A,B,NONE,1110,1001,5.6499999999999995,1.0,4.0,0.5,0.05,0.1,6.0,False,-62.819350425834664,53.024399962513094,51.5905943244785,17.54723420435004,0.004644530680867822,7.9196002433914074,58.73459144837816,0.6096838186626738,0.555563225293604,7.914955712710539,False
PX-BD8AA698+TM-C7D731DB,PX-BD8AA698,TM-C7D731DB,6,A,A,A,B,NONE,1110,1001,5.6499999999999995,1.0,4.0,0.5,0.1,0.05,6.0,False,-62.75205297510809,52.80396922351108,51.476323092588196,17.54723420435004,0.004005668824146732,7.860406310081814,58.6731565683586,0.6096838186626738,0.5583278471537525,7.856400641257667,False
PX-BD8AA698+TM-56922EC3,PX-BD8AA698,TM-56922EC3,6,A,A,A,B,NONE,1110,1001,5.699999999999999,1.0,4.0,0.5,0.1,0.1,6.0,False,-62.76308039262997,52.80436358632987,51.47619378675044,17.54723420435004,0.00400520637816933,7.860390534377894,58.6723903754548,0.6096838186626738,0.5583144189886623,7.856385327999725,False
PX-BD8AA698+TM-C033A5CE,PX-BD8AA698,TM-C033A5CE,6,A,A,A,B,NONE,1110,1001,6.1,1.0,4.0,1.0,0.05,0.05,6.0,False,-62.76308386865878,52.19080284547187,49.65189764631475,17.54723420435004,0.004443775430456469,7.280239651766861,55.51587282381169,0.6096838186626738,0.5441278736551898,7.275795876336405,False
PX-BD8AA698+TM-1FC706E9,PX-BD8AA698,TM-1FC706E9,6,A,A,A,B,NONE,1110,1001,6.1499999999999995,1.0,4.0,1.0,0.05,0.1,6.0,False,-62.77396798085878,52.19122067020437,49.651801479614726,17.54723420435004,0.004442876442027069,7.2802352278299125,55.51518565218379,0.6096838186626738,0.544117169474447,7.275792351387886,False
PX-BD8AA698+TM-B88B8F46,PX-BD8AA698,TM-B88B8F46,6,A,A,A,B,NONE,1110,1001,6.1499999999999995,1.0,4.0,1.0,0.1,0.05,6.0,False,-62.73083746980134,52.07874532820983,49.661739563768705,17.54723420435004,0.003861734805884571,7.253821925346766,55.49534879975261,0.6096838186626738,0.5469025687365716,7.2499601905408815,False
PX-BD8AA698+TM-7C8FA852,PX-BD8AA698,TM-7C8FA852,6,A,A,A,B,NONE,1110,1001,6.199999999999999,1.0,4.0,1.0,0.1,0.1,6.0,False,-62.74172428690859,52.07916641569962,49.6616432465304,17.54723420435004,0.0038613854633776294,7.253818000632229,55.49466213174322,0.6096838186626738,0.5468903268970928,7.249956615168851,False
PX-BD8AA698+TM-C880C6CB,PX-BD8AA698,TM-C880C6CB,6,A,A,A,B,NONE,1110,1001,7.1,1.0,4.0,2.0,0.05,0.05,6.0,False,-62.9537998875627,51.88800404747374,49.101516540994936,17.54723420435004,0.0040876109878091324,6.754616481101809,53.37035417861664,0.6096838186626738,0.5372252330855295,6.750528870113999,False
PX-BD8AA698+TM-B5B2535D,PX-BD8AA698,TM-B5B2535D,6,A,A,A,B,NONE,1110,1001,7.1499999999999995,1.0,4.0,2.0,0.05,0.1,6.0,False,-62.96441323109257,51.88843946665573,49.101430482685466,17.54723420435004,0.004087072356975151,6.75462172499646,53.36971899090232,0.6096838186626738,0.5372154767971777,6.750534652639486,False
PX-BD8AA698+TM-E815F632,PX-BD8AA698,TM-E815F632,6,A,A,A,B,NONE,1110,1001,7.1499999999999995,1.0,4.0,2.0,0.1,0.05,6.0,False,-62.93519979463253,51.845315960982866,49.1325973163507,17.54723420435004,0.00360203405303309,6.745072562375817,53.36486725088297,0.6096838186626738,0.5398211560008424,6.741470528322784,False
PX-BD8AA698+TM-72CDF500,PX-BD8AA698,TM-72CDF500,6,A,A,A,B,NONE,1110,1001,7.199999999999999,1.0,4.0,2.0,0.1,0.1,6.0,False,-62.94581204070433,51.845752698073966,49.13251067937563,17.54723420435004,0.0036018599332420377,6.745077975480065,53.364232194033804,0.6096838186626738,0.5398102206809627,6.741476115546822,False
PX-BD8AA698+TM-CB483D6B,PX-BD8AA698,TM-CB483D6B,6,A,A,A,B,NONE,1110,1001,9.600000000000001,1.0,8.0,0.5,0.05,0.05,6.0,False,-58.189696539544144,44.641740435330384,35.372519225959245,17.54723420435004,0.0008310900929879788,5.761427091125219,53.264385125794995,0.7599188087905769,0.5694091478891075,5.760596001032231,False
PX-BD8AA698+TM-C12CB0FE,PX-BD8AA698,TM-C12CB0FE,6,A,A,A,B,NONE,1110,1001,9.65,1.0,8.0,0.5,0.05,0.1,6.0,False,-58.199726847078885,44.64224888451873,35.372373432307114,17.54723420435004,0.0008311973385071784,5.761419519579132,53.26366420727091,0.7599188087905769,0.5693970602443239,5.760588322240625,False
PX-BD8AA698+TM-5F6B6BDD,PX-BD8AA698,TM-5F6B6BDD,6,A,A,A,B,NONE,1110,1001,9.65,1.0,8.0,0.5,0.1,0.05,6.0,False,-58.12147753986746,44.41850985807269,35.246493807979455,17.54723420435004,0.0007671282453934804,5.7232067845515155,53.223935592786304,0.7599188087905769,0.5709780377003049,5.722439656306122,False
PX-BD8AA698+TM-F04B7ADB,PX-BD8AA698,TM-F04B7ADB,6,A,A,A,B,NONE,1110,1001,9.7,1.0,8.0,0.5,0.1,0.1,6.0,False,-58.13150002783994,44.41902474357052,35.246350201700864,17.54723420435004,0.0007672364969296289,5.723199959711219,53.22321571253541,0.7599188087905769,0.5709657702999469,5.722432723214289,False
PX-BD8AA698+TM-B3E3F2CC,PX-BD8AA698,TM-B3E3F2CC,6,A,A,A,B,NONE,1110,1001,10.100000000000001,1.0,8.0,1.0,0.05,0.05,6.0,False,-58.02862124920622,44.192860588346605,33.41673404462419,17.54723420435004,0.0008158245258265081,5.371311315959188,50.422390226804005,0.7599188087905769,0.5584479424717232,5.370495491433362,False
PX-BD8AA698+TM-C33ABC3A,PX-BD8AA698,TM-C33ABC3A,6,A,A,A,B,NONE,1110,1001,10.15,1.0,8.0,1.0,0.05,0.1,6.0,False,-58.03853520170951,44.19338869713436,33.41662425457025,17.54723420435004,0.0008159322254952028,5.371311246207213,50.42174107289449,0.7599188087905769,0.5584360840467575,5.370495313981717,False
PX-BD8AA698+TM-52CA0F9D,PX-BD8AA698,TM-52CA0F9D,6,A,A,A,B,NONE,1110,1001,10.15,1.0,8.0,1.0,0.1,0.05,6.0,False,-57.99327938033627,44.064852422381556,33.39885928246418,17.54723420435004,0.00075468742396042,5.35171139382324,50.40830100848534,0.7599188087905769,0.5600766797993113,5.35095670639928,False
PX-BD8AA698+TM-708B0FD8,PX-BD8AA698,TM-708B0FD8,6,A,A,A,B,NONE,1110,1001,10.2,1.0,8.0,1.0,0.1,0.1,6.0,False,-58.00318457652268,44.0653843211529,33.398749911412004,17.54723420435004,0.0007547955834931267,5.351711691328993,50.40765220401769,0.7599188087905769,0.5600646446167608,5.3509568957455,False
PX-BD8AA698+TM-1AFAF179,PX-BD8AA698,TM-1AFAF179,6,A,A,A,B,NONE,1110,1001,11.100000000000001,1.0,8.0,2.0,0.05,0.05,6.0,False,-58.11935368034831,44.10132991282973,32.389181749516965,17.54723420435004,0.00078648718645823,5.008069595018554,48.46183776958567,0.7599188087905769,0.5511319281959195,5.007283107832096,False
PX-BD8AA698+TM-158ED388,PX-BD8AA698,TM-158ED388,6,A,A,A,B,NONE,1110,1001,11.15,1.0,8.0,2.0,0.05,0.1,6.0,False,-58.12903143521989,44.101869719392624,32.38909381697728,17.54723420435004,0.0007865955028993747,5.008076201961263,48.461236598988265,0.7599188087905769,0.5511201757775235,5.007289606458364,False
PX-BD8AA698+TM-90D37102,PX-BD8AA698,TM-90D37102,6,A,A,A,B,NONE,1110,1001,11.15,1.0,8.0,2.0,0.1,0.05,6.0,False,-58.10417073695685,44.04405136047674,32.40695237980364,17.54723420435004,0.0007306555127001585,4.9999927680995375,48.457858568475835,0.7599188087905769,0.5527196589584211,4.9992621125868375,False
PX-BD8AA698+TM-AE5CD5B5,PX-BD8AA698,TM-AE5CD5B5,6,A,A,A,B,NONE,1110,1001,11.2,1.0,8.0,2.0,0.1,0.1,6.0,False,-58.11383900920291,44.044592920972924,32.406864187882825,17.54723420435004,0.0007307633716472399,4.999999519055841,48.45725749390052,0.7599188087905769,0.5527077501929583,4.999268755684193,False
PX-BD8AA698+TM-AB4A116E,PX-BD8AA698,TM-AB4A116E,6,A,A,A,B,NONE,1110,1001,17.6,1.0,16.0,0.5,0.05,0.05,6.0,False,-51.14720820259555,31.82654254617061,20.188612242691406,17.54723420435004,0.00017807635738608036,3.9365051013274877,48.214313854488154,0.8760251051536168,0.582705231638825,3.9363270249701015,False
PX-BD8AA698+TM-CEB21E95,PX-BD8AA698,TM-CEB21E95,6,A,A,A,B,NONE,1110,1001,17.650000000000002,1.0,16.0,0.5,0.05,0.1,6.0,False,-51.15552676021783,31.827277902070932,20.188202775585417,17.54723420435004,0.00017811190077628148,3.936500212010858,48.21363904057655,0.8760251051536168,0.5826926272046575,3.9363221001100817,False
PX-BD8AA698+TM-C3BA9D91,PX-BD8AA698,TM-C3BA9D91,6,A,A,A,B,NONE,1110,1001,17.650000000000002,1.0,16.0,0.5,0.1,0.05,6.0,False,-51.05635745113779,31.623872420840755,20.094921880085963,17.54723420435004,0.0001722577947589953,3.9166685271163235,48.19300886574544,0.8760251051536168,0.5834010037766053,3.9164962693215646,False
PX-BD8AA698+TM-63DEB74E,PX-BD8AA698,TM-63DEB74E,6,A,A,A,B,NONE,1110,1001,17.700000000000003,1.0,16.0,0.5,0.1,0.1,6.0,False,-51.06467104756712,31.624614116150962,20.09451636323171,17.54723420435004,0.0001722924358178984,3.9166640932789485,48.19233460270977,0.8760251051536168,0.5833883779723148,3.91649180084313,False
PX-BD8AA698+TM-01D98488,PX-BD8AA698,TM-01D98488,6,A,A,A,B,NONE,1110,1001,18.1,1.0,16.0,1.0,0.05,0.05,6.0,False,-51.11800036879451,32.24121474047219,18.824691284789036,17.54723420435004,0.00017694464850447086,3.759605656873163,45.76070484744653,0.8760251051536168,0.5725572965427685,3.7594287122246586,False
PX-BD8AA698+TM-BA002B5E,PX-BD8AA698,TM-BA002B5E,6,A,A,A,B,NONE,1110,1001,18.150000000000002,1.0,16.0,1.0,0.05,0.1,6.0,False,-51.126218847617125,32.241943849661645,18.824340124599942,17.54723420435004,0.00017698001372593445,3.759605046152223,45.76009250087679,0.8760251051536168,0.5725449008259478,3.759428066138497,False
PX-BD8AA698+TM-E7B2BECF,PX-BD8AA698,TM-E7B2BECF,6,A,A,A,B,NONE,1110,1001,18.150000000000002,1.0,16.0,1.0,0.1,0.05,6.0,False,-51.06469998932151,32.102722509413475,18.794679945067692,17.54723420435004,0.00017125197270523692,3.74722650753247,45.75280382821173,0.8760251051536168,0.5732961751937494,3.7470552555597654,False
PX-BD8AA698+TM-2B62A45C,PX-BD8AA698,TM-2B62A45C,6,A,A,A,B,NONE,1110,1001,18.200000000000003,1.0,16.0,1.0,0.1,0.1,6.0,False,-51.07291250001626,32.10345597824523,18.794332387330996,17.54723420435004,0.0001712864512550575,3.747226202231292,45.75219167957966,0.8760251051536168,0.573283757624392,3.7470549157800375,False
PX-BD8AA698+TM-7D68BB68,PX-BD8AA698,TM-7D68BB68,6,A,A,A,B,NONE,1110,1001,19.1,1.0,16.0,2.0,0.05,0.05,6.0,False,-51.248403594316535,32.8263645768873,17.743879543072094,17.54723420435004,0.00017470920424091059,3.5597602365037964,43.99398601375415,0.8760251051536168,0.5652126483827428,3.5595855272995554,False
PX-BD8AA698+TM-068E4492,PX-BD8AA698,TM-068E4492,6,A,A,A,B,NONE,1110,1001,19.150000000000002,1.0,16.0,2.0,0.05,0.1,6.0,False,-51.256434002318066,32.82708432328309,17.743614100834076,17.54723420435004,0.00017474421509760187,3.5597647544069897,43.99341734713438,0.8760251051536168,0.5652004252269459,3.559590010191892,False
PX-BD8AA698+TM-21FEE948,PX-BD8AA698,TM-21FEE948,6,A,A,A,B,NONE,1110,1001,19.150000000000002,1.0,16.0,2.0,0.1,0.05,6.0,False,-51.22488380296499,32.7480142101144,17.749109678878387,17.54723420435004,0.0001692633163857061,3.553467666804386,43.99161430875848,0.8760251051536168,0.5659523372215609,3.5532984034879997,False
PX-BD8AA698+TM-3AADCFB9,PX-BD8AA698,TM-3AADCFB9,6,A,A,A,B,NONE,1110,1001,19.200000000000003,1.0,16.0,2.0,0.1,0.1,6.0,False,-51.23290698761767,32.74873645288981,17.748846359880236,17.54723420435004,0.00016929747175913304,3.553472343351563,43.991045700015015,0.8760251051536168,0.5659400928686695,3.5533030458798036,False
PX-90101C38+TM-03DCFE76,PX-90101C38,TM-03DCFE76,6,A,A,A,B,NONE,1110,0001,2.0999999999999996,0.5,1.0,0.5,0.05,0.05,6.0,False,-62.287041296211235,127.72218163133144,198.91721450069883,3.737166677942545e-05,0.7886228207121989,8.587088263378943,57.15651031130774,0.21886221691881305,0.43198809540424,7.798465442666744,False
PX-90101C38+TM-EE5F79B6,PX-90101C38,TM-EE5F79B6,6,A,A,A,B,NONE,1110,0001,2.15,0.5,1.0,0.5,0.05,0.1,6.0,False,-62.298848237036914,127.73119848664318,198.9159798523312,3.737166677942545e-05,0.7878406612899262,8.587010612086939,57.15576488505286,0.21886221691881305,0.4320012120615402,7.799169950797011,False
PX-90101C38+TM-C987E146,PX-90101C38,TM-C987E146,6,A,A,A,B,NONE,1110,0001,2.15,0.5,1.0,0.5,0.1,0.05,6.0,False,-62.273350080618414,124.96863908335496,198.8782417106669,3.7372612277010865e-05,0.759130499659321,8.529854865514535,57.09599361904641,0.21886221691881305,0.4325091249907745,7.770724365855214,False
PX-90101C38+TM-BA2906EC,PX-90101C38,TM-BA2906EC,6,A,A,A,B,NONE,1110,0001,2.2,0.5,1.0,0.5,0.1,0.1,6.0,False,-62.285144870191736,124.96978108719348,198.87737796159936,3.7372612277010865e-05,0.7586582048902657,8.529778762812812,57.09524972398827,0.21886221691881305,0.4325153285657122,7.771120557922546,False
PX-90101C38+TM-B1B82082,PX-90101C38,TM-B1B82082,6,A,A,A,B,NONE,1110,0001,2.5999999999999996,0.5,1.0,1.0,0.05,0.05,6.0,False,-62.48641277235164,126.78714194314085,198.8782965682061,3.738808888040682e-05,0.7613189439398919,7.933411518561542,54.1871726135488,0.21886221691881305,0.42151720401678466,7.17209257462165,False
PX-90101C38+TM-3ADEC45D,PX-90101C38,TM-3ADEC45D,6,A,A,A,B,NONE,1110,0001,2.65,0.5,1.0,1.0,0.05,0.1,6.0,False,-62.498115464607096,126.7943752308003,198.87740530341702,3.738808888040682e-05,0.7608265734872601,7.933349067397828,54.18650192444339,0.21886221691881305,0.4215240682555288,7.172522493910568,False
PX-90101C38+TM-BC2BA4B2,PX-90101C38,TM-BC2BA4B2,6,A,A,A,B,NONE,1110,0001,2.65,0.5,1.0,1.0,0.1,0.05,6.0,False,-62.47518065891729,124.38986813259218,198.8493353726556,3.7389042525469315e-05,0.740121797749576,7.91213100927337,54.168686133034825,0.21886221691881305,0.42199290586648636,7.172009211523794,False
PX-90101C38+TM-8103AB33,PX-90101C38,TM-8103AB33,6,A,A,A,B,NONE,1110,0001,2.7,0.5,1.0,1.0,0.1,0.1,6.0,False,-62.48692577166651,124.3992741308077,198.84867221513082,3.7389042525469315e-05,0.7398044964796182,7.91206929555883,54.168015893343465,0.21886221691881305,0.42199577334036475,7.172264799079212,False
PX-90101C38+TM-514F25E6,PX-90101C38,TM-514F25E6,6,A,A,A,B,NONE,1110,0001,3.5999999999999996,0.5,1.0,2.0,0.05,0.05,6.0,False,-62.76642483644045,125.4704507985019,198.8289231739894,3.742225170549758e-05,0.7293318248383294,7.470737802529615,52.179547438129326,0.21886221691881305,0.41447602407509054,6.741405977691286,False
PX-90101C38+TM-37A2F2BC,PX-90101C38,TM-37A2F2BC,6,A,A,A,B,NONE,1110,0001,3.65,0.5,1.0,2.0,0.05,0.1,6.0,False,-62.77785857326404,125.47399740699319,198.82835541889978,3.742225170549758e-05,0.7290857949983667,7.470687519901946,52.178925732220996,0.21886221691881305,0.4144773813773463,6.74160172490358,False
PX-90101C38+TM-8041B5D5,PX-90101C38,TM-8041B5D5,6,A,A,A,B,NONE,1110,0001,3.65,0.5,1.0,2.0,0.1,0.05,6.0,False,-62.73981476067802,121.41072881847212,198.80886350417975,3.742320927742764e-05,0.7150936492093354,7.464167117307437,52.17500935227725,0.21886221691881305,0.41484213653128377,6.749073468098103,False
PX-90101C38+TM-AC550B76,PX-90101C38,TM-AC550B76,6,A,A,A,B,NONE,1110,0001,3.7,0.5,1.0,2.0,0.1,0.1,6.0,False,-62.751380563711095,121.4278695799256,198.8084019759214,3.742320927742764e-05,0.7149220169236588,7.4641172370292805,52.1743877533069,0.21886221691881305,0.4148417498212854,6.749195220105621,False
PX-90101C38+TM-C84B98D5,PX-90101C38,TM-C84B98D5,6,A,A,A,B,NONE,1110,0001,3.0999999999999996,0.5,2.0,0.5,0.05,0.05,6.0,False,-61.62499256675936,106.8663557822572,198.6648766340063,3.73896335790711e-05,0.6337587469735894,7.533507283364865,54.80544426105566,0.30631033848754774,0.42788271367124,6.899748536391276,False
PX-90101C38+TM-A9341DA7,PX-90101C38,TM-A9341DA7,6,A,A,A,B,NONE,1110,0001,3.15,0.5,2.0,0.5,0.05,0.1,6.0,False,-61.63677940768789,106.8813210044044,198.6640561267199,3.73896335790711e-05,0.6334628573862707,7.533434243752731,54.804716971728055,0.30631033848754774,0.4278854875759297,6.8999713863664605,False
PX-90101C38+TM-38DE3A46,PX-90101C38,TM-38DE3A46,6,A,A,A,B,NONE,1110,0001,3.15,0.5,2.0,0.5,0.1,0.05,6.0,False,-61.50978793339299,100.52174006426242,198.59528843309664,3.739058496553789e-05,0.6007295439402025,7.484664763759783,54.753503925667424,0.30631033848754774,0.42860811712276736,6.88393521981958,False
PX-90101C38+TM-4F91BE19,PX-90101C38,TM-4F91BE19,6,A,A,A,B,NONE,1110,0001,3.2,0.5,2.0,0.5,0.1,0.1,6.0,False,-61.521653509886484,100.53605143970958,198.59477206159306,3.739058496553789e-05,0.6005973329522418,7.484593080269901,54.75277795769443,0.30631033848754774,0.42860675258489983,6.883995747317659,False
PX-90101C38+TM-D35760D5,PX-90101C38,TM-D35760D5,6,A,A,A,B,NONE,1110,0001,3.5999999999999996,0.5,2.0,1.0,0.05,0.05,6.0,False,-61.80427706053978,105.48775874552393,198.63209675734313,3.740596975279819e-05,0.6186238825678074,6.984124611422102,51.97075752764197,0.30631033848754774,0.4174097401513345,6.365500728854294,False
PX-90101C38+TM-A41837FA,PX-90101C38,TM-A41837FA,6,A,A,A,B,NONE,1110,0001,3.65,0.5,2.0,1.0,0.05,0.1,6.0,False,-61.815949471642895,105.50258455761316,198.63143934487684,3.740596975279819e-05,0.6184178490415627,6.98406453464137,51.970101918448734,0.30631033848754774,0.41741046048878216,6.365646685599808,False
PX-90101C38+TM-8B1FD324,PX-90101C38,TM-8B1FD324,6,A,A,A,B,NONE,1110,0001,3.65,0.5,2.0,1.0,0.1,0.05,6.0,False,-61.68646681536559,99.34146928161904,198.56887828508061,3.740692879797089e-05,0.5896977708046689,6.965028533446592,51.95447460839153,0.30631033848754774,0.41815847827964925,6.375330762641923,False
PX-90101C38+TM-6B36D4D2,PX-90101C38,TM-6B36D4D2,6,A,A,A,B,NONE,1110,0001,3.7,0.5,2.0,1.0,0.1,0.1,6.0,False,-61.69820505456007,99.3556555771738,198.5684126236805,3.740692879797089e-05,0.5895928692284247,6.964969142737484,51.95381939760658,0.30631033848754774,0.4181566161669769,6.375376273509059,False
PX-90101C38+TM-93471C56,PX-90101C38,TM-93471C56,6,A,A,A,B,NONE,1110,0001,4.6,0.5,2.0,2.0,0.05,0.05,6.0,False,-62.03870467710322,102.78307444407623,198.58005218810405,3.743994065617485e-05,0.5960505738043371,6.579918284151881,50.02831082387635,0.30631033848754774,0.41029033538341453,5.9838677103475435,False
PX-90101C38+TM-DC79C298,PX-90101C38,TM-DC79C298,6,A,A,A,B,NONE,1110,0001,4.6499999999999995,0.5,2.0,2.0,0.05,0.1,6.0,False,-62.050136963094374,102.79762238868244,198.57955967177608,3.743994065617485e-05,0.5959317210944365,6.579869193637378,50.02770283675655,0.30631033848754774,0.4102889716175948,5.983937472542942,False
PX-90101C38+TM-5E21F537,PX-90101C38,TM-5E21F537,6,A,A,A,B,NONE,1110,0001,4.6499999999999995,0.5,2.0,2.0,0.1,0.05,6.0,False,-61.91611579460159,97.02175450308656,198.5160554159105,3.744090363347556e-05,0.5688113076985593,6.573743578690197,50.02419128748747,0.30631033848754774,0.41105189036646267,6.004932270991637,False
PX-90101C38+TM-C537F674,PX-90101C38,TM-C537F674,6,A,A,A,B,NONE,1110,0001,4.699999999999999,0.5,2.0,2.0,0.1,0.1,6.0,False,-61.92760061102496,97.03569191075714,198.51561915590665,3.744090363347556e-05,0.5687279702252274,6.5736948774178945,50.023583398098104,0.30631033848754774,0.4110496323218107,6.004966907192667,False
PX-90101C38+TM-AFD91B7E,PX-90101C38,TM-AFD91B7E,6,A,A,A,B,NONE,1110,0001,5.1,0.5,4.0,0.5,0.05,0.05,6.0,False,-59.743998265790275,71.07201979775523,197.7634734634947,3.7426197368051546e-05,0.3716207936641188,6.163572020794604,51.58870862165372,0.41796211182176224,0.4244951936548732,5.791951227130484,False
PX-90101C38+TM-43AF6F18,PX-90101C38,TM-43AF6F18,6,A,A,A,B,NONE,1110,0001,5.1499999999999995,0.5,4.0,0.5,0.05,0.1,6.0,False,-59.75575894160114,71.08251277766699,197.76292829637276,3.7426197368051546e-05,0.3715850415568078,6.163504270264061,51.588007175210166,0.41796211182176224,0.4244915608053367,5.791919228707252,False
PX-90101C38+TM-955A259B,PX-90101C38,TM-955A259B,6,A,A,A,B,NONE,1110,0001,5.1499999999999995,0.5,4.0,0.5,0.1,0.05,6.0,False,-59.47841102402476,67.48903952182368,197.59299882397332,3.742715924751755e-05,0.3443900022071652,6.126734007482689,51.54912552135718,0.41796211182176224,0.42535295877582935,5.782344005275523,False
PX-90101C38+TM-8C7BDD47,PX-90101C38,TM-8C7BDD47,6,A,A,A,B,NONE,1110,0001,5.199999999999999,0.5,4.0,0.5,0.1,0.1,6.0,False,-59.490241836370814,67.4991111881015,197.59251433767355,3.742715924751755e-05,0.34437150875275185,6.126667284029333,51.548425090063176,0.41796211182176224,0.42534875732049116,5.782295775276581,False
PX-90101C38+TM-1BB52401,PX-90101C38,TM-1BB52401,6,A,A,A,B,NONE,1110,0001,5.6,0.5,4.0,1.0,0.05,0.05,6.0,False,-59.88486383112215,70.31271558819154,197.7155604913976,3.744239341204757e-05,0.36386333830404655,5.760259433291905,48.95194901276246,0.41796211182176224,0.41428971154750466,5.396396094987859,False
PX-90101C38+TM-411F8E1A,PX-90101C38,TM-411F8E1A,6,A,A,A,B,NONE,1110,0001,5.6499999999999995,0.5,4.0,1.0,0.05,0.1,6.0,False,-59.89650362271087,70.32312015945621,197.71503351066718,3.744239341204757e-05,0.3638330875153569,5.760201212252011,48.951314692428,0.41796211182176224,0.4142860978357901,5.396368124736654,False
PX-90101C38+TM-6A2FA74D,PX-90101C38,TM-6A2FA74D,6,A,A,A,B,NONE,1110,0001,5.6499999999999995,0.5,4.0,1.0,0.1,0.05,6.0,False,-59.618477254878435,66.8266514170711,197.54699536037722,3.7443362087497125e-05,0.3379678402944998,5.7445099916221585,48.9390068925121,0.41796211182176224,0.41520638507504315,5.40654215132766,False
PX-90101C38+TM-FE4738D0,PX-90101C38,TM-FE4738D0,6,A,A,A,B,NONE,1110,0001,5.699999999999999,0.5,4.0,1.0,0.1,0.1,6.0,False,-59.63018580017431,66.83664407399728,197.54652321660927,3.7443362087497125e-05,0.3379526668643788,5.744452374775391,48.93837289195545,0.41796211182176224,0.41520226498402246,5.406499707911013,False
PX-90101C38+TM-79BBB106,PX-90101C38,TM-79BBB106,6,A,A,A,B,NONE,1110,0001,6.6,0.5,4.0,2.0,0.05,0.05,6.0,False,-60.04686955637306,68.81734687499599,197.61876851103827,3.747604861367576e-05,0.3491436701332931,5.441271954354457,47.1055247291004,0.41796211182176224,0.40723592205395204,5.092128284221164,False
PX-90101C38+TM-D4148342,PX-90101C38,TM-D4148342,6,A,A,A,B,NONE,1110,0001,6.6499999999999995,0.5,4.0,2.0,0.05,0.1,6.0,False,-60.05827510860961,68.82757596478577,197.61827323708596,3.747604861367576e-05,0.3491225628464818,5.441223264399913,47.104935998740736,0.41796211182176224,0.40723214362766325,5.092100701553431,False
PX-90101C38+TM-7EA05171,PX-90101C38,TM-7EA05171,6,A,A,A,B,NONE,1110,0001,6.6499999999999995,0.5,4.0,2.0,0.1,0.05,6.0,False,-59.78049604066368,65.52045588602631,197.45350442281404,3.747702114380945e-05,0.325630188397462,5.435747836088132,47.10209591815532,0.41796211182176224,0.40812142449977173,5.11011764769067,False
PX-90101C38+TM-451EE8EE,PX-90101C38,TM-451EE8EE,6,A,A,A,B,NONE,1110,0001,6.699999999999999,0.5,4.0,2.0,0.1,0.1,6.0,False,-59.79196772773855,65.53029172676284,197.45305454879733,3.747702114380945e-05,0.32562071574777757,5.435699523018672,47.10150726997858,0.41796211182176224,0.4081172414661466,5.110078807270894,False
PX-90101C38+TM-196A39BD,PX-90101C38,TM-196A39BD,6,A,A,A,B,NONE,1110,0001,9.100000000000001,0.5,8.0,0.5,0.05,0.05,6.0,False,-55.305331383205655,41.23412773768906,191.30811886991762,3.7501311110278665e-05,0.09238800127518358,4.756875166435557,48.009874991775604,0.5323161703927647,0.42532005459551037,4.664487165160373,False
PX-90101C38+TM-49117E35,PX-90101C38,TM-49117E35,6,A,A,A,B,NONE,1110,0001,9.15,0.5,8.0,0.5,0.05,0.1,6.0,False,-55.3153238435157,41.23410313935263,191.30777511208728,3.7501311110278665e-05,0.09239800122272018,4.7567834128225215,48.009204011093715,0.5323161703927647,0.4253143706066573,4.664385411599802,False
PX-90101C38+TM-BDA8A9EE,PX-90101C38,TM-BDA8A9EE,6,A,A,A,B,NONE,1110,0001,9.15,0.5,8.0,0.5,0.1,0.05,6.0,False,-55.12215670823528,40.43857621297266,190.3511375263624,3.7502290095315575e-05,0.08301639406252576,4.733984013465646,47.98449468746288,0.5323161703927647,0.4260855821996048,4.65096761940312,False
PX-90101C38+TM-5B2918E6,PX-90101C38,TM-5B2918E6,6,A,A,A,B,NONE,1110,0001,9.2,0.5,8.0,0.5,0.1,0.1,6.0,False,-55.132222678126794,40.4389087304567,190.35093107201325,3.7502290095315575e-05,0.08302689028532959,4.73389280062725,47.98382436420675,0.5323161703927647,0.4260797762189793,4.65086591034192,False
PX-90101C38+TM-60ADACA0,PX-90101C38,TM-60ADACA0,6,A,A,A,B,NONE,1110,0001,9.600000000000001,0.5,8.0,1.0,0.05,0.05,6.0,False,-54.983115234986165,39.14434395163335,191.0911587294277,3.751731347104051e-05,0.09014986626582971,4.519969189955606,45.61654810685231,0.5323161703927647,0.41559193603401656,4.4298193236897765,False
PX-90101C38+TM-CA5F92A2,PX-90101C38,TM-CA5F92A2,6,A,A,A,B,NONE,1110,0001,9.65,0.5,8.0,1.0,0.05,0.1,6.0,False,-54.993211824560845,39.145237103446455,191.0908453679717,3.751731347104051e-05,0.09016001826245215,4.519885267483903,45.615938536287494,0.5323161703927647,0.41558640918719053,4.429725249221451,False
PX-90101C38+TM-D655B7C6,PX-90101C38,TM-D655B7C6,6,A,A,A,B,NONE,1110,0001,9.65,0.5,8.0,1.0,0.1,0.05,6.0,False,-54.83607171535407,38.55371489506902,190.12828813112878,3.751829790843203e-05,0.08115347429995384,4.50872337455596,45.607741178930205,0.5323161703927647,0.41640363957939364,4.427569900256007,False
PX-90101C38+TM-510E8CD6,PX-90101C38,TM-510E8CD6,6,A,A,A,B,NONE,1110,0001,9.7,0.5,8.0,1.0,0.1,0.1,6.0,False,-54.846229143428936,38.55486788581767,190.12811230825005,3.751829790843203e-05,0.0811640258940072,4.508640177030981,45.60713182858969,0.5323161703927647,0.41639799499840446,4.427476151136973,False
PX-90101C38+TM-155C2AC2,PX-90101C38,TM-155C2AC2,6,A,A,A,B,NONE,1110,0001,10.600000000000001,0.5,8.0,2.0,0.05,0.05,6.0,False,-54.515098853243785,36.42566427010152,190.63868434892987,3.755052485258671e-05,0.08581502786169745,4.309050799946982,43.889211948346464,0.5323161703927647,0.4086095790721949,4.223235772085284,False
PX-90101C38+TM-C4EF8727,PX-90101C38,TM-C4EF8727,6,A,A,A,B,NONE,1110,0001,10.65,0.5,8.0,2.0,0.05,0.1,6.0,False,-54.526334470389955,36.43141270845946,190.63843410309184,3.755052485258671e-05,0.08582541597143127,4.308982808420713,43.88864538420021,0.5323161703927647,0.408604130061176,4.223157392449282,False
PX-90101C38+TM-2822DBE9,PX-90101C38,TM-2822DBE9,6,A,A,A,B,NONE,1110,0001,10.65,0.5,8.0,2.0,0.1,0.05,6.0,False,-54.39800788208317,36.000804472706626,189.66575357979622,3.7551512841010944e-05,0.07754253570272278,4.304569893433964,43.886731982629044,0.5323161703927647,0.4094122568697204,4.227027357731241,False
PX-90101C38+TM-524513CD,PX-90101C38,TM-524513CD,6,A,A,A,B,NONE,1110,0001,10.7,0.5,8.0,2.0,0.1,0.1,6.0,False,-54.40820716768036,36.002849017401864,189.6656406241521,3.7551512841010944e-05,0.07755315114168747,4.304502471585448,43.88616547868248,0.5323161703927647,0.4094066998221386,4.226949320443761,False
PX-90101C38+TM-C6470215,PX-90101C38,TM-C6470215,6,A,A,A,B,NONE,1110,0001,17.1,0.5,16.0,0.5,0.05,0.05,6.0,False,-51.62113653595126,31.96008021184118,60.040644469199954,3.765695298965783e-05,0.018776027225802506,3.6966616143698574,44.80585296533575,0.627302428166865,0.43271349169349427,3.6778855871440546,False
PX-90101C38+TM-25F81A19,PX-90101C38,TM-25F81A19,6,A,A,A,B,NONE,1110,0001,17.150000000000002,0.5,16.0,0.5,0.05,0.1,6.0,False,-51.629818712097986,31.96042663856651,60.04782000490179,3.765695298965783e-05,0.018778379515840875,3.696408079013486,44.80521121590852,0.627302428166865,0.4327069193614511,3.677629699497645,False
PX-90101C38+TM-D2B82E1A,PX-90101C38,TM-D2B82E1A,6,A,A,A,B,NONE,1110,0001,17.150000000000002,0.5,16.0,0.5,0.1,0.05,6.0,False,-51.51303705458694,31.956362131105298,57.93607230299118,3.765795661084291e-05,0.01824127148634109,3.686932247827652,44.79254704656431,0.627302428166865,0.43314124166249324,3.6686909763413107,False
PX-90101C38+TM-D9325021,PX-90101C38,TM-D9325021,6,A,A,A,B,NONE,1110,0001,17.200000000000003,0.5,16.0,0.5,0.1,0.1,6.0,False,-51.52173140472205,31.956708620124342,57.943069841731344,3.765795661084291e-05,0.018243578145611644,3.686684698505658,44.79190564467027,0.627302428166865,0.43313465255339,3.6684411203600464,False
PX-90101C38+TM-3A6C19DC,PX-90101C38,TM-3A6C19DC,6,A,A,A,B,NONE,1110,0001,17.6,0.5,16.0,1.0,0.05,0.05,6.0,False,-51.603942582661475,31.50615430128372,59.596718247171545,3.767275169755514e-05,0.018665726606060775,3.609162380455088,42.65720537038091,0.627302428166865,0.4235400898952332,3.590496653849027,False
PX-90101C38+TM-348A77C8,PX-90101C38,TM-348A77C8,6,A,A,A,B,NONE,1110,0001,17.650000000000002,0.5,16.0,1.0,0.05,0.1,6.0,False,-51.61169545682353,31.50405363892636,59.60385659473745,3.767275169755514e-05,0.01866806969101334,3.608963749855712,42.65661911883469,0.627302428166865,0.4235336882681697,3.5902956801646986,False
PX-90101C38+TM-8FA343F3,PX-90101C38,TM-8FA343F3,6,A,A,A,B,NONE,1110,0001,17.650000000000002,0.5,16.0,1.0,0.1,0.05,6.0,False,-51.49330073866897,31.49431276800606,57.53723221194365,3.7673759088983386e-05,0.018142258718791174,3.603387960244213,42.652254202117234,0.627302428166865,0.4239948896865916,3.5852457015254218,False
PX-90101C38+TM-3497EB27,PX-90101C38,TM-3497EB27,6,A,A,A,B,NONE,1110,0001,17.700000000000003,0.5,16.0,1.0,0.1,0.1,6.0,False,-51.50106876649031,31.492222553549777,57.54419519430321,3.7673759088983386e-05,0.01814455683307728,3.603193077445905,42.65166807578328,0.627302428166865,0.42398847103286175,3.5850485206128275,False
PX-90101C38+TM-E5447244,PX-90101C38,TM-E5447244,6,A,A,A,B,NONE,1110,0001,18.6,0.5,16.0,2.0,0.05,0.05,6.0,False,-51.72762347664732,31.368046601793438,58.71928904107362,3.770547936131234e-05,0.018447731471563703,3.515799811617945,41.051969849569794,0.627302428166865,0.41662824846008717,3.4973520801463813,False
PX-90101C38+TM-94DEFF90,PX-90101C38,TM-94DEFF90,6,A,A,A,B,NONE,1110,0001,18.650000000000002,0.5,16.0,2.0,0.05,0.1,6.0,False,-51.73522067475506,31.366060504426596,58.726353082733695,3.770547936131234e-05,0.018450056163967863,3.515664618034398,41.05142387240443,0.627302428166865,0.41662196968861015,3.4972145618704302,False
PX-90101C38+TM-9D4BCF80,PX-90101C38,TM-9D4BCF80,6,A,A,A,B,NONE,1110,0001,18.650000000000002,0.5,16.0,2.0,0.1,0.05,6.0,False,-51.61818452596506,31.35688026379019,56.74826475935271,3.7706489666609514e-05,0.017946411662330748,3.512981625885571,41.05047750644737,0.627302428166865,0.41708393123037024,3.4950352142232406,False
PX-90101C38+TM-31115CEF,PX-90101C38,TM-31115CEF,6,A,A,A,B,NONE,1110,0001,18.700000000000003,0.5,16.0,2.0,0.1,0.1,6.0,False,-51.62579612673641,31.354903502778686,56.75515875425885,3.7706489666609514e-05,0.017948692718007437,3.512848260442023,41.049931565967945,0.627302428166865,0.41707763595455133,3.4948995677240156,False
PX-90101C38+TM-44750E09,PX-90101C38,TM-44750E09,6,A,A,A,B,NONE,1110,0001,2.5999999999999996,1.0,1.0,0.5,0.05,0.05,6.0,False,-61.811011434753006,107.11572168531684,198.9396552558518,3.7380849941595435e-05,0.7108502471964976,8.01496524531811,55.698630602741886,0.2675081093114624,0.4304054544663929,7.304114998121612,False
PX-90101C38+TM-FAB5DC2E,PX-90101C38,TM-FAB5DC2E,6,A,A,A,B,NONE,1110,0001,2.65,1.0,1.0,0.5,0.05,0.1,6.0,False,-61.822899519802895,107.13073603489964,198.93872043618936,3.7380849941595435e-05,0.7103294414483237,8.014896873939795,55.697896994166314,0.2675081093114624,0.43041322883522726,7.304567432491472,False
PX-90101C38+TM-AAD78B2B,PX-90101C38,TM-AAD78B2B,6,A,A,A,B,NONE,1110,0001,2.65,1.0,1.0,0.5,0.1,0.05,6.0,False,-61.69917081922641,100.82136596362272,198.89335538018827,3.738180127745093e-05,0.6795644307681431,7.962137891406732,55.642763408528815,0.2675081093114624,0.4310171287362197,7.282573460638589,False
PX-90101C38+TM-B9DD542F,PX-90101C38,TM-B9DD542F,6,A,A,A,B,NONE,1110,0001,2.7,1.0,1.0,0.5,0.1,0.1,6.0,False,-61.71115179908586,100.8357297735095,198.8927498370161,3.738180127745093e-05,0.679293548843496,7.962070881566766,55.64203121727397,0.2675081093114624,0.4310189797756092,7.28277733272327,False
PX-90101C38+TM-921BB415,PX-90101C38,TM-921BB415,6,A,A,A,B,NONE,1110,0001,3.0999999999999996,1.0,1.0,1.0,0.05,0.05,6.0,False,-61.99186627444788,105.74917051724458,198.90766071668122,3.739718000229433e-05,0.6901573644803507,7.415877447644608,52.82052341804347,0.2675081093114624,0.4200026864009635,6.725720083164258,False
PX-90101C38+TM-997B1495,PX-90101C38,TM-997B1495,6,A,A,A,B,NONE,1110,0001,3.15,1.0,1.0,1.0,0.05,0.1,6.0,False,-62.00365449346163,105.76404625460766,198.90695337490664,3.739718000229433e-05,0.689813040658372,7.415822698412073,52.81986242571236,0.2675081093114624,0.4200065017108073,6.726009657753702,False
PX-90101C38+TM-DA26960F,PX-90101C38,TM-DA26960F,6,A,A,A,B,NONE,1110,0001,3.15,1.0,1.0,1.0,0.1,0.05,6.0,False,-61.87789157412143,99.65097618606235,198.86973520888503,3.7398138981559575e-05,0.6654893447211419,7.395766934496332,52.803250033968474,0.2675081093114624,0.4205898647771342,6.7302775897751905,False
PX-90101C38+TM-24EDFB89,PX-90101C38,TM-24EDFB89,6,A,A,A,B,NONE,1110,0001,3.2,1.0,1.0,1.0,0.1,0.1,6.0,False,-61.88975380475813,99.66521565340632,198.86924175987255,3.7398138981559575e-05,0.6652976200602033,7.395712816582644,52.8025894628607,0.2675081093114624,0.4205899980469848,6.73041519652244,False
PX-90101C38+TM-F25AD464,PX-90101C38,TM-F25AD464,6,A,A,A,B,NONE,1110,0001,4.1,1.0,1.0,2.0,0.05,0.05,6.0,False,-62.229769745878585,103.06791896354702,198.86321405051146,3.7431137807385235e-05,0.6634190153235164,6.983921605002807,50.85842149075867,0.2675081093114624,0.41294693490490153,6.32050258967929,False
PX-90101C38+TM-8889DD51,PX-90101C38,TM-8889DD51,6,A,A,A,B,NONE,1110,0001,4.1499999999999995,1.0,1.0,2.0,0.05,0.1,6.0,False,-62.24132829343175,103.08251845715633,198.8627336837013,3.7431137807385235e-05,0.6632371479645174,6.983877664856107,50.85780849752142,0.2675081093114624,0.4129469680715241,6.320640516891589,False
PX-90101C38+TM-E782BC8B,PX-90101C38,TM-E782BC8B,6,A,A,A,B,NONE,1110,0001,4.1499999999999995,1.0,1.0,2.0,0.1,0.05,6.0,False,-62.11193957143647,97.3505296250617,198.8318432206678,3.743210071744484e-05,0.6441472210504362,6.977594921457815,50.85412083785336,0.2675081093114624,0.41345410245574166,6.333447700407379,False
PX-90101C38+TM-A42F8405,PX-90101C38,TM-A42F8405,6,A,A,A,B,NONE,1110,0001,4.199999999999999,1.0,1.0,2.0,0.1,0.1,6.0,False,-62.12355599729111,97.36452169001753,198.8314630652656,3.743210071744484e-05,0.6440331924151625,6.977551308724507,50.85350794627876,0.2675081093114624,0.41345246674473535,6.333518116309345,False
PX-90101C38+TM-EE240210,PX-90101C38,TM-EE240210,6,A,A,A,B,NONE,1110,0001,3.5999999999999996,1.0,2.0,0.5,0.05,0.05,6.0,False,-60.93324560009605,86.82962270792896,198.67242832444748,3.73990309961642e-05,0.5634989264300237,7.114306334208588,53.65356099871236,0.3406770239849915,0.42725041875031095,6.5508074077785645,False
PX-90101C38+TM-20D6F9FE,PX-90101C38,TM-20D6F9FE,6,A,A,A,B,NONE,1110,0001,3.65,1.0,2.0,0.5,0.05,0.1,6.0,False,-60.94513494198625,86.84215028171398,198.67187636670945,3.73990309961642e-05,0.563348316696653,7.114241838227309,53.652843399008965,0.3406770239849915,0.42724967693964966,6.550893521530655,False
PX-90101C38+TM-06A31967,PX-90101C38,TM-06A31967,6,A,A,A,B,NONE,1110,0001,3.65,1.0,2.0,0.5,0.1,0.05,6.0,False,-60.745830746896424,82.14440121535036,198.58909241068915,3.739998774810556e-05,0.5290247778571262,7.068923659654616,53.60532239213455,0.3406770239849915,0.42807985462796216,6.53989888179749,False
PX-90101C38+TM-BBEC3DF4,PX-90101C38,TM-BBEC3DF4,6,A,A,A,B,NONE,1110,0001,3.7,1.0,2.0,0.5,0.1,0.1,6.0,False,-60.75779249929417,82.15640634946203,198.58864956965357,3.739998774810556e-05,0.5289372761456544,7.068860353682123,53.6046060222211,0.3406770239849915,0.4280774576589227,6.539923077536469,False
PX-90101C38+TM-63823495,PX-90101C38,TM-63823495,6,A,A,A,B,NONE,1110,0001,4.1,1.0,2.0,1.0,0.05,0.05,6.0,False,-61.09563396679364,85.8255139132643,198.64368519736425,3.7415286839117e-05,0.5516622982387976,6.606968726681454,50.895640387192806,0.3406770239849915,0.41688965379032406,6.055306428442656,False
PX-90101C38+TM-F396C77F,PX-90101C38,TM-F396C77F,6,A,A,A,B,NONE,1110,0001,4.1499999999999995,1.0,2.0,1.0,0.05,0.1,6.0,False,-61.10740250753464,85.83793098560454,198.64320161080678,3.7415286839117e-05,0.5515475000539827,6.606915847597083,50.894992662448935,0.3406770239849915,0.4168881616163972,6.0553683475431,False
PX-90101C38+TM-E27A80B9,PX-90101C38,TM-E27A80B9,6,A,A,A,B,NONE,1110,0001,4.1499999999999995,1.0,2.0,1.0,0.1,0.05,6.0,False,-60.90603716639707,81.27588667483128,198.5619076779529,3.741625078721777e-05,0.5191256727875707,6.588840257631601,50.880362887161176,0.3406770239849915,0.4177892688279213,6.0697145848440295,False
PX-90101C38+TM-6355F1E0,PX-90101C38,TM-6355F1E0,6,A,A,A,B,NONE,1110,0001,4.199999999999999,1.0,2.0,1.0,0.1,0.1,6.0,False,-60.9178726093659,81.28779307196862,198.56148628697602,3.741625078721777e-05,0.5190506252340288,6.58878796426525,50.87971553716079,0.3406770239849915,0.417786737624236,6.069737339031221,False
PX-90101C38+TM-0AABD2BC,PX-90101C38,TM-0AABD2BC,6,A,A,A,B,NONE,1110,0001,5.1,1.0,2.0,2.0,0.05,0.05,6.0,False,-61.29731255237866,83.85138620401827,198.58745034316604,3.7449077864743916e-05,0.5299019767165776,6.227084473430314,48.99173237330409,0.3406770239849915,0.4098575570763378,5.6971824967137366,False
PX-90101C38+TM-110F17FD,PX-90101C38,TM-110F17FD,6,A,A,A,B,NONE,1110,0001,5.1499999999999995,1.0,2.0,2.0,0.05,0.1,6.0,False,-61.30883735846089,83.86358368092401,198.58700436658745,3.7449077864743916e-05,0.5298133232799577,6.2270413785650724,48.991131426974924,0.3406770239849915,0.4098555297162818,5.697228055285115,False
PX-90101C38+TM-763E5EED,PX-90101C38,TM-763E5EED,6,A,A,A,B,NONE,1110,0001,5.1499999999999995,1.0,2.0,2.0,0.1,0.05,6.0,False,-61.10514758289468,79.56576656577607,198.50867851625654,3.745004571545877e-05,0.5007919840865301,6.221124681481765,48.987823039764734,0.3406770239849915,0.410718147191967,5.720332697395235,False
PX-90101C38+TM-D98DE9F2,PX-90101C38,TM-D98DE9F2,6,A,A,A,B,NONE,1110,0001,5.199999999999999,1.0,2.0,2.0,0.1,0.1,6.0,False,-61.11673749924394,79.57747685531538,198.5082920031439,3.745004571545877e-05,0.5007365272218439,6.221081904717988,48.98722218641432,0.3406770239849915,0.4107152216305512,5.720345377496144,False
PX-90101C38+TM-7DB9C892,PX-90101C38,TM-7DB9C892,6,A,A,A,B,NONE,1110,0001,5.6,1.0,4.0,0.5,0.05,0.05,6.0,False,-58.6892291101297,60.05177555233433,197.70845271232292,3.7435954096147075e-05,0.3216392105321297,5.91181980236334,50.790868866389935,0.436906511282152,0.42488745676022865,5.59018059183121,False
PX-90101C38+TM-C248EAA0,PX-90101C38,TM-C248EAA0,6,A,A,A,B,NONE,1110,0001,5.6499999999999995,1.0,4.0,0.5,0.05,0.1,6.0,False,-58.70110485604441,60.06080824451122,197.70796486237893,3.7435954096147075e-05,0.3216185009751364,5.911758804466208,50.790174526413985,0.436906511282152,0.42488335528489796,5.590140303491072,False
PX-90101C38+TM-C7D731DB,PX-90101C38,TM-C7D731DB,6,A,A,A,B,NONE,1110,0001,5.6499999999999995,1.0,4.0,0.5,0.1,0.05,6.0,False,-58.50860545475944,58.41017483172417,197.52329390162438,3.743692056123374e-05,0.29693794715379795,5.8772476970648215,50.753761999616124,0.436906511282152,0.42573241323135946,5.580309749911023,False
PX-90101C38+TM-56922EC3,PX-90101C38,TM-56922EC3,6,A,A,A,B,NONE,1110,0001,5.699999999999999,1.0,4.0,0.5,0.1,0.1,6.0,False,-58.51957276878942,58.410885983209646,197.52285422876065,3.743692056123374e-05,0.2969293386004384,5.877187579958868,50.7530686126316,0.436906511282152,0.4257278739000556,5.580258241358429,False
PX-90101C38+TM-C033A5CE,PX-90101C38,TM-C033A5CE,6,A,A,A,B,NONE,1110,0001,6.1,1.0,4.0,1.0,0.05,0.05,6.0,False,-58.81783503408576,59.47224508257104,197.65886631932713,3.7452087768375914e-05,0.3148898416203546,5.535397511462626,48.212625668275045,0.436906511282152,0.4148194497134413,5.220507669842272,False
PX-90101C38+TM-1FC706E9,PX-90101C38,TM-1FC706E9,6,A,A,A,B,NONE,1110,0001,6.1499999999999995,1.0,4.0,1.0,0.05,0.1,6.0,False,-58.82959009924767,59.48120726305183,197.65839205239948,3.7452087768375914e-05,0.31487281175563925,5.535344915400878,48.21199705368292,0.436906511282152,0.41481541224016305,5.220472103645239,False
PX-90101C38+TM-B88B8F46,PX-90101C38,TM-B88B8F46,6,A,A,A,B,NONE,1110,0001,6.1499999999999995,1.0,4.0,1.0,0.1,0.05,6.0,False,-58.50403474479422,56.77257030215623,197.4748596637719,3.7453060640914384e-05,0.2913020553363177,5.52035057633314,48.20040113511746,0.436906511282152,0.4157224119296721,5.229048520996822,False
PX-90101C38+TM-7C8FA852,PX-90101C38,TM-7C8FA852,6,A,A,A,B,NONE,1110,0001,6.199999999999999,1.0,4.0,1.0,0.1,0.1,6.0,False,-58.51585223074142,56.78120026176738,197.47442979622156,3.7453060640914384e-05,0.2912957319799186,5.5202985020870985,48.19977282308405,0.436906511282152,0.4157179783120591,5.22900277010718,False
PX-90101C38+TM-C880C6CB,PX-90101C38,TM-C880C6CB,6,A,A,A,B,NONE,1110,0001,7.1,1.0,4.0,2.0,0.05,0.05,6.0,False,-58.95789287193986,58.32913218953113,197.5576369343931,3.7485601889405596e-05,0.30195952096366646,5.2330386182131825,46.39596324189521,0.436906511282152,0.40780481096223153,4.931079097249516,False
PX-90101C38+TM-B5B2535D,PX-90101C38,TM-B5B2535D,6,A,A,A,B,NONE,1110,0001,7.1499999999999995,1.0,4.0,2.0,0.05,0.1,6.0,False,-58.96941393401815,58.337954469176125,197.5571871372383,3.7485601889405596e-05,0.301948748099718,5.232994728821391,46.39537955245302,0.436906511282152,0.407800682970481,4.931045980721674,False
PX-90101C38+TM-E815F632,PX-90101C38,TM-E815F632,6,A,A,A,B,NONE,1110,0001,7.1499999999999995,1.0,4.0,2.0,0.1,0.05,6.0,False,-58.64694843548733,55.76610959143914,197.3757097339136,3.7486578549378754e-05,0.2804109482124231,5.227690083942872,46.39269890513458,0.436906511282152,0.4086814785511039,4.947279135730449,False
PX-90101C38+TM-72CDF500,PX-90101C38,TM-72CDF500,6,A,A,A,B,NONE,1110,0001,7.199999999999999,1.0,4.0,2.0,0.1,0.1,6.0,False,-58.65852904252261,55.774614206436034,197.37529808512855,3.7486578549378754e-05,0.2804086092837326,5.227646514741384,46.39211529406798,0.436906511282152,0.40867702560051544,4.9472379054576505,False
PX-90101C38+TM-CB483D6B,PX-90101C38,TM-CB483D6B,6,A,A,A,B,NONE,1110,0001,9.600000000000001,1.0,8.0,0.5,0.05,0.05,6.0,False,-54.55966015125664,38.15385309947409,190.620252991747,3.751159516992017e-05,0.07634008249712591,4.6373294834184,47.51501137271086,0.5389965604151912,0.4263385809384227,4.560989400921274,False
PX-90101C38+TM-C12CB0FE,PX-90101C38,TM-C12CB0FE,6,A,A,A,B,NONE,1110,0001,9.65,1.0,8.0,0.5,0.05,0.1,6.0,False,-54.569417466702866,38.153399211716604,190.6200534101986,3.751159516992017e-05,0.0763498102135325,4.637236447321067,47.51434513235216,0.5389965604151912,0.426332768172907,4.560886637107535,False
PX-90101C38+TM-5F6B6BDD,PX-90101C38,TM-5F6B6BDD,6,A,A,A,B,NONE,1110,0001,9.65,1.0,8.0,0.5,0.1,0.05,6.0,False,-54.370246550677976,37.4260731240698,189.58166237851265,3.751257764032094e-05,0.0685838461021262,4.615633743685375,47.490926048008475,0.5389965604151912,0.42708742741975947,4.54704989758325,False
PX-90101C38+TM-F04B7ADB,PX-90101C38,TM-F04B7ADB,6,A,A,A,B,NONE,1110,0001,9.7,1.0,8.0,0.5,0.1,0.1,6.0,False,-54.38009107203775,37.42599893839717,189.58160060365338,3.751257764032094e-05,0.06859364070779345,4.615541263499612,47.49026043193528,0.5389965604151912,0.4270815047891973,4.5469476227918175,False
PX-90101C38+TM-B3E3F2CC,PX-90101C38,TM-B3E3F2CC,6,A,A,A,B,NONE,1110,0001,10.100000000000001,1.0,8.0,1.0,0.05,0.05,6.0,False,-54.2742144380215,36.436301119618314,190.38614707596446,3.752755764370348e-05,0.07449741182768946,4.414277117846951,45.162449884677784,0.5389965604151912,0.4167261002934136,4.339779706019262,False
PX-90101C38+TM-C33ABC3A,PX-90101C38,TM-C33ABC3A,6,A,A,A,B,NONE,1110,0001,10.15,1.0,8.0,1.0,0.05,0.1,6.0,False,-54.28407521332109,36.4366912819045,190.38597863661565,3.752755764370348e-05,0.07450718446538468,4.414192296731906,45.161844054020804,0.5389965604151912,0.4167204456963736,4.33968511226652,False
PX-90101C38+TM-52CA0F9D,PX-90101C38,TM-52CA0F9D,6,A,A,A,B,NONE,1110,0001,10.15,1.0,8.0,1.0,0.1,0.05,6.0,False,-54.119606789165786,35.87919551294697,189.3437925609801,3.752854529053298e-05,0.0670678115291236,4.403496357075499,45.15405388367815,0.5389965604151912,0.41751906956326923,4.336428545546375,False
PX-90101C38+TM-708B0FD8,PX-90101C38,TM-708B0FD8,6,A,A,A,B,NONE,1110,0001,10.2,1.0,8.0,1.0,0.1,0.1,6.0,False,-54.1295327541758,35.8798442990509,189.34375982644647,3.752854529053298e-05,0.06707758109710284,4.403412367185059,45.15344826314013,0.5389965604151912,0.41751330843137324,4.3363347860879555,False
PX-90101C38+TM-1AFAF179,PX-90101C38,TM-1AFAF179,6,A,A,A,B,NONE,1110,0001,11.100000000000001,1.0,8.0,2.0,0.05,0.05,6.0,False,-53.83234194155261,34.07724710860877,189.89982256375035,3.756067705647183e-05,0.07094135014853467,4.213582985112929,43.4563399664167,0.5389965604151912,0.40978605195088325,4.142641634964393,False
PX-90101C38+TM-158ED388,PX-90101C38,TM-158ED388,6,A,A,A,B,NONE,1110,0001,11.15,1.0,8.0,2.0,0.05,0.1,6.0,False,-53.842275413852846,34.078622767366454,189.8997173517133,3.756067705647183e-05,0.07095115987277259,4.2135155197783885,43.45577665371321,0.5389965604151912,0.40978048030759917,4.142564359905616,False
PX-90101C38+TM-90D37102,PX-90101C38,TM-90D37102,6,A,A,A,B,NONE,1110,0001,11.15,1.0,8.0,2.0,0.1,0.05,6.0,False,-53.720384830880114,33.70668996571885,188.85279560294668,3.756166816767989e-05,0.06414220525101078,4.209252730261871,43.45396501762976,0.5389965604151912,0.41057091026506876,4.14511052501086,False
PX-90101C38+TM-AE5CD5B5,PX-90101C38,TM-AE5CD5B5,6,A,A,A,B,NONE,1110,0001,11.2,1.0,8.0,2.0,0.1,0.1,6.0,False,-53.73035569510471,33.70820044685124,188.8528202657013,3.756166816767989e-05,0.06415188725840479,4.2091858627920695,43.4534017626294,0.5389965604151912,0.41056524004469686,4.145033975533665,False
PX-90101C38+TM-AB4A116E,PX-90101C38,TM-AB4A116E,6,A,A,A,B,NONE,1110,0001,17.6,1.0,16.0,0.5,0.05,0.05,6.0,False,-51.59400515905854,32.06441340957218,57.36732846111045,3.766787653571171e-05,0.017730409008865355,3.6530742207631763,44.50069187856148,0.6267362601600998,0.43360614787935226,3.635343811754311,False
PX-90101C38+TM-CEB21E95,PX-90101C38,TM-CEB21E95,6,A,A,A,B,NONE,1110,0001,17.650000000000002,1.0,16.0,0.5,0.05,0.1,6.0,False,-51.602613105125414,32.06476050771731,57.37425432300128,3.766787653571171e-05,0.017732645765229354,3.6528227398834825,44.50005324232313,0.6267362601600998,0.43359955344796497,3.635090094118253,False
PX-90101C38+TM-C3BA9D91,PX-90101C38,TM-C3BA9D91,6,A,A,A,B,NONE,1110,0001,17.650000000000002,1.0,16.0,0.5,0.1,0.05,6.0,False,-51.48430694241382,32.061070386570414,55.43906010812276,3.7668882422404765e-05,0.01724157887671449,3.6437960472118194,44.48790092125456,0.6267362601600998,0.4340153801389097,3.626554468335105,False
PX-90101C38+TM-63DEB74E,PX-90101C38,TM-63DEB74E,6,A,A,A,B,NONE,1110,0001,17.700000000000003,1.0,16.0,0.5,0.1,0.1,6.0,False,-51.49292615507585,32.061417540634395,55.44581833463309,3.7668882422404765e-05,0.017243772828471268,3.6435504850045275,44.48726261917656,0.6267362601600998,0.43400877017528905,3.6263067121760564,False
PX-90101C38+TM-01D98488,PX-90101C38,TM-01D98488,6,A,A,A,B,NONE,1110,0001,18.1,1.0,16.0,1.0,0.05,0.05,6.0,False,-51.68669390572273,31.94078145677377,56.96304324488117,3.768365634135657e-05,0.017630179704766075,3.570303518203501,42.379771270814494,0.6267362601600998,0.4245204689595209,3.552673338498735,False
PX-90101C38+TM-BA002B5E,PX-90101C38,TM-BA002B5E,6,A,A,A,B,NONE,1110,0001,18.150000000000002,1.0,16.0,1.0,0.05,0.1,6.0,False,-51.694454997123366,31.938886566108092,56.969934255206944,3.768365634135657e-05,0.017632407861931793,3.5701076811954886,42.37918744012732,0.6267362601600998,0.42451404375832646,3.552475273333557,False
PX-90101C38+TM-E7B2BECF,PX-90101C38,TM-E7B2BECF,6,A,A,A,B,NONE,1110,0001,18.150000000000002,1.0,16.0,1.0,0.1,0.05,6.0,False,-51.57493571852466,31.930221724268343,55.07494251525902,3.768466585000107e-05,0.017151399690089875,3.564751855756887,42.37500083898191,0.6267362601600998,0.42495586199626345,3.5476004560667973,False
PX-90101C38+TM-2B62A45C,PX-90101C38,TM-2B62A45C,6,A,A,A,B,NONE,1110,0001,18.200000000000003,1.0,16.0,1.0,0.1,0.1,6.0,False,-51.58271033959592,31.928335106997242,55.081668393869506,3.768466585000107e-05,0.017153585669675998,3.564560102694298,42.374417128974926,0.6267362601600998,0.42494942099563493,3.547406517024622,False
PX-90101C38+TM-7D68BB68,PX-90101C38,TM-7D68BB68,6,A,A,A,B,NONE,1110,0001,19.1,1.0,16.0,2.0,0.05,0.05,6.0,False,-51.81301883671542,31.816141480868914,56.16356198627347,3.77163387123831e-05,0.017431993745620402,3.4812030938794383,40.78940870115375,0.6267362601600998,0.41764344219925303,3.463771100133818,False
PX-90101C38+TM-068E4492,PX-90101C38,TM-068E4492,6,A,A,A,B,NONE,1110,0001,19.150000000000002,1.0,16.0,2.0,0.05,0.1,6.0,False,-51.82061853910832,31.814337918442803,56.17038341053853,3.77163387123831e-05,0.017434204733693615,3.481070754480424,40.78886479472156,0.6267362601600998,0.41763713959411053,3.46363654974673,False
PX-90101C38+TM-21FEE948,PX-90101C38,TM-21FEE948,6,A,A,A,B,NONE,1110,0001,19.150000000000002,1.0,16.0,2.0,0.1,0.05,6.0,False,-51.70261830160708,31.806108445579728,54.35433411609992,3.771735106627902e-05,0.016972948374534978,3.478476560212225,40.78796760774885,0.6267362601600998,0.4180800136619194,3.4615036118376903,False
PX-90101C38+TM-3AADCFB9,PX-90101C38,TM-3AADCFB9,6,A,A,A,B,NONE,1110,0001,19.200000000000003,1.0,16.0,2.0,0.1,0.1,6.0,False,-51.71023088397647,31.8043123783223,54.360995450354075,3.771735106627902e-05,0.01697511844767742,3.4783461220664162,40.7874237367563,0.6267362601600998,0.41807369570710456,3.4613710036187384,False
PX-E6664EB7+TM-03DCFE76,PX-E6664EB7,TM-03DCFE76,6,A,A,A,B,NONE,1100,1001,2.0999999999999996,0.5,1.0,0.5,0.05,0.05,6.0,False,-70.74278747215044,128.97876772199842,199.67697197118903,17.298425069322803,0.13394029245616876,12.045005168607451,68.00509584714344,0.2937102788528308,0.5383367819184081,11.911064876151283,False
PX-E6664EB7+TM-EE5F79B6,PX-E6664EB7,TM-EE5F79B6,6,A,A,A,B,NONE,1100,1001,2.15,0.5,1.0,0.5,0.05,0.1,6.0,False,-70.7588620447279,129.61817055952665,199.67276392389016,17.298425069322803,0.1327517465634165,12.044902366884763,68.00349582280796,0.2937102788528308,0.5383503761959152,11.912150620321345,False
PX-E6664EB7+TM-C987E146,PX-E6664EB7,TM-C987E146,6,A,A,A,B,NONE,1100,1001,2.15,0.5,1.0,0.5,0.1,0.05,6.0,False,-70.80788436047652,143.672457439859,199.64170441168986,17.298425069322803,0.11092914590044112,11.947557710810882,67.90353334924639,0.2937102788528308,0.5407536915138937,11.83662856491044,False
PX-E6664EB7+TM-BA2906EC,PX-E6664EB7,TM-BA2906EC,6,A,A,A,B,NONE,1100,1001,2.2,0.5,1.0,0.5,0.1,0.1,6.0,False,-70.82189157343817,144.23316391519637,199.6378195663012,17.298425069322803,0.1101656861072196,11.947457192211301,67.90193644352048,0.2937102788528308,0.5407490207656391,11.837291506104082,False
PX-E6664EB7+TM-B1B82082,PX-E6664EB7,TM-B1B82082,6,A,A,A,B,NONE,1100,1001,2.5999999999999996,0.5,1.0,1.0,0.05,0.05,6.0,False,-71.06908144493654,152.16426775386554,199.55883703586403,17.298425069322803,0.09921430058548368,10.990428869919437,64.25361768119743,0.2937102788528308,0.5274680760674916,10.891214569333954,False
PX-E6664EB7+TM-3ADEC45D,PX-E6664EB7,TM-3ADEC45D,6,A,A,A,B,NONE,1100,1001,2.65,0.5,1.0,1.0,0.05,0.1,6.0,False,-71.08216050497956,152.67635512060744,199.55505096789787,17.298425069322803,0.09864220463708988,10.990350269841658,64.25213164332425,0.2937102788528308,0.5274690120495754,10.891708065204568,False
PX-E6664EB7+TM-BC2BA4B2,PX-E6664EB7,TM-BC2BA4B2,6,A,A,A,B,NONE,1100,1001,2.65,0.5,1.0,1.0,0.1,0.05,6.0,False,-71.0871210685743,164.28683349273086,199.53763030381296,17.298425069322803,0.08704627311981575,10.952816319544262,64.22219081457081,0.2937102788528308,0.5295502717225307,10.865770046424446,False
PX-E6664EB7+TM-8103AB33,PX-E6664EB7,TM-8103AB33,6,A,A,A,B,NONE,1100,1001,2.7,0.5,1.0,1.0,0.1,0.1,6.0,False,-71.09961656422888,164.72137622681433,199.5342652938928,17.298425069322803,0.08664979525545372,10.952738549518743,64.22070571583627,0.2937102788528308,0.5295417766775963,10.86608875426329,False
PX-E6664EB7+TM-514F25E6,PX-E6664EB7,TM-514F25E6,6,A,A,A,B,NONE,1100,1001,3.5999999999999996,0.5,1.0,2.0,0.05,0.05,6.0,False,-71.40758448359128,184.93254381175157,199.37900613216078,17.298425069322803,0.07035510140682769,10.223839904834508,61.848113328226496,0.2937102788528308,0.5214260638251225,10.15348480342768,False
PX-E6664EB7+TM-37A2F2BC,PX-E6664EB7,TM-37A2F2BC,6,A,A,A,B,NONE,1100,1001,3.65,0.5,1.0,2.0,0.05,0.1,6.0,False,-71.4192844621566,185.2334930174129,199.37625450354625,17.298425069322803,0.0701565751965744,10.223777918167054,61.84669869399934,0.2937102788528308,0.5214193525991493,10.153621342970478,False
PX-E6664EB7+TM-8041B5D5,PX-E6664EB7,TM-8041B5D5,6,A,A,A,B,NONE,1100,1001,3.65,0.5,1.0,2.0,0.1,0.05,6.0,False,-71.40803918457917,192.94793963045464,199.38041117946187,17.298425069322803,0.06504877349626126,10.211779527179074,61.840245552704346,0.2937102788528308,0.5231162978577361,10.146730753682812,False
PX-E6664EB7+TM-AC550B76,PX-E6664EB7,TM-AC550B76,6,A,A,A,B,NONE,1100,1001,3.7,0.5,1.0,2.0,0.1,0.1,6.0,False,-71.41967358414891,193.1992297277196,199.378015699717,17.298425069322803,0.06490026172482084,10.21171779218221,61.83883114886049,0.2937102788528308,0.5231058890881131,10.14681753045739,False
PX-E6664EB7+TM-C84B98D5,PX-E6664EB7,TM-C84B98D5,6,A,A,A,B,NONE,1100,1001,3.0999999999999996,0.5,2.0,0.5,0.05,0.05,6.0,False,-69.7576684572363,134.35057779079727,141.41421293566572,17.298425069322803,0.035522631076566474,10.299773887119162,64.17294255846208,0.4236734319724032,0.5398607847686472,10.264251256042595,False
PX-E6664EB7+TM-A9341DA7,PX-E6664EB7,TM-A9341DA7,6,A,A,A,B,NONE,1100,1001,3.15,0.5,2.0,0.5,0.05,0.1,6.0,False,-69.76369794996604,133.56999171859712,140.94062794557308,17.298425069322803,0.03540457811431115,10.29969446627711,64.1714198775668,0.4236734319724032,0.5398799108915696,10.264289888162798,False
PX-E6664EB7+TM-38DE3A46,PX-E6664EB7,TM-38DE3A46,6,A,A,A,B,NONE,1100,1001,3.15,0.5,2.0,0.5,0.1,0.05,6.0,False,-68.85520704050487,85.20652330872784,129.21842651354467,17.298425069322803,0.03246133391108096,10.216889807078488,64.08623335604997,0.4236734319724032,0.5428911459035849,10.184428473167408,False
PX-E6664EB7+TM-4F91BE19,PX-E6664EB7,TM-4F91BE19,6,A,A,A,B,NONE,1100,1001,3.2,0.5,2.0,0.5,0.1,0.1,6.0,False,-68.85555238361512,84.94751211220326,128.94046174399944,17.298425069322803,0.03239215417443137,10.216812297278333,64.0847133479748,0.4236734319724032,0.5428879422562133,10.184420143103901,False
PX-E6664EB7+TM-D35760D5,PX-E6664EB7,TM-D35760D5,6,A,A,A,B,NONE,1100,1001,3.5999999999999996,0.5,2.0,1.0,0.05,0.05,6.0,False,-69.42257410733343,95.02818639510862,131.96702494942966,17.298425069322803,0.03316057737577391,9.412545871292702,60.63702188250122,0.4236734319724032,0.5290676008750883,9.379385293916929,False
PX-E6664EB7+TM-A41837FA,PX-E6664EB7,TM-A41837FA,6,A,A,A,B,NONE,1100,1001,3.65,0.5,2.0,1.0,0.05,0.1,6.0,False,-69.42252440578403,94.63672112939705,131.67854364667323,17.298425069322803,0.033088726949261626,9.412486481364464,60.635606984199654,0.4236734319724032,0.5290737321993415,9.379397754415203,False
PX-E6664EB7+TM-8B1FD324,PX-E6664EB7,TM-8B1FD324,6,A,A,A,B,NONE,1100,1001,3.65,0.5,2.0,1.0,0.1,0.05,6.0,False,-68.31682676404705,71.64715207710063,117.69088706717612,17.298425069322803,0.029579423271534785,9.378903225325256,60.60949762633895,0.4236734319724032,0.5316375741535411,9.349323802053721,False
PX-E6664EB7+TM-6B36D4D2,PX-E6664EB7,TM-6B36D4D2,6,A,A,A,B,NONE,1100,1001,3.7,0.5,2.0,1.0,0.1,0.1,6.0,False,-68.31846350833807,71.51577650164653,117.52526269897294,17.298425069322803,0.029538263767167432,9.378844566346372,60.60808355437849,0.4236734319724032,0.5316299464997575,9.349306302579203,False
PX-E6664EB7+TM-93471C56,PX-E6664EB7,TM-93471C56,6,A,A,A,B,NONE,1100,1001,4.6,0.5,2.0,2.0,0.05,0.05,6.0,False,-68.50788853683068,70.54557291877758,112.52667931528215,17.298425069322803,0.028298435266137612,8.74116562723885,58.33634890407162,0.4236734319724032,0.5229502343284558,8.712867191972713,False
PX-E6664EB7+TM-DC79C298,PX-E6664EB7,TM-DC79C298,6,A,A,A,B,NONE,1100,1001,4.6499999999999995,0.5,2.0,2.0,0.05,0.1,6.0,False,-68.50997204062571,70.42934840827876,112.40109954951546,17.298425069322803,0.028267225938091604,8.7411205402369,58.33500254035317,0.4236734319724032,0.5229451550649048,8.712853314298808,False
PX-E6664EB7+TM-5E21F537,PX-E6664EB7,TM-5E21F537,6,A,A,A,B,NONE,1100,1001,4.6499999999999995,0.5,2.0,2.0,0.1,0.05,6.0,False,-67.82317860123685,63.17457426950834,103.92522424169057,17.298425069322803,0.026136564644810057,8.729893074580868,58.32925751427036,0.4236734319724032,0.5250551807268541,8.703756509936058,False
PX-E6664EB7+TM-C537F674,PX-E6664EB7,TM-C537F674,6,A,A,A,B,NONE,1100,1001,4.699999999999999,0.5,2.0,2.0,0.1,0.1,6.0,False,-67.83386245688507,63.175778842516316,103.8507921706954,17.298425069322803,0.026118128126590427,8.729848218891647,58.32791135920064,0.4236734319724032,0.5250445893019065,8.703730090765056,False
PX-E6664EB7+TM-AFD91B7E,PX-E6664EB7,TM-AFD91B7E,6,A,A,A,B,NONE,1100,1001,5.1,0.5,4.0,0.5,0.05,0.05,6.0,False,-63.92947224984861,56.1476006518383,58.36042460768696,17.298425069322803,0.008788805834587252,8.081560289721814,59.01810722245455,0.5854040678727482,0.5486915875335242,8.072771483887227,False
PX-E6664EB7+TM-43AF6F18,PX-E6664EB7,TM-43AF6F18,6,A,A,A,B,NONE,1100,1001,5.1499999999999995,0.5,4.0,0.5,0.05,0.1,6.0,False,-63.94065544660915,56.1481440311681,58.3600424395059,17.298425069322803,0.008785874940669552,8.0815098484345,59.01668988852867,0.5854040678727482,0.5486774564903399,8.072723973493831,False
PX-E6664EB7+TM-955A259B,PX-E6664EB7,TM-955A259B,6,A,A,A,B,NONE,1100,1001,5.1499999999999995,0.5,4.0,0.5,0.1,0.05,6.0,False,-63.87579262717215,55.924888223089276,58.2208141492254,17.298425069322803,0.007461341800092835,8.019055336131766,58.952385434854676,0.5854040678727482,0.5516196458844339,8.011593994331673,False
PX-E6664EB7+TM-8C7BDD47,PX-E6664EB7,TM-8C7BDD47,6,A,A,A,B,NONE,1100,1001,5.199999999999999,0.5,4.0,0.5,0.1,0.1,6.0,False,-63.88698834346157,55.925438512974125,58.22043321465284,17.298425069322803,0.0074602131759450175,8.019006289563361,58.950970135696416,0.5854040678727482,0.5516030358426873,8.011546076387415,False
PX-E6664EB7+TM-1BB52401,PX-E6664EB7,TM-1BB52401,6,A,A,A,B,NONE,1100,1001,5.6,0.5,4.0,1.0,0.05,0.05,6.0,False,-63.89950602073824,55.149678433068026,56.24041581316971,17.298425069322803,0.00834788080929435,7.426321709637463,55.7969487045105,0.5854040678727482,0.5373617616064709,7.417973828828169,False
PX-E6664EB7+TM-411F8E1A,PX-E6664EB7,TM-411F8E1A,6,A,A,A,B,NONE,1100,1001,5.6499999999999995,0.5,4.0,1.0,0.05,0.1,6.0,False,-63.91055146557198,55.15026053957316,56.24005630200614,17.298425069322803,0.008345641224110207,7.42628559355891,55.79562997517851,0.5854040678727482,0.537348326865599,7.4179399523348,False
PX-E6664EB7+TM-6A2FA74D,PX-E6664EB7,TM-6A2FA74D,6,A,A,A,B,NONE,1100,1001,5.6499999999999995,0.5,4.0,1.0,0.1,0.05,6.0,False,-63.866835231856406,55.03286366827294,56.24606171491385,17.298425069322803,0.00715398086446783,7.398607237786154,55.77522561060773,0.5854040678727482,0.5403006064107653,7.391453256921686,False
PX-E6664EB7+TM-FE4738D0,PX-E6664EB7,TM-FE4738D0,6,A,A,A,B,NONE,1100,1001,5.699999999999999,0.5,4.0,1.0,0.1,0.1,6.0,False,-63.87788881416977,55.03344958377414,56.2457016638783,17.298425069322803,0.007153157504823067,7.398571705796504,55.77390753733252,0.5854040678727482,0.5402850627380712,7.391418548291681,False
PX-E6664EB7+TM-79BBB106,PX-E6664EB7,TM-79BBB106,6,A,A,A,B,NONE,1100,1001,6.6,0.5,4.0,2.0,0.05,0.05,6.0,False,-64.07866336492428,54.661033121961566,55.651975707404546,17.298425069322803,0.007595401791952234,6.892462806855255,53.64959209384847,0.5854040678727482,0.5306051930322395,6.884867405063303,False
PX-E6664EB7+TM-D4148342,PX-E6664EB7,TM-D4148342,6,A,A,A,B,NONE,1100,1001,6.6499999999999995,0.5,4.0,2.0,0.05,0.1,6.0,False,-64.08943875041152,54.66164247023393,55.651615667316236,17.298425069322803,0.007594127584035622,6.89243770939568,53.64833765650453,0.5854040678727482,0.5305923361144104,6.884843581811645,False
PX-E6664EB7+TM-7EA05171,PX-E6664EB7,TM-7EA05171,6,A,A,A,B,NONE,1100,1001,6.6499999999999995,0.5,4.0,2.0,0.1,0.05,6.0,False,-64.05865194776933,54.61496255085312,55.68474417503463,17.298425069322803,0.006608874059625555,6.882426471633374,53.64375121216831,0.5854040678727482,0.5333573798008691,6.875817597573748,False
PX-E6664EB7+TM-451EE8EE,PX-E6664EB7,TM-451EE8EE,6,A,A,A,B,NONE,1100,1001,6.699999999999999,0.5,4.0,2.0,0.1,0.1,6.0,False,-64.06942991199487,54.61557350301776,55.68438341394969,17.298425069322803,0.006608503658928363,6.882401573839308,53.6424969477796,0.5854040678727482,0.5333429545199816,6.87579307018038,False
PX-E6664EB7+TM-196A39BD,PX-E6664EB7,TM-196A39BD,6,A,A,A,B,NONE,1100,1001,9.100000000000001,0.5,8.0,0.5,0.05,0.05,6.0,False,-59.64657825799364,48.139872695081756,40.01362036446912,17.298425069322803,0.0013865224945975305,5.814709674260991,53.320266683307146,0.74433095085324,0.562925133499143,5.813323151766394,False
PX-E6664EB7+TM-49117E35,PX-E6664EB7,TM-49117E35,6,A,A,A,B,NONE,1100,1001,9.15,0.5,8.0,0.5,0.05,0.1,6.0,False,-59.656777945731235,48.14061107033,40.01327205138827,17.298425069322803,0.0013867525014657379,5.814687001887403,53.318967750963395,0.74433095085324,0.5629090858929722,5.813300249385938,False
PX-E6664EB7+TM-BDA8A9EE,PX-E6664EB7,TM-BDA8A9EE,6,A,A,A,B,NONE,1100,1001,9.15,0.5,8.0,0.5,0.1,0.05,6.0,False,-59.583722310416924,47.91476963731712,39.86426779909834,17.298425069322803,0.0012710845440009615,5.77508985998365,53.278310486713956,0.74433095085324,0.5645648363107316,5.773818775439649,False
PX-E6664EB7+TM-5B2918E6,PX-E6664EB7,TM-5B2918E6,6,A,A,A,B,NONE,1100,1001,9.2,0.5,8.0,0.5,0.1,0.1,6.0,False,-59.59391446077177,47.915515578381914,39.86392113297758,17.298425069322803,0.0012713138845578177,5.775068014946704,53.277012859434016,0.74433095085324,0.5645485755895518,5.773796701062146,False
PX-E6664EB7+TM-60ADACA0,PX-E6664EB7,TM-60ADACA0,6,A,A,A,B,NONE,1100,1001,9.600000000000001,0.5,8.0,1.0,0.05,0.05,6.0,False,-59.4798606199408,47.4871158884874,37.83176656486405,17.298425069322803,0.0013585110895406695,5.418472084547814,50.48655826110756,0.74433095085324,0.5520259061920385,5.4171135734582725,False
PX-E6664EB7+TM-CA5F92A2,PX-E6664EB7,TM-CA5F92A2,6,A,A,A,B,NONE,1100,1001,9.65,0.5,8.0,1.0,0.05,0.1,6.0,False,-59.489941504479695,47.48788531271497,37.83144788982066,17.298425069322803,0.001358741459931949,5.418457600774848,50.48534648896302,0.74433095085324,0.5520100810169603,5.417098859314915,False
PX-E6664EB7+TM-D655B7C6,PX-E6664EB7,TM-D655B7C6,6,A,A,A,B,NONE,1100,1001,9.65,0.5,8.0,1.0,0.1,0.05,6.0,False,-59.44635605286822,47.35581412228395,37.80788623002947,17.298425069322803,0.00124816075209803,5.398227717646839,50.4718993986645,0.74433095085324,0.5537303735685993,5.396979556894741,False
PX-E6664EB7+TM-510E8CD6,PX-E6664EB7,TM-510E8CD6,6,A,A,A,B,NONE,1100,1001,9.7,0.5,8.0,1.0,0.1,0.1,6.0,False,-59.45642854959804,47.35658809863364,37.807567687266925,17.298425069322803,0.0012483893576030504,5.398213642074449,50.470688072009814,0.74433095085324,0.5537143407605997,5.396965252716846,False
PX-E6664EB7+TM-155C2AC2,PX-E6664EB7,TM-155C2AC2,6,A,A,A,B,NONE,1100,1001,10.600000000000001,0.5,8.0,2.0,0.05,0.05,6.0,False,-59.54686282947788,47.18782643010724,36.689831315474464,17.298425069322803,0.0013049166410648942,5.051912972355169,48.529373345587764,0.74433095085324,0.544767632087124,5.050608055714104,False
PX-E6664EB7+TM-C4EF8727,PX-E6664EB7,TM-C4EF8727,6,A,A,A,B,NONE,1100,1001,10.65,0.5,8.0,2.0,0.05,0.1,6.0,False,-59.556705023108705,47.18861931796543,36.68952860464156,17.298425069322803,0.0013051469420454825,5.051905788192943,48.52822051794739,0.74433095085324,0.5447518967453161,5.050600641250897,False
PX-E6664EB7+TM-2822DBE9,PX-E6664EB7,TM-2822DBE9,6,A,A,A,B,NONE,1100,1001,10.65,0.5,8.0,2.0,0.1,0.05,6.0,False,-59.53170589911064,47.128030759413264,36.70833547087923,17.298425069322803,0.0012040549561525673,5.043552991379848,48.52520896321167,0.74433095085324,0.5464360693948759,5.042348936423695,False
PX-E6664EB7+TM-524513CD,PX-E6664EB7,TM-524513CD,6,A,A,A,B,NONE,1100,1001,10.7,0.5,8.0,2.0,0.1,0.1,6.0,False,-59.541538930494944,47.12882580753881,36.70803237822052,17.298425069322803,0.0012042817202317906,5.043545968931796,48.52405625977772,0.74433095085324,0.5464201509102722,5.0423416872115645,False
PX-E6664EB7+TM-C6470215,PX-E6664EB7,TM-C6470215,6,A,A,A,B,NONE,1100,1001,17.1,0.5,16.0,0.5,0.05,0.05,6.0,False,-53.13695618014007,35.596921874291155,22.844006461622293,17.298425069322803,0.0002720150042384191,3.9483182865527477,48.17575194407377,0.8657841969979684,0.5764674656107309,3.9480462715485096,False
PX-E6664EB7+TM-25F81A19,PX-E6664EB7,TM-25F81A19,6,A,A,A,B,NONE,1100,1001,17.150000000000002,0.5,16.0,0.5,0.05,0.1,6.0,False,-53.145424406146105,35.598026123163244,22.843267786704917,17.298425069322803,0.00027208292434340774,3.9483065265861383,48.174561913330855,0.8657841969979684,0.5764507985393568,3.948034443661795,False
PX-E6664EB7+TM-D2B82E1A,PX-E6664EB7,TM-D2B82E1A,6,A,A,A,B,NONE,1100,1001,17.150000000000002,0.5,16.0,0.5,0.1,0.05,6.0,False,-53.05411539506272,35.39204017583452,22.735839849709095,17.298425069322803,0.0002626246346033814,3.9280921207038313,48.15401359612334,0.8657841969979684,0.5771799432556912,3.927829496069228,False
PX-E6664EB7+TM-D9325021,PX-E6664EB7,TM-D9325021,6,A,A,A,B,NONE,1100,1001,17.200000000000003,0.5,16.0,0.5,0.1,0.1,6.0,False,-53.06257896551988,35.39315230274949,22.735105376124924,17.298425069322803,0.0002626906217038321,3.928080866601193,48.15282424416227,0.8657841969979684,0.5771632535751909,3.9278181759794895,False
PX-E6664EB7+TM-3A6C19DC,PX-E6664EB7,TM-3A6C19DC,6,A,A,A,B,NONE,1100,1001,17.6,0.5,16.0,1.0,0.05,0.05,6.0,False,-53.00896526130849,35.74745953513297,21.316374927710793,17.298425069322803,0.00027011608864973175,3.7700910553452314,45.734536843502084,0.8657841969979684,0.5663741402891631,3.7698209392565816,False
PX-E6664EB7+TM-348A77C8,PX-E6664EB7,TM-348A77C8,6,A,A,A,B,NONE,1100,1001,17.650000000000002,0.5,16.0,1.0,0.05,0.1,6.0,False,-53.01733579688786,35.74856923151072,21.315713370010794,17.298425069322803,0.00027018362021294113,3.770084334049269,45.73342223763087,0.8657841969979684,0.5663576805361865,3.7698141504290565,False
PX-E6664EB7+TM-8FA343F3,PX-E6664EB7,TM-8FA343F3,6,A,A,A,B,NONE,1100,1001,17.650000000000002,0.5,16.0,1.0,0.1,0.05,6.0,False,-52.96063789050297,35.60711912382727,21.281269227582424,17.298425069322803,0.0002609196885056415,3.7574867277323705,45.726444850025466,0.8657841969979684,0.5671317215643537,3.757225808043865,False
PX-E6664EB7+TM-3497EB27,PX-E6664EB7,TM-3497EB27,6,A,A,A,B,NONE,1100,1001,17.700000000000003,0.5,16.0,1.0,0.1,0.1,6.0,False,-52.96900321177508,35.60823428687444,21.280613128148957,17.298425069322803,0.00026098532019578464,3.7574803772863343,45.72533049148978,0.8657841969979684,0.5671152387036252,3.7572193919661387,False
PX-E6664EB7+TM-E5447244,PX-E6664EB7,TM-E5447244,6,A,A,A,B,NONE,1100,1001,18.6,0.5,16.0,2.0,0.05,0.05,6.0,False,-53.041799763397684,36.081416240905554,20.113669580110187,17.298425069322803,0.0002663694763540736,3.5695617069831758,43.97360059674429,0.8657841969979684,0.5590636359001063,3.569295337506822,False
PX-E6664EB7+TM-94DEFF90,PX-E6664EB7,TM-94DEFF90,6,A,A,A,B,NONE,1100,1001,18.650000000000002,0.5,16.0,2.0,0.05,0.1,6.0,False,-53.04998905405729,36.08252920507589,20.11313422762951,17.298425069322803,0.00026643623689350904,3.5695612910157704,43.972539335574645,0.8657841969979684,0.5590473473083888,3.5692948547788768,False
PX-E6664EB7+TM-9D4BCF80,PX-E6664EB7,TM-9D4BCF80,6,A,A,A,B,NONE,1100,1001,18.650000000000002,0.5,16.0,2.0,0.1,0.05,6.0,False,-53.02091085556128,36.001877228663695,20.119161405583935,17.298425069322803,0.0002575527157628822,3.563145381947579,43.97115866616966,0.8657841969979684,0.559824589910424,3.5628878292318165,False
PX-E6664EB7+TM-31115CEF,PX-E6664EB7,TM-31115CEF,6,A,A,A,B,NONE,1100,1001,18.700000000000003,0.5,16.0,2.0,0.1,0.1,6.0,False,-53.02909350957703,36.00299335214962,20.118629500430753,17.298425069322803,0.00025761764211343097,3.563145163190036,43.970097478315566,0.8657841969979684,0.5598082788598058,3.5628875455479228,False
PX-E6664EB7+TM-44750E09,PX-E6664EB7,TM-44750E09,6,A,A,A,B,NONE,1100,1001,2.5999999999999996,1.0,1.0,0.5,0.05,0.05,6.0,False,-70.41821000582856,133.8777239565879,169.52120645651988,17.54723420435004,0.042631169059040804,11.518435649290574,66.95242683107057,0.3431467254830145,0.5419605856929679,11.475804480231533,False
PX-E6664EB7+TM-FAB5DC2E,PX-E6664EB7,TM-FAB5DC2E,6,A,A,A,B,NONE,1100,1001,2.65,1.0,1.0,0.5,0.05,0.1,6.0,False,-70.42676264281445,133.52296719807094,168.06094677445893,17.54723420435004,0.04226707732084979,11.518340286454624,66.95084771710658,0.3431467254830145,0.5419783224964719,11.476073209133773,False
PX-E6664EB7+TM-AAD78B2B,PX-E6664EB7,TM-AAD78B2B,6,A,A,A,B,NONE,1100,1001,2.65,1.0,1.0,0.5,0.1,0.05,6.0,False,-70.16767302270165,111.95573168791368,140.88086812763788,17.54723420435004,0.03544937438896289,11.424759607753657,66.85464637733203,0.3431467254830145,0.5449741842916056,11.389310233364695,False
PX-E6664EB7+TM-B9DD542F,PX-E6664EB7,TM-B9DD542F,6,A,A,A,B,NONE,1100,1001,2.7,1.0,1.0,0.5,0.1,0.1,6.0,False,-70.1676627224882,111.17517744979715,140.41358024795855,17.54723420435004,0.035333409444346424,11.424666423662348,66.85307026697137,0.3431467254830145,0.5449697218396192,11.389333014218002,False
PX-E6664EB7+TM-921BB415,PX-E6664EB7,TM-921BB415,6,A,A,A,B,NONE,1100,1001,3.0999999999999996,1.0,1.0,1.0,0.05,0.05,6.0,False,-70.26906445582097,104.09834137109407,136.75947697835505,17.54723420435004,0.034442962530786395,10.507804848484419,63.2506949739993,0.3431467254830145,0.5313572511707843,10.473361885953633,False
PX-E6664EB7+TM-997B1495,PX-E6664EB7,TM-997B1495,6,A,A,A,B,NONE,1100,1001,3.15,1.0,1.0,1.0,0.05,0.1,6.0,False,-70.26386075779722,103.2535483741122,136.46968801086243,17.54723420435004,0.03437119240479673,10.507732499566595,63.24922836610973,0.3431467254830145,0.5313622453181406,10.473361307161797,False
PX-E6664EB7+TM-DA26960F,PX-E6664EB7,TM-DA26960F,6,A,A,A,B,NONE,1100,1001,3.15,1.0,1.0,1.0,0.1,0.05,6.0,False,-69.22305066284507,75.14240249434435,131.37369182468495,17.54723420435004,0.03307492093693919,10.471058094293655,63.22014652453913,0.3431467254830145,0.5339298115922442,10.437983173356717,False
PX-E6664EB7+TM-24EDFB89,PX-E6664EB7,TM-24EDFB89,6,A,A,A,B,NONE,1100,1001,3.2,1.0,1.0,1.0,0.1,0.1,6.0,False,-69.21437607203505,74.81858967996622,131.05542650856023,17.54723420435004,0.03299595790693471,10.470986551366991,63.2186808302299,0.3431467254830145,0.5339217836016198,10.437990593460057,False
PX-E6664EB7+TM-F25AD464,PX-E6664EB7,TM-F25AD464,6,A,A,A,B,NONE,1100,1001,4.1,1.0,1.0,2.0,0.05,0.05,6.0,False,-69.09801084980444,69.54360415823777,118.66305827445657,17.54723420435004,0.029917359280342438,9.763678614493053,60.869162168543824,0.3431467254830145,0.5256353135906587,9.733761255212709,False
PX-E6664EB7+TM-8889DD51,PX-E6664EB7,TM-8889DD51,6,A,A,A,B,NONE,1100,1001,4.1499999999999995,1.0,1.0,2.0,0.05,0.1,6.0,False,-69.10855097160456,69.54472789605931,118.48378383183955,17.54723420435004,0.029872932118327613,9.763622279315697,60.867766288043065,0.3431467254830145,0.525629406264539,9.733749347197369,False
PX-E6664EB7+TM-E782BC8B,PX-E6664EB7,TM-E782BC8B,6,A,A,A,B,NONE,1100,1001,4.1499999999999995,1.0,1.0,2.0,0.1,0.05,6.0,False,-69.05107599317708,69.51512958407248,112.00293878028937,17.54723420435004,0.028231727109065016,9.751765192912385,60.861430786188194,0.3431467254830145,0.5276300964370408,9.723533465803321,False
PX-E6664EB7+TM-A42F8405,PX-E6664EB7,TM-A42F8405,6,A,A,A,B,NONE,1100,1001,4.199999999999999,1.0,1.0,2.0,0.1,0.1,6.0,False,-69.06172333378285,69.516254574043,111.87676566257221,17.54723420435004,0.02820053888869284,9.75170910511597,60.860035132307246,0.3431467254830145,0.5276190519445945,9.723508566227277,False
PX-E6664EB7+TM-EE240210,PX-E6664EB7,TM-EE240210,6,A,A,A,B,NONE,1100,1001,3.5999999999999996,1.0,2.0,0.5,0.05,0.05,6.0,False,-65.99002791592991,58.16711641876022,74.74043913193836,17.54723420435004,0.018877045046258978,9.956975331360294,63.461238748632766,0.46029146859853504,0.5457485818422014,9.938098286314036,False
PX-E6664EB7+TM-20D6F9FE,PX-E6664EB7,TM-20D6F9FE,6,A,A,A,B,NONE,1100,1001,3.65,1.0,2.0,0.5,0.05,0.1,6.0,False,-65.9957840703552,58.16824027277347,74.53729897545871,17.54723420435004,0.018826639694258837,9.95690073217331,63.45973036710043,0.46029146859853504,0.5457533426255141,9.93807409247905,False
PX-E6664EB7+TM-06A31967,PX-E6664EB7,TM-06A31967,6,A,A,A,B,NONE,1100,1001,3.65,1.0,2.0,0.5,0.1,0.05,6.0,False,-65.56801497846598,57.70005259371431,64.71762361577895,17.54723420435004,0.01601873618136854,9.876791189450032,63.377268549456105,0.46029146859853504,0.5489102617178703,9.860772453268662,False
PX-E6664EB7+TM-BBEC3DF4,PX-E6664EB7,TM-BBEC3DF4,6,A,A,A,B,NONE,1100,1001,3.7,1.0,2.0,0.5,0.1,0.1,6.0,False,-65.57967525495398,57.70118657878124,64.71726038738724,17.54723420435004,0.015997822849862404,9.876718425122144,63.375762756201034,0.46029146859853504,0.5488962010092002,9.860720602272282,False
PX-E6664EB7+TM-63823495,PX-E6664EB7,TM-63823495,6,A,A,A,B,NONE,1100,1001,4.1,1.0,2.0,1.0,0.05,0.05,6.0,False,-65.9517170689254,58.149535908020944,66.94909191842403,17.54723420435004,0.016928609970793755,9.10080022033523,59.96107850481112,0.46029146859853504,0.5346105739138617,9.083871610364437,False
PX-E6664EB7+TM-F396C77F,PX-E6664EB7,TM-F396C77F,6,A,A,A,B,NONE,1100,1001,4.1499999999999995,1.0,2.0,1.0,0.05,0.1,6.0,False,-65.95867595995753,58.15070496326752,66.83287314610466,17.54723420435004,0.016899854217678843,9.100744801293914,59.95967681161348,0.46029146859853504,0.5346076147332428,9.083844947076233,False
PX-E6664EB7+TM-E27A80B9,PX-E6664EB7,TM-E27A80B9,6,A,A,A,B,NONE,1100,1001,4.1499999999999995,1.0,2.0,1.0,0.1,0.05,6.0,False,-65.76097259356149,57.97342878329628,63.23646734415216,17.54723420435004,0.014882547599181572,9.067794737423426,59.934215693484056,0.46029146859853504,0.5374476053899895,9.052912189824246,False
PX-E6664EB7+TM-6355F1E0,PX-E6664EB7,TM-6355F1E0,6,A,A,A,B,NONE,1100,1001,4.199999999999999,1.0,2.0,1.0,0.1,0.1,6.0,False,-65.77249501315731,57.97460234166698,63.236115491341536,17.54723420435004,0.014869545563362188,9.067740031248995,59.93281480703389,0.46029146859853504,0.5374332446408687,9.052870485685633,False
PX-E6664EB7+TM-0AABD2BC,PX-E6664EB7,TM-0AABD2BC,6,A,A,A,B,NONE,1100,1001,5.1,1.0,2.0,2.0,0.05,0.05,6.0,False,-66.1868605166027,59.10051244791244,63.147454848544015,17.54723420435004,0.014753162487236113,8.445380316840525,57.677555809836534,0.46029146859853504,0.5282519022007108,8.430627154353289,False
PX-E6664EB7+TM-110F17FD,PX-E6664EB7,TM-110F17FD,6,A,A,A,B,NONE,1100,1001,5.1499999999999995,1.0,2.0,2.0,0.05,0.1,6.0,False,-66.19805876703958,59.10171298652702,63.14709454494621,17.54723420435004,0.014740990070217255,8.445338768723616,57.67622215410072,0.46029146859853504,0.5282432924619233,8.430597778653398,False
PX-E6664EB7+TM-763E5EED,PX-E6664EB7,TM-763E5EED,6,A,A,A,B,NONE,1100,1001,5.1499999999999995,1.0,2.0,2.0,0.1,0.05,6.0,False,-66.17035944466474,59.05075882671359,63.18544951225756,17.54723420435004,0.01333459669067323,8.43421971581821,57.670577124365245,0.46029146859853504,0.5307202745741613,8.420885119127538,False
PX-E6664EB7+TM-D98DE9F2,PX-E6664EB7,TM-D98DE9F2,6,A,A,A,B,NONE,1100,1001,5.199999999999999,1.0,2.0,2.0,0.1,0.1,6.0,False,-66.18159357134952,59.051960966273654,63.18508844631945,17.54723420435004,0.013328482786912942,8.434178395674932,57.66924367409102,0.46029146859853504,0.530706550052326,8.42084991288802,False
PX-E6664EB7+TM-7DB9C892,PX-E6664EB7,TM-7DB9C892,6,A,A,A,B,NONE,1100,1001,5.6,1.0,4.0,0.5,0.05,0.05,6.0,False,-62.813127858561195,53.04412946584276,51.554699101811664,17.54723420435004,0.004662729736747003,7.914546212637873,58.650032344882376,0.6096838186626738,0.5551213074025394,7.909883482901127,False
PX-E6664EB7+TM-C248EAA0,PX-E6664EB7,TM-C248EAA0,6,A,A,A,B,NONE,1100,1001,5.6499999999999995,1.0,4.0,0.5,0.05,0.1,6.0,False,-62.82420469222313,53.044711236221445,51.554354316042996,17.54723420435004,0.0046618828061165156,7.9144981007072825,58.648622550354496,0.6096838186626738,0.5551053130005936,7.909836217901166,False
PX-E6664EB7+TM-C7D731DB,PX-E6664EB7,TM-C7D731DB,6,A,A,A,B,NONE,1100,1001,5.6499999999999995,1.0,4.0,0.5,0.1,0.05,6.0,False,-62.7542147967002,52.818066124016916,51.42715133268801,17.54723420435004,0.003999256346028002,7.8535472092696486,58.58585913505572,0.6096838186626738,0.5579604400043651,7.849547952923622,False
PX-E6664EB7+TM-56922EC3,PX-E6664EB7,TM-56922EC3,6,A,A,A,B,NONE,1100,1001,5.699999999999999,1.0,4.0,0.5,0.1,0.1,6.0,False,-62.7652982543039,52.81865501594941,51.42680773335518,17.54723420435004,0.003999065189363259,7.853500449321013,58.58445132704171,0.6096838186626738,0.5579426345214333,7.849501384131649,False
PX-E6664EB7+TM-C033A5CE,PX-E6664EB7,TM-C033A5CE,6,A,A,A,B,NONE,1100,1001,6.1,1.0,4.0,1.0,0.05,0.05,6.0,False,-62.76764981048478,52.21129327726997,49.6242605829937,17.54723420435004,0.0044558893435983635,7.276414139118903,55.44919881415445,0.6096838186626738,0.5437529686461219,7.271958249775304,False
PX-E6664EB7+TM-1FC706E9,PX-E6664EB7,TM-1FC706E9,6,A,A,A,B,NONE,1100,1001,6.1499999999999995,1.0,4.0,1.0,0.05,0.1,6.0,False,-62.778588397458854,52.21191214167412,49.623937192488434,17.54723420435004,0.004455277610121449,7.276379882230888,55.44788697977263,0.6096838186626738,0.5437379238289103,7.271924604620766,False
PX-E6664EB7+TM-B88B8F46,PX-E6664EB7,TM-B88B8F46,6,A,A,A,B,NONE,1100,1001,6.1499999999999995,1.0,4.0,1.0,0.1,0.05,6.0,False,-62.7335126389199,52.09542267206943,49.628532514483254,17.54723420435004,0.00385141243969346,7.249074484291739,55.42787397180151,0.6096838186626738,0.5466219836205302,7.245223071852046,False
PX-E6664EB7+TM-7C8FA852,PX-E6664EB7,TM-7C8FA852,6,A,A,A,B,NONE,1100,1001,6.199999999999999,1.0,4.0,1.0,0.1,0.1,6.0,False,-62.74445470489652,52.09604537710138,49.628208657398666,17.54723420435004,0.0038513256514991615,7.249040800649199,55.42656278132591,0.6096838186626738,0.5466053589924434,7.245189474997701,False
PX-E6664EB7+TM-C880C6CB,PX-E6664EB7,TM-C880C6CB,6,A,A,A,B,NONE,1100,1001,7.1,1.0,4.0,2.0,0.05,0.05,6.0,False,-62.95811419640143,51.90829136920372,49.077618240804,17.54723420435004,0.00409350022772943,6.751506741320172,53.31153450216486,0.6096838186626738,0.5368996025944973,6.747413241092444,False
PX-E6664EB7+TM-B5B2535D,PX-E6664EB7,TM-B5B2535D,6,A,A,A,B,NONE,1100,1001,7.1499999999999995,1.0,4.0,2.0,0.05,0.1,6.0,False,-62.96878204646231,51.9089351433319,49.07729492019624,17.54723420435004,0.004093229127098273,6.751483257436179,53.31028665975352,0.6096838186626738,0.5368854975312818,6.7473900283090815,False
PX-E6664EB7+TM-E815F632,PX-E6664EB7,TM-E815F632,6,A,A,A,B,NONE,1100,1001,7.1499999999999995,1.0,4.0,2.0,0.1,0.05,6.0,False,-62.93799364465324,51.86351854057784,49.10690720481736,17.54723420435004,0.003584840103490917,6.741538754399961,53.30577012767283,0.6096838186626738,0.5396075257293081,6.737953914296471,False
PX-E6664EB7+TM-72CDF500,PX-E6664EB7,TM-72CDF500,6,A,A,A,B,NONE,1100,1001,7.199999999999999,1.0,4.0,2.0,0.1,0.1,6.0,False,-62.948661045710224,51.86416390082454,49.10658323377131,17.54723420435004,0.003584911560516857,6.741515468068895,53.30452245597769,0.6096838186626738,0.5395922018234701,6.7379305565083785,False
PX-E6664EB7+TM-CB483D6B,PX-E6664EB7,TM-CB483D6B,6,A,A,A,B,NONE,1100,1001,9.600000000000001,1.0,8.0,0.5,0.05,0.05,6.0,False,-58.19715599720516,44.673173121580824,35.346341499457246,17.54723420435004,0.0008356402407164672,5.759155367326927,53.18760795125126,0.7599188087905769,0.5689398062292989,5.758319727086211,False
PX-E6664EB7+TM-C12CB0FE,PX-E6664EB7,TM-C12CB0FE,6,A,A,A,B,NONE,1100,1001,9.65,1.0,8.0,0.5,0.05,0.1,6.0,False,-58.20726316782234,44.67396028764256,35.34603301594274,17.54723420435004,0.0008358068275341419,5.7591336295585,53.18631181941214,0.7599188087905769,0.568923402452146,5.758297822730966,False
PX-E6664EB7+TM-5F6B6BDD,PX-E6664EB7,TM-5F6B6BDD,6,A,A,A,B,NONE,1100,1001,9.65,1.0,8.0,0.5,0.1,0.05,6.0,False,-58.126640064394955,44.445182923829925,35.21270028957318,17.54723420435004,0.0007698619479626968,5.720115398148285,53.14625414446921,0.7599188087905769,0.5705422453282395,5.719345536200322,False
PX-E6664EB7+TM-F04B7ADB,PX-E6664EB7,TM-F04B7ADB,6,A,A,A,B,NONE,1100,1001,9.7,1.0,8.0,0.5,0.1,0.1,6.0,False,-58.13674014269918,44.44597789857931,35.21239339648002,17.54723420435004,0.0007700249177645136,5.720094473531906,53.144959298655216,0.7599188087905769,0.570525658009271,5.719324448614142,False
PX-E6664EB7+TM-B3E3F2CC,PX-E6664EB7,TM-B3E3F2CC,6,A,A,A,B,NONE,1100,1001,10.100000000000001,1.0,8.0,1.0,0.05,0.05,6.0,False,-58.035726029999985,44.223284804784974,33.39544609833157,17.54723420435004,0.0008200606946605532,5.369508059162533,50.36217489197251,0.7599188087905769,0.5580424898030397,5.368687998467872,False
PX-E6664EB7+TM-C33ABC3A,PX-E6664EB7,TM-C33ABC3A,6,A,A,A,B,NONE,1100,1001,10.15,1.0,8.0,1.0,0.05,0.1,6.0,False,-58.045716088433636,44.22410051088877,33.39516503950814,17.54723420435004,0.0008202266478973122,5.3694943317613255,50.360965644351836,0.7599188087905769,0.5580263135521427,5.368674105113429,False
PX-E6664EB7+TM-52CA0F9D,PX-E6664EB7,TM-52CA0F9D,6,A,A,A,B,NONE,1100,1001,10.15,1.0,8.0,1.0,0.1,0.05,6.0,False,-57.99880571623464,44.09199954075629,33.37382394287033,17.54723420435004,0.0007570212524775268,5.349423305557916,50.34768536349472,0.7599188087905769,0.5597105773092976,5.3486662843054384,False
PX-E6664EB7+TM-708B0FD8,PX-E6664EB7,TM-708B0FD8,6,A,A,A,B,NONE,1100,1001,10.2,1.0,8.0,1.0,0.1,0.1,6.0,False,-58.00878758047265,44.092819887066746,33.37354302629592,17.54723420435004,0.0007571832134542251,5.349409980731226,50.34647655609883,0.7599188087905769,0.5596942203129367,5.348652797517771,False
PX-E6664EB7+TM-1AFAF179,PX-E6664EB7,TM-1AFAF179,6,A,A,A,B,NONE,1100,1001,11.100000000000001,1.0,8.0,2.0,0.05,0.05,6.0,False,-58.126159461272685,44.13064645875329,32.3706470578762,17.54723420435004,0.0007901431442070949,5.006587426034983,48.40892007859364,0.7599188087905769,0.550762219491157,5.005797282890776,False
PX-E6664EB7+TM-158ED388,PX-E6664EB7,TM-158ED388,6,A,A,A,B,NONE,1100,1001,11.15,1.0,8.0,2.0,0.05,0.1,6.0,False,-58.13591287694602,44.1314831073879,32.37038028946909,17.54723420435004,0.000790307612380155,5.006580857835589,48.40776964228619,0.7599188087905769,0.5507461478187732,5.0057905502232085,False
PX-E6664EB7+TM-90D37102,PX-E6664EB7,TM-90D37102,6,A,A,A,B,NONE,1100,1001,11.15,1.0,8.0,2.0,0.1,0.05,6.0,False,-58.109904282560116,44.07138507506201,32.3870120081981,17.54723420435004,0.0007322412196160864,4.998257023118713,48.404792800214516,0.7599188087905769,0.5523979541630356,4.997524781899096,False
PX-E6664EB7+TM-AE5CD5B5,PX-E6664EB7,TM-AE5CD5B5,6,A,A,A,B,NONE,1100,1001,11.2,1.0,8.0,2.0,0.1,0.1,6.0,False,-58.11964859082136,44.07222390599781,32.38674488600647,17.54723420435004,0.0007324010985783584,4.9982506144204155,48.403642486984864,0.7599188087905769,0.552381721822223,4.997518213321838,False
PX-E6664EB7+TM-AB4A116E,PX-E6664EB7,TM-AB4A116E,6,A,A,A,B,NONE,1100,1001,17.6,1.0,16.0,0.5,0.05,0.05,6.0,False,-51.16546272780793,31.877255521562752,20.174105089181502,17.54723420435004,0.00017927165780019127,3.9361053334189173,48.1453699295201,0.8760251051536168,0.5822279963125911,3.935926061761117,False
PX-E6664EB7+TM-CEB21E95,PX-E6664EB7,TM-CEB21E95,6,A,A,A,B,NONE,1100,1001,17.650000000000002,1.0,16.0,0.5,0.05,0.1,6.0,False,-51.173943803875204,31.878423347526706,20.173592210826154,17.54723420435004,0.00017932121052117216,3.9360982787900167,48.14418058087652,0.8760251051536168,0.5822110683296018,3.9359189575794953,False
PX-E6664EB7+TM-C3BA9D91,PX-E6664EB7,TM-C3BA9D91,6,A,A,A,B,NONE,1100,1001,17.650000000000002,1.0,16.0,0.5,0.1,0.05,6.0,False,-51.072899794872086,31.671608167369563,20.077474091390368,17.54723420435004,0.00017332864164355783,3.9159957813650488,48.12377095461779,0.8760251051536168,0.5829333084888464,3.915822452723405,False
PX-E6664EB7+TM-63DEB74E,PX-E6664EB7,TM-63DEB74E,6,A,A,A,B,NONE,1100,1001,17.700000000000003,1.0,16.0,0.5,0.1,0.1,6.0,False,-51.08137759683562,31.672784064650237,20.076964973135976,17.54723420435004,0.0001733768169234193,3.9159891950587737,48.12258228025624,0.8760251051536168,0.5829163587977176,3.9158158182418505,False
PX-E6664EB7+TM-01D98488,PX-E6664EB7,TM-01D98488,6,A,A,A,B,NONE,1100,1001,18.1,1.0,16.0,1.0,0.05,0.05,6.0,False,-51.134586940553234,32.28897438653712,18.811724583685567,17.54723420435004,0.00017811977368149397,3.7592655580018413,45.70628547869484,0.8760251051536168,0.5721356122099983,3.75908743822816,False
PX-E6664EB7+TM-BA002B5E,PX-E6664EB7,TM-BA002B5E,6,A,A,A,B,NONE,1100,1001,18.150000000000002,1.0,16.0,1.0,0.05,0.1,6.0,False,-51.14296520183924,32.29014281706487,18.81126727135352,17.54723420435004,0.00017816905670910868,3.759262839909278,45.705171475015305,0.8760251051536168,0.5721188919134957,3.7590846708525687,False
PX-E6664EB7+TM-E7B2BECF,PX-E6664EB7,TM-E7B2BECF,6,A,A,A,B,NONE,1100,1001,18.150000000000002,1.0,16.0,1.0,0.1,0.05,6.0,False,-51.080021297071134,32.148152503229355,18.779952907185113,17.54723420435004,0.00017229481325937225,3.7466916921209115,45.69823690738783,0.8760251051536168,0.5728858967875621,3.7465193973076523,False
PX-E6664EB7+TM-2B62A45C,PX-E6664EB7,TM-2B62A45C,6,A,A,A,B,NONE,1100,1001,18.200000000000003,1.0,16.0,1.0,0.1,0.1,6.0,False,-51.08839481068711,32.149326516030676,18.779499107538157,17.54723420435004,0.00017234274224349377,3.746689288340622,45.69712314964452,0.8760251051536168,0.5728691542544305,3.746516945598379,False
PX-E6664EB7+TM-7D68BB68,PX-E6664EB7,TM-7D68BB68,6,A,A,A,B,NONE,1100,1001,19.1,1.0,16.0,2.0,0.05,0.05,6.0,False,-51.26362742102854,32.87138270708599,17.73218380144597,17.54723420435004,0.00017584521219197793,3.5594749040820957,43.94634851151292,0.8760251051536168,0.564818711975825,3.559299058869904,False
PX-E6664EB7+TM-068E4492,PX-E6664EB7,TM-068E4492,6,A,A,A,B,NONE,1100,1001,19.150000000000002,1.0,16.0,2.0,0.05,0.1,6.0,False,-51.27181461750932,32.872550340488715,17.731809059207603,17.54723420435004,0.0001758939601711124,3.559477379077577,43.945287808645766,0.8760251051536168,0.5648021637793575,3.5593014851174063,False
PX-E6664EB7+TM-21FEE948,PX-E6664EB7,TM-21FEE948,6,A,A,A,B,NONE,1100,1001,19.150000000000002,1.0,16.0,2.0,0.1,0.05,6.0,False,-51.23925309011169,32.79136344961323,17.73660593005058,17.54723420435004,0.00017025160948924128,3.553057873291934,43.94391732149158,0.8760251051536168,0.565572661599332,3.5528876216824448,False
PX-E6664EB7+TM-3AADCFB9,PX-E6664EB7,TM-3AADCFB9,6,A,A,A,B,NONE,1100,1001,19.200000000000003,1.0,16.0,2.0,0.1,0.1,6.0,False,-51.24743381631656,32.792534304953264,17.736233290412848,17.54723420435004,0.0001702990497474549,3.55306051223682,43.94285669159759,0.8760251051536168,0.5655560917478324,3.5528902131870725,False
PX-82F0FE8F+TM-03DCFE76,PX-82F0FE8F,TM-03DCFE76,6,A,A,A,B,NONE,1100,0001,2.0999999999999996,0.5,1.0,0.5,0.05,0.05,6.0,False,-62.29433303843799,128.19557571802682,198.91122847339952,3.737169832626006e-05,0.790315217759849,8.58017529257107,57.073492242550074,0.21886221691881305,0.43152989483497894,7.789860074811221,False
PX-82F0FE8F+TM-EE5F79B6,PX-82F0FE8F,TM-EE5F79B6,6,A,A,A,B,NONE,1100,0001,2.15,0.5,1.0,0.5,0.05,0.1,6.0,False,-62.3062211472266,128.21162531455457,198.90991158047458,3.737169832626006e-05,0.7895439041518142,8.580055195788127,57.07212057488615,0.21886221691881305,0.4315392043241597,7.790511291636312,False
PX-82F0FE8F+TM-C987E146,PX-82F0FE8F,TM-C987E146,6,A,A,A,B,NONE,1100,0001,2.15,0.5,1.0,0.5,0.1,0.05,6.0,False,-62.27706452291144,124.97579482961292,198.86970829972617,3.737264747231729e-05,0.7591849571212296,8.520248454245976,57.01004942156994,0.21886221691881305,0.4320787771108361,7.761063497124746,False
PX-82F0FE8F+TM-BA2906EC,PX-82F0FE8F,TM-BA2906EC,6,A,A,A,B,NONE,1100,0001,2.2,0.5,1.0,0.5,0.1,0.1,6.0,False,-62.28890021719898,124.97764476852483,198.86877988282978,3.737264747231729e-05,0.7587381921933515,8.52013014698498,57.008679715952766,0.21886221691881305,0.4320808430077688,7.761391954791629,False
PX-82F0FE8F+TM-B1B82082,PX-82F0FE8F,TM-B1B82082,6,A,A,A,B,NONE,1100,0001,2.5999999999999996,0.5,1.0,1.0,0.05,0.05,6.0,False,-62.492472115632054,127.1533380569173,198.8719437057752,3.7388124791490586e-05,0.7628492431673138,7.928519830655621,54.12180148215341,0.21886221691881305,0.42112097933489623,7.165670587488308,False
PX-82F0FE8F+TM-3ADEC45D,PX-82F0FE8F,TM-3ADEC45D,6,A,A,A,B,NONE,1100,0001,2.65,0.5,1.0,1.0,0.05,0.1,6.0,False,-62.50424998960779,127.16647405340207,198.87097099600658,3.7388124791490586e-05,0.7623691342296065,7.9284169394501065,54.12052062736858,0.21886221691881305,0.4211240054213832,7.166047805220501,False
PX-82F0FE8F+TM-BC2BA4B2,PX-82F0FE8F,TM-BC2BA4B2,6,A,A,A,B,NONE,1100,0001,2.65,0.5,1.0,1.0,0.1,0.05,6.0,False,-62.48104370959482,124.72935462083868,198.8406257906511,3.7389082395269905e-05,0.7402012871962441,7.906051450746094,54.10223523719594,0.21886221691881305,0.42162705804212075,7.16585016354985,False
PX-82F0FE8F+TM-8103AB33,PX-82F0FE8F,TM-8103AB33,6,A,A,A,B,NONE,1100,0001,2.7,0.5,1.0,1.0,0.1,0.1,6.0,False,-62.49281084794141,124.73740895145586,198.83989369090708,3.7389082395269905e-05,0.7399061109876409,7.905949392587541,54.100954971230415,0.21886221691881305,0.4216258595256204,7.166043281599899,False
PX-82F0FE8F+TM-514F25E6,PX-82F0FE8F,TM-514F25E6,6,A,A,A,B,NONE,1100,0001,3.5999999999999996,0.5,1.0,2.0,0.05,0.05,6.0,False,-62.7707893828775,125.63611007620159,198.82212110494947,3.7422291683480444e-05,0.7306910778147838,7.46681570759938,52.121841929057226,0.21886221691881305,0.4141086969445453,6.736124629784596,False
PX-82F0FE8F+TM-37A2F2BC,PX-82F0FE8F,TM-37A2F2BC,6,A,A,A,B,NONE,1100,0001,3.65,0.5,1.0,2.0,0.05,0.1,6.0,False,-62.78228325203734,125.6432502227438,198.82147100754887,3.7422291683480444e-05,0.7304577197145852,7.466726472310409,52.12062129208946,0.21886221691881305,0.4141062055542065,6.736268752595824,False
PX-82F0FE8F+TM-8041B5D5,PX-82F0FE8F,TM-8041B5D5,6,A,A,A,B,NONE,1100,0001,3.65,0.5,1.0,2.0,0.1,0.05,6.0,False,-62.74753466127406,121.94627429881062,198.79957155502547,3.742325359413522e-05,0.7150032743182497,7.459772412923951,52.11695998186671,0.21886221691881305,0.41450856897447175,6.744769138605702,False
PX-82F0FE8F+TM-AC550B76,PX-82F0FE8F,TM-AC550B76,6,A,A,A,B,NONE,1100,0001,3.7,0.5,1.0,2.0,0.1,0.1,6.0,False,-62.75922365601894,121.97365217284523,198.79903510780915,3.742325359413522e-05,0.7148500087156958,7.459683612354247,52.115739488674876,0.21886221691881305,0.41450419788774084,6.7448336036385514,False
PX-82F0FE8F+TM-C84B98D5,PX-82F0FE8F,TM-C84B98D5,6,A,A,A,B,NONE,1100,0001,3.0999999999999996,0.5,2.0,0.5,0.05,0.05,6.0,False,-61.64147849264957,107.63511084423854,198.65808447850912,3.738966438142387e-05,0.6353996371967873,7.528265340456247,54.72619227990768,0.30631033848754774,0.42742795217771207,6.89286570325946,False
PX-82F0FE8F+TM-A9341DA7,PX-82F0FE8F,TM-A9341DA7,6,A,A,A,B,NONE,1100,0001,3.15,0.5,2.0,0.5,0.05,0.1,6.0,False,-61.653438522606514,107.65925374227614,198.65717357978303,3.738966438142387e-05,0.6351162429636144,7.5281598562037475,54.72486814721109,0.30631033848754774,0.4274269101921103,6.893043613240133,False
PX-82F0FE8F+TM-38DE3A46,PX-82F0FE8F,TM-38DE3A46,6,A,A,A,B,NONE,1100,0001,3.15,0.5,2.0,0.5,0.1,0.05,6.0,False,-61.526073637950525,101.12086502581616,198.58442013778003,3.739061896273393e-05,0.6006973652234214,7.47742151290969,54.67206177155794,0.30631033848754774,0.42818911979964064,6.876724147686269,False
PX-82F0FE8F+TM-4F91BE19,PX-82F0FE8F,TM-4F91BE19,6,A,A,A,B,NONE,1100,0001,3.2,0.5,2.0,0.5,0.1,0.1,6.0,False,-61.5381465021443,101.14380992212114,198.58381952376712,3.739061896273393e-05,0.6005822314723607,7.477317567900914,54.670739318001694,0.30631033848754774,0.4281838180950966,6.8767353364285535,False
PX-82F0FE8F+TM-D35760D5,PX-82F0FE8F,TM-D35760D5,6,A,A,A,B,NONE,1100,0001,3.5999999999999996,0.5,2.0,1.0,0.05,0.05,6.0,False,-61.820420647244354,106.22795359535384,198.6247460469005,3.740600485737727e-05,0.620048168956276,6.980381611444713,51.90828545188667,0.30631033848754774,0.41701752025827343,6.360333442488438,False
PX-82F0FE8F+TM-A41837FA,PX-82F0FE8F,TM-A41837FA,6,A,A,A,B,NONE,1100,0001,3.65,0.5,2.0,1.0,0.05,0.1,6.0,False,-61.832272585611854,106.2518405845339,198.62399879834692,3.740600485737727e-05,0.6198555240339333,6.980290614426088,51.90704824529945,0.30631033848754774,0.4170143998686492,6.360435090392155,False
PX-82F0FE8F+TM-8B1FD324,PX-82F0FE8F,TM-8B1FD324,6,A,A,A,B,NONE,1100,0001,3.65,0.5,2.0,1.0,0.1,0.05,6.0,False,-61.70187950886874,99.90242433206329,198.5568949037896,3.740696736721102e-05,0.5892928691738782,6.960360936101916,51.89116930703306,0.30631033848754774,0.417811672349906,6.3710680669280375,False
PX-82F0FE8F+TM-6B36D4D2,PX-82F0FE8F,TM-6B36D4D2,6,A,A,A,B,NONE,1100,0001,3.7,0.5,2.0,1.0,0.1,0.1,6.0,False,-61.71383125438454,99.92514110172,198.55633998794468,3.740696736721102e-05,0.5892033365231175,6.9602707014918845,51.8899326174577,0.30631033848754774,0.4178059141854157,6.371067364968766,False
PX-82F0FE8F+TM-93471C56,PX-82F0FE8F,TM-93471C56,6,A,A,A,B,NONE,1100,0001,4.6,0.5,2.0,2.0,0.05,0.05,6.0,False,-62.05495269074646,103.46824287089184,198.57165186812028,3.743997974878538e-05,0.597099633493513,6.576933547071783,49.97325386581704,0.30631033848754774,0.4099327343823346,5.979833913578269,False
PX-82F0FE8F+TM-DC79C298,PX-82F0FE8F,TM-DC79C298,6,A,A,A,B,NONE,1100,0001,4.6499999999999995,0.5,2.0,2.0,0.05,0.1,6.0,False,-62.066577907643854,103.49162310702992,198.57106762623914,3.743997974878538e-05,0.5969942610484568,6.576854712390143,49.97207508582342,0.30631033848754774,0.409927523505545,5.979860451341686,False
PX-82F0FE8F+TM-5E21F537,PX-82F0FE8F,TM-5E21F537,6,A,A,A,B,NONE,1100,0001,4.6499999999999995,0.5,2.0,2.0,0.1,0.05,6.0,False,-61.93049155616382,97.50896535902997,198.50113918132217,3.744094652426457e-05,0.5674741479270398,6.570376049722974,49.96886151267872,0.30631033848754774,0.41075829829733934,6.002901901795934,False
PX-82F0FE8F+TM-C537F674,PX-82F0FE8F,TM-C537F674,6,A,A,A,B,NONE,1100,0001,4.699999999999999,0.5,2.0,2.0,0.1,0.1,6.0,False,-61.94220414704189,97.53123050826899,198.50061176665764,3.744094652426457e-05,0.5674064479426938,6.570297631385918,49.96768286255097,0.30631033848754774,0.4107521297753862,6.002891183443223,False
PX-82F0FE8F+TM-AFD91B7E,PX-82F0FE8F,TM-AFD91B7E,6,A,A,A,B,NONE,1100,0001,5.1,0.5,4.0,0.5,0.05,0.05,6.0,False,-59.784939582012,71.60955417536377,197.75409884457272,3.742622694772375e-05,0.3729177268374277,6.160386918840006,51.51455477421811,0.41796211182176224,0.42404790143557164,5.787469192002578,False
PX-82F0FE8F+TM-43AF6F18,PX-82F0FE8F,TM-43AF6F18,6,A,A,A,B,NONE,1100,0001,5.1499999999999995,0.5,4.0,0.5,0.05,0.1,6.0,False,-59.79714981052931,71.62637435697444,197.75344026302838,3.742622694772375e-05,0.37289515958423025,6.160298992582476,51.51329635824716,0.41796211182176224,0.4240404060966372,5.787403832998245,False
PX-82F0FE8F+TM-955A259B,PX-82F0FE8F,TM-955A259B,6,A,A,A,B,NONE,1100,0001,5.1499999999999995,0.5,4.0,0.5,0.1,0.05,6.0,False,-59.5177363924439,67.93649551408426,197.5771932693473,3.742719133208483e-05,0.3447744209063659,6.122351746212517,51.47364960411143,0.41796211182176224,0.4249319578053342,5.777577325306151,False
PX-82F0FE8F+TM-8C7BDD47,PX-82F0FE8F,TM-8C7BDD47,6,A,A,A,B,NONE,1100,0001,5.199999999999999,0.5,4.0,0.5,0.1,0.1,6.0,False,-59.53006127568014,67.95257320869797,197.5765941940731,3.742719133208483e-05,0.34476941778815134,6.122264958340871,51.47239246280207,0.41796211182176224,0.4249238645831735,5.77749554055272,False
PX-82F0FE8F+TM-1BB52401,PX-82F0FE8F,TM-1BB52401,6,A,A,A,B,NONE,1100,0001,5.6,0.5,4.0,1.0,0.05,0.05,6.0,False,-59.925347582595464,70.83518139804175,197.70530092958631,3.744242719452626e-05,0.3650239399056079,5.757944569413004,48.89338102508054,0.41796211182176224,0.4139019387999353,5.392920629507397,False
PX-82F0FE8F+TM-411F8E1A,PX-82F0FE8F,TM-411F8E1A,6,A,A,A,B,NONE,1100,0001,5.6499999999999995,0.5,4.0,1.0,0.05,0.1,6.0,False,-59.93744556672303,70.8518459527226,197.7046598933554,3.744242719452626e-05,0.36500691507626887,5.7578670998857575,48.89220377894868,0.41796211182176224,0.41389445522070223,5.392860184809488,False
PX-82F0FE8F+TM-6A2FA74D,PX-82F0FE8F,TM-6A2FA74D,6,A,A,A,B,NONE,1100,0001,5.6499999999999995,0.5,4.0,1.0,0.1,0.05,6.0,False,-59.65651957013201,67.25378218042425,197.52944255744126,3.744339858261594e-05,0.3381465399585903,5.74159447624097,48.87990848809364,0.41796211182176224,0.4148509435527521,5.40344793628238,False
PX-82F0FE8F+TM-FE4738D0,PX-82F0FE8F,TM-FE4738D0,6,A,A,A,B,NONE,1100,0001,5.699999999999999,0.5,4.0,1.0,0.1,0.1,6.0,False,-59.66873050373303,67.26972052285359,197.52885539600499,3.744339858261594e-05,0.33814487815661526,5.741517662345998,48.87873165123712,0.41796211182176224,0.41484292478393014,5.403372784189383,False
PX-82F0FE8F+TM-79BBB106,PX-82F0FE8F,TM-79BBB106,6,A,A,A,B,NONE,1100,0001,6.6,0.5,4.0,2.0,0.05,0.05,6.0,False,-60.087154946510545,69.31056986914389,197.60661796178374,3.7476086264277546e-05,0.35004352798836547,5.439443664534827,47.05403621933967,0.41796211182176224,0.40688153106263214,5.089400136546462,False
PX-82F0FE8F+TM-D4148342,PX-82F0FE8F,TM-D4148342,6,A,A,A,B,NONE,1100,0001,6.6499999999999995,0.5,4.0,2.0,0.05,0.1,6.0,False,-60.09903657841832,69.32692649497527,197.606007374204,3.7476086264277546e-05,0.3500356829877104,5.439376504295108,47.05291474152567,0.41796211182176224,0.4068738709728925,5.089340821307398,False
PX-82F0FE8F+TM-7EA05171,PX-82F0FE8F,TM-7EA05171,6,A,A,A,B,NONE,1100,0001,6.6499999999999995,0.5,4.0,2.0,0.1,0.05,6.0,False,-59.81666280355905,65.90806226170477,197.4322472455122,3.747706176809821e-05,0.3254160995877258,5.433652334200711,47.050425703938465,0.41796211182176224,0.4078068397959609,5.108236234612986,False
PX-82F0FE8F+TM-451EE8EE,PX-82F0FE8F,TM-451EE8EE,6,A,A,A,B,NONE,1100,0001,6.699999999999999,0.5,4.0,2.0,0.1,0.1,6.0,False,-59.82865405909965,65.92372476809284,197.43168151906994,3.747706176809821e-05,0.32542014162845784,5.433585571403132,47.04930433352,0.41796211182176224,0.40779874714251596,5.108165429774674,False
PX-82F0FE8F+TM-196A39BD,PX-82F0FE8F,TM-196A39BD,6,A,A,A,B,NONE,1100,0001,9.100000000000001,0.5,8.0,0.5,0.05,0.05,6.0,False,-55.32171438858307,41.28837243798855,191.32000594716857,3.750133895426807e-05,0.0932276933435009,4.755597506599094,47.941322577675734,0.5323161703927647,0.4248591478151329,4.6623698132555935,False
PX-82F0FE8F+TM-49117E35,PX-82F0FE8F,TM-49117E35,6,A,A,A,B,NONE,1100,0001,9.15,0.5,8.0,0.5,0.05,0.1,6.0,False,-55.331869867413616,41.28890670080505,191.31978166921866,3.750133895426807e-05,0.09324701612978128,4.755497055617577,47.9401384110847,0.5323161703927647,0.42484938017304874,4.662250039487796,False
PX-82F0FE8F+TM-BDA8A9EE,PX-82F0FE8F,TM-BDA8A9EE,6,A,A,A,B,NONE,1100,0001,9.15,0.5,8.0,0.5,0.1,0.05,6.0,False,-55.135620595869824,40.47942094233829,190.34284634986943,3.7502319591661465e-05,0.08358407892718206,4.73218250156518,47.9153536744684,0.5323161703927647,0.4256409562422393,4.648598422637999,False
PX-82F0FE8F+TM-5B2918E6,PX-82F0FE8F,TM-5B2918E6,6,A,A,A,B,NONE,1100,0001,9.2,0.5,8.0,0.5,0.1,0.1,6.0,False,-55.14585379591382,40.48031188573263,190.34281852301282,3.7502319591661465e-05,0.08360332580901693,4.7320826552938655,47.914170321716504,0.5323161703927647,0.4256310453692906,4.648479329484848,False
PX-82F0FE8F+TM-60ADACA0,PX-82F0FE8F,TM-60ADACA0,6,A,A,A,B,NONE,1100,0001,9.600000000000001,0.5,8.0,1.0,0.05,0.05,6.0,False,-54.99883982749711,39.19362390098907,191.1007587935311,3.751734538185471e-05,0.09094271501204121,4.519023220980775,45.56222077121549,0.5323161703927647,0.41518627056590407,4.428080505968733,False
PX-82F0FE8F+TM-CA5F92A2,PX-82F0FE8F,TM-CA5F92A2,6,A,A,A,B,NONE,1100,0001,9.65,0.5,8.0,1.0,0.05,0.1,6.0,False,-55.00910602988075,39.1950605493301,191.10057762006866,3.751734538185471e-05,0.0909620624434649,4.518931069856676,45.56111061168295,0.5323161703927647,0.4151766544388591,4.4279690074132105,False
PX-82F0FE8F+TM-D655B7C6,PX-82F0FE8F,TM-D655B7C6,6,A,A,A,B,NONE,1100,0001,9.65,0.5,8.0,1.0,0.1,0.05,6.0,False,-54.84904753058875,38.591771083850105,190.11392877483647,3.751833160223903e-05,0.0816597133361275,4.507479044267095,45.55315643453533,0.5323161703927647,0.4160176952015313,4.425819330930967,False
PX-82F0FE8F+TM-510E8CD6,PX-82F0FE8F,TM-510E8CD6,6,A,A,A,B,NONE,1100,0001,9.7,0.5,8.0,1.0,0.1,0.1,6.0,False,-54.85937827465364,38.59346823874064,190.11394521790976,3.751833160223903e-05,0.08167888808256359,4.507387655585525,45.552046552287464,0.5323161703927647,0.4160079401593806,4.425708767502962,False
PX-82F0FE8F+TM-155C2AC2,PX-82F0FE8F,TM-155C2AC2,6,A,A,A,B,NONE,1100,0001,10.600000000000001,0.5,8.0,2.0,0.05,0.05,6.0,False,-54.597501272446166,36.71097847580228,190.6433010012861,3.75505604843675e-05,0.08651898586300423,4.308326732543768,43.84159854848979,0.5323161703927647,0.40823365055283756,4.2218077466807635,False
PX-82F0FE8F+TM-C4EF8727,PX-82F0FE8F,TM-C4EF8727,6,A,A,A,B,NONE,1100,0001,10.65,0.5,8.0,2.0,0.05,0.1,6.0,False,-54.60969425410963,36.720135746377295,190.64320953038202,3.75505604843675e-05,0.08653830748443202,4.308250986495073,43.840540811783455,0.5323161703927647,0.4082241026263525,4.221712679010641,False
PX-82F0FE8F+TM-2822DBE9,PX-82F0FE8F,TM-2822DBE9,6,A,A,A,B,NONE,1100,0001,10.65,0.5,8.0,2.0,0.1,0.05,6.0,False,-54.410902725523805,36.03599800726025,189.6382903482379,3.755155042457058e-05,0.07793240211981017,4.303697066025529,43.83902426856226,0.5323161703927647,0.4090610456099514,4.225764663905719,False
PX-82F0FE8F+TM-524513CD,PX-82F0FE8F,TM-524513CD,6,A,A,A,B,NONE,1100,0001,10.7,0.5,8.0,2.0,0.1,0.1,6.0,False,-54.42128391100655,36.038566071782355,189.638397632682,3.755155042457058e-05,0.07795137867689267,4.303621912862563,43.83796660899879,0.5323161703927647,0.4090513686231609,4.22567053418567,False
PX-82F0FE8F+TM-C6470215,PX-82F0FE8F,TM-C6470215,6,A,A,A,B,NONE,1100,0001,17.1,0.5,16.0,0.5,0.05,0.05,6.0,False,-51.649465440325464,31.97405864657136,60.43071191405698,3.765697882619228e-05,0.018902661322214784,3.6966364740661306,44.74227644420457,0.627302428166865,0.4322396935121303,3.6777338127439156,False
PX-82F0FE8F+TM-25F81A19,PX-82F0FE8F,TM-25F81A19,6,A,A,A,B,NONE,1100,0001,17.150000000000002,0.5,16.0,0.5,0.05,0.1,6.0,False,-51.65845627769488,31.974565077117497,60.442383574797056,3.765697882619228e-05,0.018906466709225384,3.6963822809641833,44.74116004504617,0.627302428166865,0.43222882395552903,3.677475814254958,False
PX-82F0FE8F+TM-D2B82E1A,PX-82F0FE8F,TM-D2B82E1A,6,A,A,A,B,NONE,1100,0001,17.150000000000002,0.5,16.0,0.5,0.1,0.05,6.0,False,-51.54062694754742,31.970333485373832,58.281736885428934,3.7657983317752326e-05,0.018356723000120992,3.686768638248651,44.72878874183088,0.627302428166865,0.4326732533187224,3.66841191524853,False
PX-82F0FE8F+TM-D9325021,PX-82F0FE8F,TM-D9325021,6,A,A,A,B,NONE,1100,0001,17.200000000000003,0.5,16.0,0.5,0.1,0.1,6.0,False,-51.54964172976116,31.97083996765323,58.29306983191125,3.7657983317752326e-05,0.018360441824358347,3.6865205273357504,44.72767276724998,0.627302428166865,0.43266236588663065,3.668160085511392,False
PX-82F0FE8F+TM-3A6C19DC,PX-82F0FE8F,TM-3A6C19DC,6,A,A,A,B,NONE,1100,0001,17.6,0.5,16.0,1.0,0.05,0.05,6.0,False,-51.62623190585845,31.503586894069773,59.97937454652678,3.767278145060793e-05,0.01879051009533632,3.6091819307479547,42.606563870938345,0.627302428166865,0.4231170458740722,3.5903914206526184,False
PX-82F0FE8F+TM-348A77C8,PX-82F0FE8F,TM-348A77C8,6,A,A,A,B,NONE,1100,0001,17.650000000000002,0.5,16.0,1.0,0.05,0.1,6.0,False,-51.63423184785265,31.501456334134136,59.99097534995328,3.767278145060793e-05,0.018794297914691744,3.608982726568397,42.6055141524867,0.627302428166865,0.42310634589307705,3.5901884286537054,False
PX-82F0FE8F+TM-8FA343F3,PX-82F0FE8F,TM-8FA343F3,6,A,A,A,B,NONE,1100,0001,17.650000000000002,0.5,16.0,1.0,0.1,0.05,6.0,False,-51.51459698256613,31.49171992773423,57.87264228412384,3.767378977365359e-05,0.018255146970944974,3.6033142435164813,42.60152179331092,0.627302428166865,0.4235787998061403,3.5850590965455362,False
PX-82F0FE8F+TM-3497EB27,PX-82F0FE8F,TM-3497EB27,6,A,A,A,B,NONE,1100,0001,17.700000000000003,0.5,16.0,1.0,0.1,0.1,6.0,False,-51.52262371800896,31.48959984620157,57.883909759218454,3.767378977365359e-05,0.018258849577180696,3.603118854737029,42.60047223010205,0.627302428166865,0.42356808168480786,3.5848600051598485,False
PX-82F0FE8F+TM-E5447244,PX-82F0FE8F,TM-E5447244,6,A,A,A,B,NONE,1100,0001,18.6,0.5,16.0,2.0,0.05,0.05,6.0,False,-51.7496029320971,31.365478194304213,59.08755646183666,3.770551270502877e-05,0.01856892306232677,3.5158584755806492,41.00771347182882,0.627302428166865,0.41623131021772275,3.4972895525183225,False
PX-82F0FE8F+TM-94DEFF90,PX-82F0FE8F,TM-94DEFF90,6,A,A,A,B,NONE,1100,0001,18.650000000000002,0.5,16.0,2.0,0.05,0.1,6.0,False,-51.75745169973134,31.363462305631636,59.099016398387484,3.770551270502877e-05,0.018572675958570886,3.5157228088888837,41.00671268312518,0.627302428166865,0.41622073230542667,3.497150132930313,False
PX-82F0FE8F+TM-9D4BCF80,PX-82F0FE8F,TM-9D4BCF80,6,A,A,A,B,NONE,1100,0001,18.650000000000002,0.5,16.0,2.0,0.1,0.05,6.0,False,-51.63867005578807,31.354282244969422,57.06368480654227,3.770652402464e-05,0.018054304095645433,3.5129846041250468,41.00618457379974,0.627302428166865,0.4166956941897397,3.494930300029401,False
PX-82F0FE8F+TM-31115CEF,PX-82F0FE8F,TM-31115CEF,6,A,A,A,B,NONE,1100,0001,18.700000000000003,0.5,16.0,2.0,0.1,0.1,6.0,False,-51.64654459701934,31.352275724824917,57.07482213219872,3.770652402464e-05,0.01805797446447243,3.5128508043765216,41.00518383124986,0.627302428166865,0.4166850986399224,3.494792829912049,False
PX-82F0FE8F+TM-44750E09,PX-82F0FE8F,TM-44750E09,6,A,A,A,B,NONE,1100,0001,2.5999999999999996,1.0,1.0,0.5,0.05,0.05,6.0,False,-61.827440099967674,107.88706530076553,198.93398887147885,3.738088071640463e-05,0.7125401675951802,8.008960443832365,55.61795326221817,0.2675081093114624,0.4299489435943814,7.2964202762371855,False
PX-82F0FE8F+TM-FAB5DC2E,PX-82F0FE8F,TM-FAB5DC2E,6,A,A,A,B,NONE,1100,0001,2.65,1.0,1.0,0.5,0.05,0.1,6.0,False,-61.83950036136924,107.91128143724713,198.93297704704528,3.738088071640463e-05,0.7120310045381594,8.008855026029769,55.61661144283169,0.2675081093114624,0.4299529090310976,7.296824021491609,False
PX-82F0FE8F+TM-AAD78B2B,PX-82F0FE8F,TM-AAD78B2B,6,A,A,A,B,NONE,1100,0001,2.65,1.0,1.0,0.5,0.1,0.05,6.0,False,-61.715452494223044,101.4246718663636,198.8848578360828,3.738183523452276e-05,0.6795990389358604,7.953812819947136,55.55955635555862,0.2675081093114624,0.43059221173922196,7.274213781011276,False
PX-82F0FE8F+TM-B9DD542F,PX-82F0FE8F,TM-B9DD542F,6,A,A,A,B,NONE,1100,0001,2.7,1.0,1.0,0.5,0.1,0.1,6.0,False,-61.72764027651318,101.44769718205369,198.884188070907,3.738183523452276e-05,0.6793500103202307,7.953708974064449,55.55821634485682,0.2675081093114624,0.4305900077763111,7.274358963744219,False
PX-82F0FE8F+TM-921BB415,PX-82F0FE8F,TM-921BB415,6,A,A,A,B,NONE,1100,0001,3.0999999999999996,1.0,1.0,1.0,0.05,0.05,6.0,False,-62.0079563732126,106.49222757153838,198.90160689806805,3.739721507661772e-05,0.6916612079050272,7.411614770851477,52.75692288419676,0.2675081093114624,0.419607910888265,6.719953562946451,False
PX-82F0FE8F+TM-997B1495,PX-82F0FE8F,TM-997B1495,6,A,A,A,B,NONE,1100,0001,3.15,1.0,1.0,1.0,0.05,0.1,6.0,False,-62.01992304155199,106.51618951303021,198.90082327288482,3.739721507661772e-05,0.6913297815356353,7.4115247277502485,52.75566920929098,0.2675081093114624,0.4196078867313754,6.7201949462146136,False
PX-82F0FE8F+TM-DA26960F,PX-82F0FE8F,TM-DA26960F,6,A,A,A,B,NONE,1100,0001,3.15,1.0,1.0,1.0,0.1,0.05,6.0,False,-61.89335216575817,100.21647137292882,198.86080665501623,3.739817750684314e-05,0.6653765322293923,7.39045722627448,52.73870200465049,0.2675081093114624,0.42023185419585407,6.725080694045087,False
PX-82F0FE8F+TM-24EDFB89,PX-82F0FE8F,TM-24EDFB89,6,A,A,A,B,NONE,1100,0001,3.2,1.0,1.0,1.0,0.1,0.1,6.0,False,-61.90542727211865,100.23927008018967,198.8602458516527,3.739817750684314e-05,0.6652047302631621,7.39036789992487,52.7374488790566,0.2675081093114624,0.42022797438535253,6.725163169661708,False
PX-82F0FE8F+TM-F25AD464,PX-82F0FE8F,TM-F25AD464,6,A,A,A,B,NONE,1100,0001,4.1,1.0,1.0,2.0,0.05,0.05,6.0,False,-62.24599387025198,103.7564698666672,198.85659421327023,3.743117686669899e-05,0.6646778094201868,6.980517060677797,50.802324781574434,0.2675081093114624,0.41258296470088024,6.31583925125761,False
PX-82F0FE8F+TM-8889DD51,PX-82F0FE8F,TM-8889DD51,6,A,A,A,B,NONE,1100,0001,4.1499999999999995,1.0,1.0,2.0,0.05,0.1,6.0,False,-62.257744097690924,103.77992846626816,198.85603670682502,3.743117686669899e-05,0.6645092769933083,6.980439154183187,50.80113004857127,0.2675081093114624,0.41257914527692197,6.315929877189879,False
PX-82F0FE8F+TM-E782BC8B,PX-82F0FE8F,TM-E782BC8B,6,A,A,A,B,NONE,1100,0001,4.1499999999999995,1.0,1.0,2.0,0.1,0.05,6.0,False,-62.12647944268258,97.84296616155835,198.82160176993298,3.7432143559936085e-05,0.643482565622206,6.973765736083677,50.797718228829204,0.2675081093114624,0.4131380018231916,6.330283170461471,False
PX-82F0FE8F+TM-A42F8405,PX-82F0FE8F,TM-A42F8405,6,A,A,A,B,NONE,1100,0001,4.199999999999999,1.0,1.0,2.0,0.1,0.1,6.0,False,-62.138321985321284,97.86531626047075,198.82114758259172,3.7432143559936085e-05,0.6433851261623742,6.973688186275805,50.796523631740904,0.2675081093114624,0.4131324303105061,6.3303030601134305,False
PX-82F0FE8F+TM-EE240210,PX-82F0FE8F,TM-EE240210,6,A,A,A,B,NONE,1100,0001,3.5999999999999996,1.0,2.0,0.5,0.05,0.05,6.0,False,-60.960661409012914,87.47186775270171,198.66580869191895,3.739906112507852e-05,0.565041065345803,7.109703901470467,53.576146299449846,0.3406770239849915,0.42679864537357337,6.544662836124664,False
PX-82F0FE8F+TM-20D6F9FE,PX-82F0FE8F,TM-20D6F9FE,6,A,A,A,B,NONE,1100,0001,3.65,1.0,2.0,0.5,0.05,0.1,6.0,False,-60.97284681292161,87.49199790040545,198.66517117422748,3.739906112507852e-05,0.5649033584042877,7.109610738318397,53.5748459821224,0.3406770239849915,0.42679408073694125,6.54470737991411,False
PX-82F0FE8F+TM-06A31967,PX-82F0FE8F,TM-06A31967,6,A,A,A,B,NONE,1100,0001,3.65,1.0,2.0,0.5,0.1,0.05,6.0,False,-60.772481583098894,82.66545985786222,198.57801896178356,3.740002068661136e-05,0.5289640729275974,7.062570348622349,53.52598706460064,0.3406770239849915,0.42766559545376803,6.533606275694751,False
PX-82F0FE8F+TM-BBEC3DF4,PX-82F0FE8F,TM-BBEC3DF4,6,A,A,A,B,NONE,1100,0001,3.7,1.0,2.0,0.5,0.1,0.1,6.0,False,-60.78478090132221,82.68465542053485,198.5774898473309,3.740002068661136e-05,0.5288910738713485,7.06247853679391,53.5246883050815,0.3406770239849915,0.427659323501222,6.533587462922562,False
PX-82F0FE8F+TM-63823495,PX-82F0FE8F,TM-63823495,6,A,A,A,B,NONE,1100,0001,4.1,1.0,2.0,1.0,0.05,0.05,6.0,False,-61.122673640889644,86.44742711917566,198.6363565831307,3.741532121467547e-05,0.5529421482922964,6.60367263260343,50.83454751008328,0.3406770239849915,0.41650117539334464,6.050730484311133,False
PX-82F0FE8F+TM-F396C77F,PX-82F0FE8F,TM-F396C77F,6,A,A,A,B,NONE,1100,0001,4.1499999999999995,1.0,2.0,1.0,0.05,0.1,6.0,False,-61.134746184276004,86.46735961716614,198.63578683021524,3.741532121467547e-05,0.5528405504078404,6.603592430866216,50.83333185898647,0.3406770239849915,0.4164958489883501,6.050751880458376,False
PX-82F0FE8F+TM-E27A80B9,PX-82F0FE8F,TM-E27A80B9,6,A,A,A,B,NONE,1100,0001,4.1499999999999995,1.0,2.0,1.0,0.1,0.05,6.0,False,-60.93163240376588,81.7696287971107,198.54969089835487,3.741628820760433e-05,0.5187326113206673,6.584718106243533,50.818529553012525,0.3406770239849915,0.41744525802357935,6.065985494922866,False
PX-82F0FE8F+TM-6355F1E0,PX-82F0FE8F,TM-6355F1E0,6,A,A,A,B,NONE,1100,0001,4.199999999999999,1.0,2.0,1.0,0.1,0.1,6.0,False,-60.94381337126444,81.78864792215806,198.54918251763726,3.741628820760433e-05,0.5186722028406094,6.584638559008898,50.81731438646097,0.3406770239849915,0.4174388431125399,6.065966356168289,False
PX-82F0FE8F+TM-0AABD2BC,PX-82F0FE8F,TM-0AABD2BC,6,A,A,A,B,NONE,1100,0001,5.1,1.0,2.0,2.0,0.05,0.05,6.0,False,-61.32433090185582,84.4339691691689,198.57839197342778,3.7449116160501594e-05,0.5305979140154353,6.224466119392916,48.937927198623704,0.3406770239849915,0.4095101152538495,5.6938682053774805,False
PX-82F0FE8F+TM-110F17FD,PX-82F0FE8F,TM-110F17FD,6,A,A,A,B,NONE,1100,0001,5.1499999999999995,1.0,2.0,2.0,0.05,0.1,6.0,False,-61.33617640279403,84.45351058765839,198.57785796136784,3.7449116160501594e-05,0.5305227844542082,6.224396760734942,48.936768886259614,0.3406770239849915,0.4095042379896694,5.693873976280734,False
PX-82F0FE8F+TM-763E5EED,PX-82F0FE8F,TM-763E5EED,6,A,A,A,B,NONE,1100,0001,5.1499999999999995,1.0,2.0,2.0,0.1,0.05,6.0,False,-61.12938397372975,80.00654367737964,198.4943628396297,3.7450087349358116e-05,0.4998643673904988,6.218158248904665,48.933772597355905,0.3406770239849915,0.41041709012796146,5.718293881514166,False
PX-82F0FE8F+TM-D98DE9F2,PX-82F0FE8F,TM-D98DE9F2,6,A,A,A,B,NONE,1100,0001,5.199999999999999,1.0,2.0,2.0,0.1,0.1,6.0,False,-61.14133604762841,80.02521362253167,198.4938875912084,3.7450087349358116e-05,0.4998235835552222,6.2180892330698665,48.9326144080135,0.3406770239849915,0.4104102716345051,5.7182656495146444,False
PX-82F0FE8F+TM-7DB9C892,PX-82F0FE8F,TM-7DB9C892,6,A,A,A,B,NONE,1100,0001,5.6,1.0,4.0,0.5,0.05,0.05,6.0,False,-58.74284266034303,60.51478845173821,197.69990175251792,3.743598315094616e-05,0.3229243272864831,5.908989692352701,50.71797803694819,0.436906511282152,0.4244389006332534,5.586065365066219,False
PX-82F0FE8F+TM-C248EAA0,PX-82F0FE8F,TM-C248EAA0,6,A,A,A,B,NONE,1100,0001,5.6499999999999995,1.0,4.0,0.5,0.05,0.1,6.0,False,-58.7553106598751,60.52923986216,197.69930884460723,3.743598315094616e-05,0.32291670792339383,5.908910601962733,50.71673637564125,0.436906511282152,0.4244309157713255,5.585993894039338,False
PX-82F0FE8F+TM-C7D731DB,PX-82F0FE8F,TM-C7D731DB,6,A,A,A,B,NONE,1100,0001,5.6499999999999995,1.0,4.0,0.5,0.1,0.05,6.0,False,-58.51552197346553,58.43904346655163,197.50820573071215,3.743695184993407e-05,0.29742384890908463,5.873346357124288,50.6796870757592,0.436906511282152,0.42530871041335083,5.5759225082152035,False
PX-82F0FE8F+TM-56922EC3,PX-82F0FE8F,TM-56922EC3,6,A,A,A,B,NONE,1100,0001,5.699999999999999,1.0,4.0,0.5,0.1,0.1,6.0,False,-58.52658909661621,58.440332726491405,197.50766071890538,3.743695184993407e-05,0.29742845475686774,5.873268245749812,50.67844660861247,0.436906511282152,0.4253002610361272,5.575839790992944,False
PX-82F0FE8F+TM-C033A5CE,PX-82F0FE8F,TM-C033A5CE,6,A,A,A,B,NONE,1100,0001,6.1,1.0,4.0,1.0,0.05,0.05,6.0,False,-58.87085334828541,59.92399008841064,197.64940400532583,3.745212098377435e-05,0.31605006807594094,5.533337402471657,48.154991148394814,0.436906511282152,0.4144295900327625,5.217287334395717,False
PX-82F0FE8F+TM-1FC706E9,PX-82F0FE8F,TM-1FC706E9,6,A,A,A,B,NONE,1100,0001,6.1499999999999995,1.0,4.0,1.0,0.05,0.1,6.0,False,-58.88320862070808,59.93831881918691,197.64882433458183,3.745212098377435e-05,0.31604613878208776,5.533267548432001,48.15382891680283,0.436906511282152,0.41442166220420945,5.2172214096499125,False
PX-82F0FE8F+TM-B88B8F46,PX-82F0FE8F,TM-B88B8F46,6,A,A,A,B,NONE,1100,0001,6.1499999999999995,1.0,4.0,1.0,0.1,0.05,6.0,False,-58.553761317296974,57.15275745875415,197.45797223907445,3.74530962734547e-05,0.29160573217259517,5.517743469571284,48.14228634160401,0.436906511282152,0.41536288965999413,5.226137737398689,False
PX-82F0FE8F+TM-7C8FA852,PX-82F0FE8F,TM-7C8FA852,6,A,A,A,B,NONE,1100,0001,6.199999999999999,1.0,4.0,1.0,0.1,0.1,6.0,False,-58.56621951121016,57.166506806445064,197.45743693468137,3.74530962734547e-05,0.2916126202969444,5.517674184678498,48.14112449635211,0.436906511282152,0.41535453936920097,5.226061564381554,False
PX-82F0FE8F+TM-C880C6CB,PX-82F0FE8F,TM-C880C6CB,6,A,A,A,B,NONE,1100,0001,7.1,1.0,4.0,2.0,0.05,0.05,6.0,False,-59.01043382576591,58.75894718197179,197.54627665622903,3.7485638925104235e-05,0.30288783750984766,5.231419165228932,46.34531944695369,0.436906511282152,0.40744777689236056,4.928531327719083,False
PX-82F0FE8F+TM-B5B2535D,PX-82F0FE8F,TM-B5B2535D,6,A,A,A,B,NONE,1100,0001,7.1499999999999995,1.0,4.0,2.0,0.05,0.1,6.0,False,-59.02257143671633,58.77303308262481,197.54572082860128,3.7485638925104235e-05,0.3028901506136041,5.231358734092523,46.34421213382175,0.436906511282152,0.4074397472731745,4.928468583478918,False
PX-82F0FE8F+TM-E815F632,PX-82F0FE8F,TM-E815F632,6,A,A,A,B,NONE,1100,0001,7.1499999999999995,1.0,4.0,2.0,0.1,0.05,6.0,False,-58.694460782156035,56.11656869523771,197.3549883383265,3.7486618234243306e-05,0.2803661580379488,5.225823639822525,46.341889126189805,0.436906511282152,0.4083619350207599,4.945457481784575,False
PX-82F0FE8F+TM-72CDF500,PX-82F0FE8F,TM-72CDF500,6,A,A,A,B,NONE,1100,0001,7.199999999999999,1.0,4.0,2.0,0.1,0.1,6.0,False,-58.70669736963167,56.130099597913144,197.35447114647195,3.7486618234243306e-05,0.28037699641071057,5.225763548410167,46.34078191520011,0.436906511282152,0.4083535546595209,4.945386551999457,False
PX-82F0FE8F+TM-CB483D6B,PX-82F0FE8F,TM-CB483D6B,6,A,A,A,B,NONE,1100,0001,9.600000000000001,1.0,8.0,0.5,0.05,0.05,6.0,False,-54.577384242766094,38.206883189321374,190.63846386901946,3.751162267050907e-05,0.07708154507019722,4.63620036788864,47.44724036686752,0.5389965604151912,0.4258762275296194,4.559118822818443,False
PX-82F0FE8F+TM-C12CB0FE,PX-82F0FE8F,TM-C12CB0FE,6,A,A,A,B,NONE,1100,0001,9.65,1.0,8.0,0.5,0.05,0.1,6.0,False,-54.58731815147884,38.2069733113351,190.63846430349057,3.751162267050907e-05,0.07709962469958555,4.636099522258205,47.44606681152318,0.5389965604151912,0.4258662995557463,4.5589998975586195,False
PX-82F0FE8F+TM-5F6B6BDD,PX-82F0FE8F,TM-5F6B6BDD,6,A,A,A,B,NONE,1100,0001,9.65,1.0,8.0,0.5,0.1,0.05,6.0,False,-54.38507961657352,37.467289452145664,189.57839720843873,3.751260664587188e-05,0.06909365703420356,4.614024400505913,47.422614008983466,0.5389965604151912,0.4266404942332518,4.544930743471708,False
PX-82F0FE8F+TM-F04B7ADB,PX-82F0FE8F,TM-F04B7ADB,6,A,A,A,B,NONE,1100,0001,9.7,1.0,8.0,0.5,0.1,0.1,6.0,False,-54.39510498667425,37.46775925592375,189.57859425154876,3.751260664587188e-05,0.06911116908372843,4.61392415966584,47.42144122567635,0.5389965604151912,0.4266304352907929,4.544812990582111,False
PX-82F0FE8F+TM-B3E3F2CC,PX-82F0FE8F,TM-B3E3F2CC,6,A,A,A,B,NONE,1100,0001,10.100000000000001,1.0,8.0,1.0,0.05,0.05,6.0,False,-54.29118097076592,36.48488380195246,190.40188955746834,3.752758918443142e-05,0.0751980191502466,4.413445925690888,45.10868453024318,0.5389965604151912,0.41631828839036433,4.338247906540642,False
PX-82F0FE8F+TM-C33ABC3A,PX-82F0FE8F,TM-C33ABC3A,6,A,A,A,B,NONE,1100,0001,10.15,1.0,8.0,1.0,0.05,0.1,6.0,False,-54.301224013872655,36.48580501350253,190.40193432486512,3.752758918443142e-05,0.07521600401893498,4.41335373855396,45.10758375145441,0.5389965604151912,0.4163085130238985,4.338137734535025,False
PX-82F0FE8F+TM-52CA0F9D,PX-82F0FE8F,TM-52CA0F9D,6,A,A,A,B,NONE,1100,0001,10.15,1.0,8.0,1.0,0.1,0.05,6.0,False,-54.13380840270639,35.91757160550889,189.3341171033744,3.752857845359261e-05,0.06752614503052036,4.402388521207055,45.10005002358924,0.5389965604151912,0.41712991670246324,4.334862376176535,False
PX-82F0FE8F+TM-708B0FD8,PX-82F0FE8F,TM-708B0FD8,6,A,A,A,B,NONE,1100,0001,10.2,1.0,8.0,1.0,0.1,0.1,6.0,False,-54.143920070676224,35.918751026114016,189.33435555759323,3.752857845359261e-05,0.06754349250765368,4.402297205561817,45.09894950906098,0.5389965604151912,0.41712001375825647,4.334753713054163,False
PX-82F0FE8F+TM-1AFAF179,PX-82F0FE8F,TM-1AFAF179,6,A,A,A,B,NONE,1100,0001,11.100000000000001,1.0,8.0,2.0,0.05,0.05,6.0,False,-53.848928631043805,34.121101080985156,189.91016215107246,3.7560712292204405e-05,0.0715644380902748,4.212955016103765,43.40923145791561,0.5389965604151912,0.40940760890546135,4.141390578013491,False
PX-82F0FE8F+TM-158ED388,PX-82F0FE8F,TM-158ED388,6,A,A,A,B,NONE,1100,0001,11.15,1.0,8.0,2.0,0.05,0.1,6.0,False,-53.85905237270997,34.12298836275497,189.91029669049072,3.7560712292204405e-05,0.07158217396045026,4.212880640625859,43.40818248485409,0.5389965604151912,0.40939790694727407,4.141298466665409,False
PX-82F0FE8F+TM-90D37102,PX-82F0FE8F,TM-90D37102,6,A,A,A,B,NONE,1100,0001,11.15,1.0,8.0,2.0,0.1,0.05,6.0,False,-53.73432192434368,33.742027166784,188.82937264365341,3.7561705178342255e-05,0.06450352164950253,4.208485501718876,43.406768608767045,0.5389965604151912,0.41021587724604985,4.143981980069373,False
PX-82F0FE8F+TM-AE5CD5B5,PX-82F0FE8F,TM-AE5CD5B5,6,A,A,A,B,NONE,1100,0001,11.2,1.0,8.0,2.0,0.1,0.1,6.0,False,-53.74448574153364,33.744049229694475,188.82969229302512,3.7561705178342255e-05,0.06452049588702388,4.2084117489186905,43.405719709548805,0.5389965604151912,0.41020605582810143,4.143891253031667,False
PX-82F0FE8F+TM-AB4A116E,PX-82F0FE8F,TM-AB4A116E,6,A,A,A,B,NONE,1100,0001,17.6,1.0,16.0,0.5,0.05,0.05,6.0,False,-51.62358557496917,32.07802545784365,57.74253730928521,3.766790219395331e-05,0.017850546320096996,3.653095554282005,44.437601130114544,0.6267362601600998,0.43313247241651853,3.6352450079619083,False
PX-82F0FE8F+TM-CEB21E95,PX-82F0FE8F,TM-CEB21E95,6,A,A,A,B,NONE,1100,0001,17.650000000000002,1.0,16.0,0.5,0.05,0.1,6.0,False,-51.63251777573427,32.07853361219327,57.75378144879738,3.766790219395331e-05,0.01785416030897679,3.652843673218163,44.436491397470085,0.6267362601600998,0.4331215786382734,3.6349895129091863,False
PX-82F0FE8F+TM-C3BA9D91,PX-82F0FE8F,TM-C3BA9D91,6,A,A,A,B,NONE,1100,0001,17.650000000000002,1.0,16.0,0.5,0.1,0.05,6.0,False,-51.513112498824896,32.07467858675492,55.77409023464863,3.766890889458545e-05,0.017351610973683637,3.6436879508272475,44.424638936323454,0.6267362601600998,0.4335471660236755,3.626336339853564,False
PX-82F0FE8F+TM-63DEB74E,PX-82F0FE8F,TM-63DEB74E,6,A,A,A,B,NONE,1100,0001,17.700000000000003,1.0,16.0,0.5,0.1,0.1,6.0,False,-51.5220670963735,32.07518678754729,55.785018671875896,3.766890889458545e-05,0.01735514454776452,3.6434420815317927,44.42352961176135,0.6267362601600998,0.4335362557080264,3.626086936984028,False
PX-82F0FE8F+TM-01D98488,PX-82F0FE8F,TM-01D98488,6,A,A,A,B,NONE,1100,0001,18.1,1.0,16.0,1.0,0.05,0.05,6.0,False,-51.71031754413916,31.938015128193598,57.33155374201786,3.7683685902623915e-05,0.017748647031603917,3.5703638683438683,42.32946777576681,0.6267362601600998,0.42409708349461506,3.5526152213122644,False
PX-82F0FE8F+TM-BA002B5E,PX-82F0FE8F,TM-BA002B5E,6,A,A,A,B,NONE,1100,0001,18.150000000000002,1.0,16.0,1.0,0.05,0.1,6.0,False,-51.71834039362109,31.936087900445255,57.342732187280774,3.7683685902623915e-05,0.0177522447803745,3.5701677131667435,42.32842387882041,0.6267362601600998,0.42408635784417725,3.552415468386369,False
PX-82F0FE8F+TM-E7B2BECF,PX-82F0FE8F,TM-E7B2BECF,6,A,A,A,B,NONE,1100,0001,18.150000000000002,1.0,16.0,1.0,0.1,0.05,6.0,False,-51.59753862053065,31.927440542544744,55.400700776130186,3.7684696281609416e-05,0.01725911747732925,3.564724186254571,42.324611250729184,0.6267362601600998,0.4245390157471449,3.5474650687772415,False
PX-82F0FE8F+TM-2B62A45C,PX-82F0FE8F,TM-2B62A45C,6,A,A,A,B,NONE,1100,0001,18.200000000000003,1.0,16.0,1.0,0.1,0.1,6.0,False,-51.60558599368982,31.925521607795492,55.41156848477644,3.7684696281609416e-05,0.01726263605433582,3.564532185513595,42.32356750333716,0.6267362601600998,0.42452827327740783,3.547269549459259,False
PX-82F0FE8F+TM-7D68BB68,PX-82F0FE8F,TM-7D68BB68,6,A,A,A,B,NONE,1100,0001,19.1,1.0,16.0,2.0,0.05,0.05,6.0,False,-51.83631467390677,31.813376972989566,56.51905663325272,3.771637185462051e-05,0.01754721708927466,3.481298222132361,40.745452304149225,0.6267362601600998,0.4172459991575572,3.4637510050430866,False
PX-82F0FE8F+TM-068E4492,PX-82F0FE8F,TM-068E4492,6,A,A,A,B,NONE,1100,0001,19.150000000000002,1.0,16.0,2.0,0.05,0.1,6.0,False,-51.844180352185404,31.81154117387101,56.5301044926512,3.771637185462051e-05,0.017550782558716498,3.481165647072553,40.74445689884932,0.6267362601600998,0.41723539535462495,3.4636148645138367,False
PX-82F0FE8F+TM-21FEE948,PX-82F0FE8F,TM-21FEE948,6,A,A,A,B,NONE,1100,0001,19.150000000000002,1.0,16.0,2.0,0.1,0.05,6.0,False,-51.724405286215465,31.803326509854656,54.66200411466453,3.771738515538533e-05,0.0170761521767616,3.478518794255536,40.743976475916796,0.6267362601600998,0.4176907581675239,3.461442642078774,False
PX-82F0FE8F+TM-3AADCFB9,PX-82F0FE8F,TM-3AADCFB9,6,A,A,A,B,NONE,1100,0001,19.200000000000003,1.0,16.0,2.0,0.1,0.1,6.0,False,-51.73229456637799,31.801498226423323,54.672751109196874,3.771738515538533e-05,0.01707964094561076,3.478388159776605,40.742981115179376,0.6267362601600998,0.4176801379759486,3.4613085188309944,False
PX-7A2E8337+TM-03DCFE76,PX-7A2E8337,TM-03DCFE76,7,A,A,A,B,B,1110,1001,2.0999999999999996,0.5,1.0,0.5,0.05,0.05,6.0,True,64.26276699647504,35.897103647348246,5.750942684070871e-07,3.906662949534846e-05,25.640888014498028,149.09929480017817,378.09234669581747,0.4515918186070819,0.8235863441533782,123.45840678568014,True
PX-7A2E8337+TM-EE5F79B6,PX-7A2E8337,TM-EE5F79B6,7,A,A,A,B,B,1110,1001,2.15,0.5,1.0,0.5,0.05,0.1,6.0,True,64.23997702690698,35.897150127534154,3.237998296815219e-06,3.906662949534846e-05,25.640975533405044,149.09911757596032,377.5432167366874,0.4515918186070819,0.8227825617446678,123.45814204255528,False
PX-7A2E8337+TM-C987E146,PX-7A2E8337,TM-C987E146,7,A,A,A,B,B,1110,1001,2.15,0.5,1.0,0.5,0.1,0.05,6.0,True,64.24792526622005,35.903838613413335,2.2372867911563383e-09,3.9067445840653543e-05,25.552278701369683,149.00480218337896,377.6949185845891,0.4515918186070819,0.8235079060656938,123.45252348200927,False
PX-7A2E8337+TM-BA2906EC,PX-7A2E8337,TM-BA2906EC,7,A,A,A,B,B,1110,1001,2.2,0.5,1.0,0.5,0.1,0.1,6.0,True,64.24321565560915,35.90388313864622,4.978339211753574e-06,3.9067445840653543e-05,25.5523691451088,149.00462713785336,378.06153184762144,0.4515918186070819,0.8240333128991988,123.45225799274458,False
PX-7A2E8337+TM-B1B82082,PX-7A2E8337,TM-B1B82082,7,A,A,A,B,B,1110,1001,2.5999999999999996,0.5,1.0,1.0,0.05,0.05,6.0,True,64.07267797220429,36.10742196241613,1.8334202905704077e-06,3.9089630812916786e-05,25.28136855759914,147.90339376077912,376.09454680259506,0.4515918186070819,0.8226716315424403,122.62202520317997,False
PX-7A2E8337+TM-3ADEC45D,PX-7A2E8337,TM-3ADEC45D,7,A,A,A,B,B,1110,1001,2.65,0.5,1.0,1.0,0.05,0.1,6.0,True,64.0624636365012,36.107455099464644,1.439936398178718e-06,3.9089630812916786e-05,25.281467448377338,147.9032433245732,376.17170800513827,0.4515918186070819,0.822782144853275,122.62177587619584,False
PX-7A2E8337+TM-BC2BA4B2,PX-7A2E8337,TM-BC2BA4B2,7,A,A,A,B,B,1110,1001,2.65,0.5,1.0,1.0,0.1,0.05,6.0,True,64.06302162991346,36.11199264992748,5.274806626517934e-08,3.909045183720105e-05,25.245616928961166,147.87362671660875,376.1219079142537,0.4515918186070819,0.8229177333289442,122.62800978764758,False
PX-7A2E8337+TM-8103AB33,PX-7A2E8337,TM-8103AB33,7,A,A,A,B,B,1110,1001,2.7,0.5,1.0,1.0,0.1,0.1,6.0,True,64.0511672816241,36.112025040212735,9.470606040563843e-07,3.909045183720105e-05,25.245716856581524,147.8734769195564,376.11536117811175,0.4515918186070819,0.8229064494295958,122.6277600629749,False
PX-7A2E8337+TM-514F25E6,PX-7A2E8337,TM-514F25E6,7,A,A,A,B,B,1110,1001,3.5999999999999996,0.5,1.0,2.0,0.05,0.05,6.0,True,63.78655746485862,36.28432630089332,2.190350394787633e-07,3.9137579484347356e-05,25.020509604991407,147.13909584648727,374.83830796313464,0.4515918186070819,0.8223140892543259,122.11858624149586,False
PX-7A2E8337+TM-37A2F2BC,PX-7A2E8337,TM-37A2F2BC,7,A,A,A,B,B,1110,1001,3.65,0.5,1.0,2.0,0.05,0.1,6.0,True,63.76734148122939,36.28435059435223,3.6914884956945115e-07,3.9137579484347356e-05,25.02061550137682,147.1389611240634,374.4456449235461,0.4515918186070819,0.8217398476010168,122.11834562268658,False
PX-7A2E8337+TM-8041B5D5,PX-7A2E8337,TM-8041B5D5,7,A,A,A,B,B,1110,1001,3.65,0.5,1.0,2.0,0.1,0.05,6.0,True,63.761920975534906,36.28573171384795,5.3972870840890524e-08,3.913836054913822e-05,25.008418908014484,147.1315819354404,374.14536696515665,0.4515918186070819,0.8213687670231313,122.12316302742592,False
PX-7A2E8337+TM-AC550B76,PX-7A2E8337,TM-AC550B76,7,A,A,A,B,B,1110,1001,3.7,0.5,1.0,2.0,0.1,0.1,6.0,True,63.75899935352191,36.285755827948826,4.885174154876698e-08,3.913836054913822e-05,25.008525090810018,147.13144736017782,374.5720117862179,0.4515918186070819,0.8219945472523672,122.1229222693678,False
PX-7A2E8337+TM-C84B98D5,PX-7A2E8337,TM-C84B98D5,7,A,A,A,B,B,1110,1001,3.0999999999999996,0.5,2.0,0.5,0.05,0.05,6.0,True,68.66843421988904,29.326500866079087,1.8069611553209996e-09,3.907376988934078e-05,14.848737624630127,121.04654159766929,332.20154554774524,0.6543961095238149,0.8232585788061436,106.19780397303917,True
PX-7A2E8337+TM-A9341DA7,PX-7A2E8337,TM-A9341DA7,7,A,A,A,B,B,1110,1001,3.15,0.5,2.0,0.5,0.05,0.1,6.0,True,68.65442172619267,29.3333934650269,1.8063371992140445e-09,3.907376988934078e-05,14.848005230191372,121.04641459568,332.2031544274806,0.6543961095238149,0.8232664527754474,106.19840936548863,False
PX-7A2E8337+TM-38DE3A46,PX-7A2E8337,TM-38DE3A46,7,A,A,A,B,B,1110,1001,3.15,0.5,2.0,0.5,0.1,0.05,6.0,True,68.68556668686925,29.264434977819082,1.8107566287442142e-09,3.907461556675553e-05,14.778784358090146,120.96703511194065,332.13260188310016,0.6543961095238149,0.8236719785787159,106.18825075385048,True
PX-7A2E8337+TM-4F91BE19,PX-7A2E8337,TM-4F91BE19,7,A,A,A,B,B,1110,1001,3.2,0.5,2.0,0.5,0.1,0.1,6.0,True,68.67196478441872,29.2702028110421,1.8107060698563904e-09,3.907461556675553e-05,14.77819199334087,120.96690997282778,332.13410722324926,0.6543961095238149,0.82367866816075,106.18871797948691,False
PX-7A2E8337+TM-D35760D5,PX-7A2E8337,TM-D35760D5,7,A,A,A,B,B,1110,1001,3.5999999999999996,0.5,2.0,1.0,0.05,0.05,6.0,True,68.4629867353136,29.508475706570824,1.7992987147974718e-09,3.9094985488750875e-05,14.654710530065246,120.07513597981435,330.19444344340775,0.6543961095238149,0.8215520830375466,105.42042544974909,False
PX-7A2E8337+TM-A41837FA,PX-7A2E8337,TM-A41837FA,7,A,A,A,B,B,1110,1001,3.65,0.5,2.0,1.0,0.05,0.1,6.0,True,68.45021563464158,29.51222911222388,1.798697933522934e-09,3.9094985488750875e-05,14.654362732193679,120.07503106889965,330.1941888837574,0.6543961095238149,0.8215542464349261,105.42066833670596,False
PX-7A2E8337+TM-8B1FD324,PX-7A2E8337,TM-8B1FD324,7,A,A,A,B,B,1110,1001,3.65,0.5,2.0,1.0,0.1,0.05,6.0,True,68.46856206762504,29.470460009849997,1.8020693849230985e-09,3.909584197326983e-05,14.621346203683231,120.04818679113147,330.1744899721904,0.6543961095238149,0.8217709620702711,105.42684058744825,False
PX-7A2E8337+TM-6B36D4D2,PX-7A2E8337,TM-6B36D4D2,7,A,A,A,B,B,1110,1001,3.7,0.5,2.0,1.0,0.1,0.1,6.0,True,68.45597753634416,29.473724132320033,1.8020143566895771e-09,3.909584197326983e-05,14.62105824697253,120.04808246707705,330.1742258777396,0.6543961095238149,0.8217726684963818,105.42702422010451,False
PX-7A2E8337+TM-93471C56,PX-7A2E8337,TM-93471C56,7,A,A,A,B,B,1110,1001,4.6,0.5,2.0,2.0,0.05,0.05,6.0,True,68.1715349438724,29.659534624431654,1.7966645107080895e-09,3.913926578991969e-05,14.495720746490573,119.42462451554289,328.95476810314835,0.6543961095238149,0.8207931929754047,104.92890376905231,False
PX-7A2E8337+TM-DC79C298,PX-7A2E8337,TM-DC79C298,7,A,A,A,B,B,1110,1001,4.6499999999999995,0.5,2.0,2.0,0.05,0.1,6.0,True,68.15979104222068,29.661184870436113,1.7993240172159537e-09,3.913926578991969e-05,14.495626109150448,119.4245331523232,328.9541312362306,0.6543961095238149,0.8207928849273476,104.92890704317276,False
PX-7A2E8337+TM-5E21F537,PX-7A2E8337,TM-5E21F537,7,A,A,A,B,B,1110,1001,4.6499999999999995,0.5,2.0,2.0,0.1,0.05,6.0,True,68.16973698687877,29.637548063496695,1.7992118988558967e-09,3.914010116563155e-05,14.482277279489495,119.41725142391255,328.9502955657198,0.6543961095238149,0.820887509591662,104.93497414442305,False
PX-7A2E8337+TM-C537F674,PX-7A2E8337,TM-C537F674,7,A,A,A,B,B,1110,1001,4.699999999999999,0.5,2.0,2.0,0.1,0.1,6.0,True,68.15805535140532,29.63906032096626,1.8006380739488707e-09,3.914010116563155e-05,14.48219942711246,119.4171602065768,328.9496579555034,0.6543961095238149,0.8208870753266172,104.93496077946433,False
PX-7A2E8337+TM-AFD91B7E,PX-7A2E8337,TM-AFD91B7E,7,A,A,A,B,B,1110,1001,5.1,0.5,4.0,0.5,0.05,0.05,6.0,True,76.29779412320632,17.808828695237754,1.2430629663228505e-09,3.909715936533301e-05,7.29365992362386,92.71453450448139,282.83880823406105,0.8284078997804247,0.8089348235533518,85.42087458085753,True
PX-7A2E8337+TM-43AF6F18,PX-7A2E8337,TM-43AF6F18,7,A,A,A,B,B,1110,1001,5.1499999999999995,0.5,4.0,0.5,0.05,0.1,6.0,True,76.28233749758564,17.816701925026475,1.2415318512059182e-09,3.909715936533301e-05,7.292327805945089,92.71445731489295,282.83811654226895,0.8284078997804247,0.8089478131489902,85.42212950894786,False
PX-7A2E8337+TM-955A259B,PX-7A2E8337,TM-955A259B,7,A,A,A,B,B,1110,1001,5.1499999999999995,0.5,4.0,0.5,0.1,0.05,6.0,True,76.34081225135407,17.726560739109935,1.2490205985251571e-09,3.9098049722787144e-05,7.2470820223420125,92.6550762063518,282.78974224596277,0.8284078997804247,0.8093474669179921,85.4079941840098,True
PX-7A2E8337+TM-8C7BDD47,PX-7A2E8337,TM-8C7BDD47,7,A,A,A,B,B,1110,1001,5.199999999999999,0.5,4.0,0.5,0.1,0.1,6.0,True,76.32530072656871,17.734398878371373,1.2489543206774486e-09,3.9098049722787144e-05,7.246274463500757,92.65500045397187,282.78905136076156,0.8284078997804247,0.8093549070898994,85.40872599047111,False
PX-7A2E8337+TM-1BB52401,PX-7A2E8337,TM-1BB52401,7,A,A,A,B,B,1110,1001,5.6,0.5,4.0,1.0,0.05,0.05,6.0,True,76.03783594222445,18.010361443411803,1.2347974794376496e-09,3.911650158296424e-05,7.247692542593673,92.01845118229461,281.123118765197,0.8284078997804247,0.8065009639917482,84.77075863970094,False
PX-7A2E8337+TM-411F8E1A,PX-7A2E8337,TM-411F8E1A,7,A,A,A,B,B,1110,1001,5.6499999999999995,0.5,4.0,1.0,0.05,0.1,6.0,True,76.02444906495394,18.014861034444134,1.234833034372455e-09,3.911650158296424e-05,7.246880972317171,92.01839027921417,281.1224540891664,0.8284078997804247,0.8065084878433242,84.77150930689702,False
PX-7A2E8337+TM-6A2FA74D,PX-7A2E8337,TM-6A2FA74D,7,A,A,A,B,B,1110,1001,5.6499999999999995,0.5,4.0,1.0,0.1,0.05,6.0,True,76.08113704785359,17.92506516227664,1.2427161707715117e-09,3.9117405608650296e-05,7.215221476023508,91.99573064111551,281.107949543227,0.8284078997804247,0.8068218838862884,84.780509165092,False
PX-7A2E8337+TM-FE4738D0,PX-7A2E8337,TM-FE4738D0,7,A,A,A,B,B,1110,1001,5.699999999999999,0.5,4.0,1.0,0.1,0.1,6.0,True,76.06756420022123,17.929821041553325,1.2432882410323625e-09,3.9117405608650296e-05,7.214695889890224,91.99567024589385,281.10728510066224,0.8284078997804247,0.8068263698094136,84.78097435600361,False
PX-7A2E8337+TM-79BBB106,PX-7A2E8337,TM-79BBB106,7,A,A,A,B,B,1110,1001,6.6,0.5,4.0,2.0,0.05,0.05,6.0,True,75.69981559073537,18.192202105756035,1.2294476365829737e-09,3.91568878901283e-05,7.195734983804517,91.51043497400681,280.0242838448387,0.8284078997804247,0.8051792157583415,84.3146999902023,False
PX-7A2E8337+TM-D4148342,PX-7A2E8337,TM-D4148342,7,A,A,A,B,B,1110,1001,6.6499999999999995,0.5,4.0,2.0,0.05,0.1,6.0,True,75.6880476806431,18.194300127512516,1.2308240577483672e-09,3.91568878901283e-05,7.195349467331892,91.51038490430224,280.02363617505534,0.8284078997804247,0.8051822360894016,84.31503543697035,False
PX-7A2E8337+TM-7EA05171,PX-7A2E8337,TM-7EA05171,7,A,A,A,B,B,1110,1001,6.6499999999999995,0.5,4.0,2.0,0.1,0.05,6.0,True,75.73986836206659,18.109957140316197,1.2375496482445087e-09,3.915778687120956e-05,7.1748271771749215,91.5034421348406,280.0205568426137,0.8284078997804247,0.8053968738205255,84.32861495766568,False
PX-7A2E8337+TM-451EE8EE,PX-7A2E8337,TM-451EE8EE,7,A,A,A,B,B,1110,1001,6.699999999999999,0.5,4.0,2.0,0.1,0.1,6.0,True,75.72794986298533,18.11230145355513,1.2382877226889066e-09,3.915778687120956e-05,7.1745586831076436,91.50339220621548,280.01990923196405,0.8284078997804247,0.8053986454900168,84.32883352310783,False
PX-7A2E8337+TM-196A39BD,PX-7A2E8337,TM-196A39BD,7,A,A,A,B,B,1110,1001,9.100000000000001,0.5,8.0,0.5,0.05,0.05,6.0,True,79.61584314651799,14.284090324217608,1.190064126217186e-09,3.91603175192094e-05,2.853688845905039,70.36544016139564,241.8258756910185,0.9336953247687548,0.7947101663008154,67.51175131549059,True
PX-7A2E8337+TM-49117E35,PX-7A2E8337,TM-49117E35,7,A,A,A,B,B,1110,1001,9.15,0.5,8.0,0.5,0.05,0.1,6.0,True,79.60445587559074,14.286154893462635,1.1895832366426276e-09,3.91603175192094e-05,2.8536951180212617,70.36540279396051,241.82434131532082,0.9336953247687548,0.7947072841014469,67.51170767593925,False
PX-7A2E8337+TM-BDA8A9EE,PX-7A2E8337,TM-BDA8A9EE,7,A,A,A,B,B,1110,1001,9.15,0.5,8.0,0.5,0.1,0.05,6.0,True,79.6258512684737,14.261896993966053,1.1908421553012434e-09,3.916126395286531e-05,2.8289020066066377,70.32766132589504,241.7976838819519,0.9336953247687548,0.7950840786153262,67.4987593192884,True
PX-7A2E8337+TM-5B2918E6,PX-7A2E8337,TM-5B2918E6,7,A,A,A,B,B,1110,1001,9.2,0.5,8.0,0.5,0.1,0.1,6.0,True,79.61473359150175,14.263577886373133,1.1908063932859702e-09,3.916126395286531e-05,2.828917499616765,70.32762488715845,241.79616166905498,0.9336953247687548,0.7950810587933004,67.49870738754169,False
PX-7A2E8337+TM-60ADACA0,PX-7A2E8337,TM-60ADACA0,7,A,A,A,B,B,1110,1001,9.600000000000001,0.5,8.0,1.0,0.05,0.05,6.0,True,79.45043372067406,14.334293275522095,1.1900846965875623e-09,3.9178138329710666e-05,2.8473492248665218,69.94746288935038,240.42280769672175,0.9336953247687548,0.7922334746994932,67.10011366448386,False
PX-7A2E8337+TM-CA5F92A2,PX-7A2E8337,TM-CA5F92A2,7,A,A,A,B,B,1110,1001,9.65,0.5,8.0,1.0,0.05,0.1,6.0,True,79.43929571325009,14.336194303540625,1.1904440908439812e-09,3.9178138329710666e-05,2.8473581751467893,69.94743545618559,240.4218197791638,0.9336953247687548,0.7922315195778062,67.10007728103879,False
PX-7A2E8337+TM-D655B7C6,PX-7A2E8337,TM-D655B7C6,7,A,A,A,B,B,1110,1001,9.65,0.5,8.0,1.0,0.1,0.05,6.0,True,79.46602860720449,14.304317327820016,1.1908684077499097e-09,3.917909621609519e-05,2.8235259320974166,69.93017621529388,240.41330607610277,0.9336953247687548,0.7926256087149994,67.10665028319646,False
PX-7A2E8337+TM-510E8CD6,PX-7A2E8337,TM-510E8CD6,7,A,A,A,B,B,1110,1001,9.7,0.5,8.0,1.0,0.1,0.1,6.0,True,79.45512407839537,14.305886711496877,1.1904656466186879e-09,3.917909621609519e-05,2.823543162894086,69.93014917496916,240.41232138577124,0.9336953247687548,0.792623515991106,67.10660601207509,False
PX-7A2E8337+TM-155C2AC2,PX-7A2E8337,TM-155C2AC2,7,A,A,A,B,B,1110,1001,10.600000000000001,0.5,8.0,2.0,0.05,0.05,6.0,True,79.18086744046646,14.415994437562171,1.1901033671088294e-09,3.921529086592431e-05,2.835071686058538,69.59426431070978,239.47350978741574,0.9336953247687548,0.7906908350565107,66.75919262465123,False
PX-7A2E8337+TM-C4EF8727,PX-7A2E8337,TM-C4EF8727,7,A,A,A,B,B,1110,1001,10.65,0.5,8.0,2.0,0.05,0.1,6.0,True,79.17016098940384,14.417629566078825,1.1900976515832896e-09,3.921529086592431e-05,2.835085301684623,69.59424453303076,239.47280030277935,0.9336953247687548,0.7906892970624737,66.75915923134615,False
PX-7A2E8337+TM-2822DBE9,PX-7A2E8337,TM-2822DBE9,7,A,A,A,B,B,1110,1001,10.65,0.5,8.0,2.0,0.1,0.05,6.0,True,79.2042682031164,14.374368282486833,1.1914689990419085e-09,3.9216251667052336e-05,2.8130426613690878,69.58796228168508,239.47093508788308,0.9336953247687548,0.7910656697956648,66.77491962031598,False
PX-7A2E8337+TM-524513CD,PX-7A2E8337,TM-524513CD,7,A,A,A,B,B,1110,1001,10.7,0.5,8.0,2.0,0.1,0.1,6.0,True,79.19374064275158,14.375751231980555,1.190945802796437e-09,3.9216251667052336e-05,2.8130629874718824,69.58794263313169,239.47022621179423,0.9336953247687548,0.7910640160881872,66.77487964565981,False
PX-7A2E8337+TM-C6470215,PX-7A2E8337,TM-C6470215,7,A,A,A,B,B,1110,1001,17.1,0.5,16.0,0.5,0.05,0.05,6.0,True,79.80688502494874,13.345967945772175,1.4755286984183984e-09,3.931089231108401e-05,0.7404397855705007,55.89260508562182,214.5042579759951,0.9794619297449407,0.7914830005993716,55.152165300051315,True
PX-7A2E8337+TM-25F81A19,PX-7A2E8337,TM-25F81A19,7,A,A,A,B,B,1110,1001,17.150000000000002,0.5,16.0,0.5,0.05,0.1,6.0,True,79.7981101553925,13.346826333582607,1.4752984100092529e-09,3.931089231108401e-05,0.7404642537394504,55.892595137555304,214.50374502947147,0.9794619297449407,0.7914811447361678,55.15213088381586,False
PX-7A2E8337+TM-D2B82E1A,PX-7A2E8337,TM-D2B82E1A,7,A,A,A,B,B,1110,1001,17.150000000000002,0.5,16.0,0.5,0.1,0.05,6.0,True,79.79551338462099,13.353288499953141,1.4772759227568198e-09,3.9311896636222555e-05,0.735525500790867,55.872936600244365,214.49170658804601,0.9794619297449407,0.7916301576686726,55.1374110994535,False
PX-7A2E8337+TM-D9325021,PX-7A2E8337,TM-D9325021,7,A,A,A,B,B,1110,1001,17.200000000000003,0.5,16.0,0.5,0.1,0.1,6.0,True,79.78677515569095,13.354109366820987,1.4758910617686703e-09,3.9311896636222555e-05,0.7355501120886577,55.87292711877141,214.49119388459275,0.9794619297449407,0.79162829410884,55.13737700668275,False
PX-7A2E8337+TM-3A6C19DC,PX-7A2E8337,TM-3A6C19DC,7,A,A,A,B,B,1110,1001,17.6,0.5,16.0,1.0,0.05,0.05,6.0,True,79.68528484247973,13.363766797068358,1.476936070263567e-09,3.932775272356847e-05,0.7394961930239792,55.69973246347927,213.38981447766548,0.9794619297449407,0.7893342880807954,54.9602362704553,False
PX-7A2E8337+TM-348A77C8,PX-7A2E8337,TM-348A77C8,7,A,A,A,B,B,1110,1001,17.650000000000002,0.5,16.0,1.0,0.05,0.1,6.0,True,79.67661949317775,13.364614730833688,1.4769150992963152e-09,3.932775272356847e-05,0.7395206950862695,55.69972696197959,213.38932258623103,0.9794619297449407,0.7893324689079733,54.96020626689332,False
PX-7A2E8337+TM-8FA343F3,PX-7A2E8337,TM-8FA343F3,7,A,A,A,B,B,1110,1001,17.650000000000002,0.5,16.0,1.0,0.1,0.05,6.0,True,79.67485090169333,13.37012663285216,1.4769379323351203e-09,3.93287638283734e-05,0.7346717045573771,55.68831064946872,213.38519045362733,0.9794619297449407,0.7894938958820907,54.95363894491135,False
PX-7A2E8337+TM-3497EB27,PX-7A2E8337,TM-3497EB27,7,A,A,A,B,B,1110,1001,17.700000000000003,0.5,16.0,1.0,0.1,0.1,6.0,True,79.66622087953513,13.370938672774418,1.4768321069393214e-09,3.93287638283734e-05,0.7346963437110889,55.68830540185138,213.38469864794575,0.9794619297449407,0.7894920689817237,54.95360905814029,False
PX-7A2E8337+TM-E5447244,PX-7A2E8337,TM-E5447244,7,A,A,A,B,B,1110,1001,18.6,0.5,16.0,2.0,0.05,0.05,6.0,True,79.4827397853446,13.397730097681485,1.477810037418765e-09,3.936278477994389e-05,0.7376175446245745,55.49646027752389,212.5873801261791,0.9794619297449407,0.7878255198106539,54.75884273289932,False
PX-7A2E8337+TM-94DEFF90,PX-7A2E8337,TM-94DEFF90,7,A,A,A,B,B,1110,1001,18.650000000000002,0.5,16.0,2.0,0.05,0.1,6.0,True,79.47428823219974,13.39855809342166,1.4779991131739448e-09,3.936278477994389e-05,0.7376421118151498,55.496459112074746,212.58690278011542,0.9794619297449407,0.7878237238461775,54.7588170002596,False
PX-7A2E8337+TM-9D4BCF80,PX-7A2E8337,TM-9D4BCF80,7,A,A,A,B,B,1110,1001,18.650000000000002,0.5,16.0,2.0,0.1,0.05,6.0,True,79.47368156164426,13.40242312312982,1.4776417591369457e-09,3.936379981892416e-05,0.7329712552783436,55.491146636645716,212.58600854130847,0.9794619297449407,0.7879854850287045,54.75817538136737,False
PX-7A2E8337+TM-31115CEF,PX-7A2E8337,TM-31115CEF,7,A,A,A,B,B,1110,1001,18.700000000000003,0.5,16.0,2.0,0.1,0.1,6.0,True,79.46526288407334,13.40321826415368,1.4787768983751461e-09,3.936379981892416e-05,0.7329959481247637,55.491145579160886,212.58553121986463,0.9794619297449407,0.7879836817137429,54.75814963103612,False
PX-7A2E8337+TM-44750E09,PX-7A2E8337,TM-44750E09,7,A,A,A,B,B,1110,1001,2.5999999999999996,1.0,1.0,0.5,0.05,0.05,6.0,True,64.1448986657573,35.89710364560236,0.0,3.9066629489469456e-05,25.64088801551498,149.09929480261388,378.09234283017764,0.45159181861659975,0.8235863385199194,123.45840678709892,True
PX-7A2E8337+TM-FAB5DC2E,PX-7A2E8337,TM-FAB5DC2E,7,A,A,A,B,B,1110,1001,2.65,1.0,1.0,0.5,0.05,0.1,6.0,True,64.12225794125692,35.897150125794234,0.0,3.9066629489469456e-05,25.640975534421642,149.09911757839706,377.54323849081993,0.45159181861659975,0.8227825936689233,123.45814204397541,False
PX-7A2E8337+TM-AAD78B2B,PX-7A2E8337,TM-AAD78B2B,7,A,A,A,B,B,1110,1001,2.65,1.0,1.0,0.5,0.1,0.05,6.0,True,64.13020393559842,35.90383861166754,0.0,3.906744583477445e-05,25.55227870238545,149.00480218581447,377.69491859414745,0.45159181861659975,0.8235079061125018,123.45252348342902,False
PX-7A2E8337+TM-B9DD542F,PX-7A2E8337,TM-B9DD542F,7,A,A,A,B,B,1110,1001,2.7,1.0,1.0,0.5,0.1,0.1,6.0,True,64.12564350883537,35.9038831368986,0.0,3.906744583477445e-05,25.552369146124793,149.00462714028842,378.061498368672,0.45159181861659975,0.8240332642396789,123.45225799416365,False
PX-7A2E8337+TM-921BB415,PX-7A2E8337,TM-921BB415,7,A,A,A,B,B,1110,1001,3.0999999999999996,1.0,1.0,1.0,0.05,0.05,6.0,True,63.95627436647777,36.10742196066774,0.0,3.908963080703477e-05,25.28136855860245,147.90339376319673,376.09453453780725,0.45159181861659975,0.8226716136313377,122.62202520459431,False
PX-7A2E8337+TM-997B1495,PX-7A2E8337,TM-997B1495,7,A,A,A,B,B,1110,1001,3.15,1.0,1.0,1.0,0.05,0.1,6.0,True,63.946205277336055,36.107455097718194,0.0,3.908963080703477e-05,25.28146744938049,147.90324332699117,376.1716983789511,0.45159181861659975,0.822782130797451,122.62177587761067,False
PX-7A2E8337+TM-DA26960F,PX-7A2E8337,TM-DA26960F,7,A,A,A,B,B,1110,1001,3.15,1.0,1.0,1.0,0.1,0.05,6.0,True,63.946762691981405,36.11199264817833,0.0,3.90904518313189e-05,25.245616929964022,147.8736267190261,376.1219082666841,0.45159181861659975,0.8229177338558205,122.62800978906208,False
PX-7A2E8337+TM-24EDFB89,PX-7A2E8337,TM-24EDFB89,7,A,A,A,B,B,1110,1001,3.2,1.0,1.0,1.0,0.1,0.1,6.0,True,63.93505394390148,36.112025038460935,0.0,3.90904518313189e-05,25.245716857585062,147.87347692197525,376.1153548351323,0.45159181861659975,0.822906440125845,122.62776006439019,False
PX-7A2E8337+TM-F25AD464,PX-7A2E8337,TM-F25AD464,7,A,A,A,B,B,1110,1001,4.1,1.0,1.0,2.0,0.05,0.05,6.0,True,63.673027261986114,36.28432629913439,0.0,3.9137579478458946e-05,25.020509605986838,147.13909584889694,374.83830942264166,0.45159181861659975,0.8223140913948948,122.11858624291011,False
PX-7A2E8337+TM-8889DD51,PX-7A2E8337,TM-8889DD51,7,A,A,A,B,B,1110,1001,4.1499999999999995,1.0,1.0,2.0,0.05,0.1,6.0,True,63.653953206593606,36.28435059259564,0.0,3.9137579478458946e-05,25.020615502372237,147.13896112647282,374.4456473821799,0.45159181861659975,0.821739851209248,122.11834562410058,False
PX-7A2E8337+TM-E782BC8B,PX-7A2E8337,TM-E782BC8B,7,A,A,A,B,B,1110,1001,4.1499999999999995,1.0,1.0,2.0,0.1,0.05,6.0,True,63.64853246847581,36.285731712088484,0.0,3.91383605432497e-05,25.008418909010274,147.13158193785094,374.14536660557343,0.45159181861659975,0.8213687665082433,122.12316302884065,False
PX-7A2E8337+TM-A42F8405,PX-7A2E8337,TM-A42F8405,7,A,A,A,B,B,1110,1001,4.199999999999999,1.0,1.0,2.0,0.1,0.1,6.0,True,63.64575249096084,36.28575582619129,0.0,3.91383605432497e-05,25.008525091805502,147.1314473625879,374.57201146102534,0.45159181861659975,0.8219945467563401,122.12292227078237,False
PX-7A2E8337+TM-EE240210,PX-7A2E8337,TM-EE240210,7,A,A,A,B,B,1110,1001,3.5999999999999996,1.0,2.0,0.5,0.05,0.05,6.0,True,68.55347583027464,29.326500864721545,0.0,3.907376988346105e-05,14.848737625106642,121.04654159905158,332.20154555006945,0.6543961095323714,0.8232585788062443,106.19780397394493,False
PX-7A2E8337+TM-20D6F9FE,PX-7A2E8337,TM-20D6F9FE,7,A,A,A,B,B,1110,1001,3.65,1.0,2.0,0.5,0.05,0.1,6.0,True,68.53960694479358,29.33339346366782,0.0,3.907376988346105e-05,14.84800523066809,121.04641459706234,332.20315442980603,0.6543961095323714,0.8232664527755481,106.19840936639423,False
PX-7A2E8337+TM-06A31967,PX-7A2E8337,TM-06A31967,7,A,A,A,B,B,1110,1001,3.65,1.0,2.0,0.5,0.1,0.05,6.0,True,68.57075190547312,29.26443497646219,0.0,3.90746155608757e-05,14.77878435856575,120.96703511332277,332.13260188542114,0.6543961095323714,0.8236719785788102,106.18825075475701,True
PX-7A2E8337+TM-BBEC3DF4,PX-7A2E8337,TM-BBEC3DF4,7,A,A,A,B,B,1110,1001,3.7,1.0,2.0,0.5,0.1,0.1,6.0,True,68.55729343183926,29.270202809686047,0.0,3.90746155608757e-05,14.778191993816497,120.96690997421017,332.13410722557,0.6543961095323714,0.8236786681608439,106.18871798039368,False
PX-7A2E8337+TM-63823495,PX-7A2E8337,TM-63823495,7,A,A,A,B,B,1110,1001,4.1,1.0,2.0,1.0,0.05,0.05,6.0,True,68.34945638176077,29.50847570521921,0.0,3.909498548286829e-05,14.654710530533654,120.07513598118555,330.194443445733,0.6543961095323714,0.8215520830376968,105.4204254506519,False
PX-7A2E8337+TM-F396C77F,PX-7A2E8337,TM-F396C77F,7,A,A,A,B,B,1110,1001,4.1499999999999995,1.0,2.0,1.0,0.05,0.1,6.0,True,68.33682710537323,29.512229110873612,0.0,3.909498548286829e-05,14.654362732662033,120.07503107027176,330.1941888860845,0.6543961095323714,0.8215542464350797,105.42066833760973,False
PX-7A2E8337+TM-E27A80B9,PX-7A2E8337,TM-E27A80B9,7,A,A,A,B,B,1110,1001,4.1499999999999995,1.0,2.0,1.0,0.1,0.05,6.0,True,68.35517353835905,29.4704600085005,0.0,3.909584196738715e-05,14.621346204151324,120.04818679250158,330.17448997451436,0.6543961095323714,0.8217709620704181,105.42684058835026,False
PX-7A2E8337+TM-6355F1E0,PX-7A2E8337,TM-6355F1E0,7,A,A,A,B,B,1110,1001,4.199999999999999,1.0,2.0,1.0,0.1,0.1,6.0,True,68.34273065419379,29.47372413097072,0.0,3.909584196738715e-05,14.621058247440708,120.04808246844794,330.17422588006644,0.6543961095323714,0.8217726684965322,105.42702422100723,False
PX-7A2E8337+TM-0AABD2BC,PX-7A2E8337,TM-0AABD2BC,7,A,A,A,B,B,1110,1001,5.1,1.0,2.0,2.0,0.05,0.05,6.0,True,68.06080766477139,29.659534623082966,0.0,3.913926578403117e-05,14.495720746953525,119.4246245169078,328.9547681054753,0.6543961095323714,0.8207931929755854,104.92890376995426,False
PX-7A2E8337+TM-110F17FD,PX-7A2E8337,TM-110F17FD,7,A,A,A,B,B,1110,1001,5.1499999999999995,1.0,2.0,2.0,0.05,0.1,6.0,True,68.04920208575405,29.661184869082717,0.0,3.913926578403117e-05,14.495626109613717,119.4245331536879,328.9541312385571,0.6543961095323714,0.8207928849275257,104.9289070440742,False
PX-7A2E8337+TM-763E5EED,PX-7A2E8337,TM-763E5EED,7,A,A,A,B,B,1110,1001,5.1499999999999995,1.0,2.0,2.0,0.1,0.05,6.0,True,68.05914803041094,29.6375480621476,0.0,3.9140101159742944e-05,14.482277279952557,119.4172514252782,328.9502955680446,0.6543961095323714,0.8208875095918374,104.93497414532564,False
PX-7A2E8337+TM-D98DE9F2,PX-7A2E8337,TM-D98DE9F2,7,A,A,A,B,B,1110,1001,5.199999999999999,1.0,2.0,2.0,0.1,0.1,6.0,True,68.04760454477461,29.639060319616068,0.0,3.9140101159742944e-05,14.48219942757567,119.41716020794142,328.9496579578284,0.6543961095323714,0.8208870753267913,104.93496078036574,False
PX-7A2E8337+TM-7DB9C892,PX-7A2E8337,TM-7DB9C892,7,A,A,A,B,B,1110,1001,5.6,1.0,4.0,0.5,0.05,0.05,6.0,True,76.18844232024883,17.80882869423172,0.0,3.909715935945066e-05,7.293659923784921,92.71453450508245,282.83880823513545,0.8284078997861825,0.8089348235534666,85.42087458129753,False
PX-7A2E8337+TM-C248EAA0,PX-7A2E8337,TM-C248EAA0,7,A,A,A,B,B,1110,1001,5.6499999999999995,1.0,4.0,0.5,0.05,0.1,6.0,True,76.17312229898789,17.816701924019064,0.0,3.909715935945066e-05,7.292327806106088,92.71445731549359,282.83811654334494,0.8284078997861825,0.8089478131491086,85.4221295093875,False
PX-7A2E8337+TM-C7D731DB,PX-7A2E8337,TM-C7D731DB,7,A,A,A,B,B,1110,1001,5.6499999999999995,1.0,4.0,0.5,0.1,0.05,6.0,True,76.23159705276346,17.726560738101025,0.0,3.909804971690473e-05,7.247082022502944,92.65507620695266,282.7897422470384,0.8284078997861825,0.8093474669181049,85.4079941844497,True
PX-7A2E8337+TM-56922EC3,PX-7A2E8337,TM-56922EC3,7,A,A,A,B,B,1110,1001,5.699999999999999,1.0,4.0,0.5,0.1,0.1,6.0,True,76.21622196168897,17.73439887736263,0.0,3.909804971690473e-05,7.246274463661643,92.6550004545724,282.7890513618373,0.8284078997861825,0.8093549070900136,85.40872599091077,False
PX-7A2E8337+TM-C033A5CE,PX-7A2E8337,TM-C033A5CE,7,A,A,A,B,B,1110,1001,6.1,1.0,4.0,1.0,0.05,0.05,6.0,True,75.92984252918346,18.01036144241319,0.0,3.9116501577079325e-05,7.24769254275275,92.01845118288882,281.12311876626615,0.8284078997861825,0.8065009639918757,84.77075864013607,False
PX-7A2E8337+TM-1FC706E9,PX-7A2E8337,TM-1FC706E9,7,A,A,A,B,B,1110,1001,6.1499999999999995,1.0,4.0,1.0,0.05,0.1,6.0,True,75.91659055934737,18.014861033443516,0.0,3.9116501577079325e-05,7.246880972476111,92.01839027980891,281.12245409023643,0.8284078997861825,0.8065084878434543,84.7715093073328,False
PX-7A2E8337+TM-B88B8F46,PX-7A2E8337,TM-B88B8F46,7,A,A,A,B,B,1110,1001,6.1499999999999995,1.0,4.0,1.0,0.1,0.05,6.0,True,75.9732785422517,17.925065161278933,0.0,3.911740560276528e-05,7.215221476182812,91.99573064170963,281.107949544295,0.8284078997861825,0.8068218838864081,84.78050916552682,False
PX-7A2E8337+TM-7C8FA852,PX-7A2E8337,TM-7C8FA852,7,A,A,A,B,B,1110,1001,6.199999999999999,1.0,4.0,1.0,0.1,0.1,6.0,True,75.9598404335245,17.92982104055473,0.0,3.911740560276528e-05,7.214695890049513,91.99567024648874,281.10728510173186,0.8284078997861825,0.8068263698095361,84.78097435643923,False
PX-7A2E8337+TM-C880C6CB,PX-7A2E8337,TM-C880C6CB,7,A,A,A,B,B,1110,1001,7.1,1.0,4.0,2.0,0.05,0.05,6.0,True,75.59448854458802,18.192202104760376,0.0,3.915688788423793e-05,7.195734983961875,91.51043497459818,280.0242838459026,0.8284078997861825,0.8051792157584756,84.3146999906363,False
PX-7A2E8337+TM-B5B2535D,PX-7A2E8337,TM-B5B2535D,7,A,A,A,B,B,1110,1001,7.1499999999999995,1.0,4.0,2.0,0.05,0.1,6.0,True,75.58285221105368,18.194300126516445,0.0,3.915688788423793e-05,7.195349467489149,91.51038490489343,280.0236361761213,0.8284078997861825,0.8051822360895405,84.31503543740429,False
PX-7A2E8337+TM-E815F632,PX-7A2E8337,TM-E815F632,7,A,A,A,B,B,1110,1001,7.1499999999999995,1.0,4.0,2.0,0.1,0.05,6.0,True,75.63467289248136,18.109957139322606,0.0,3.915778686531909e-05,7.174827177332843,91.50344213543114,280.02055684368116,0.8284078997861825,0.8053968738206578,84.3286149580983,False
PX-7A2E8337+TM-72CDF500,PX-7A2E8337,TM-72CDF500,7,A,A,A,B,B,1110,1001,7.199999999999999,1.0,4.0,2.0,0.1,0.1,6.0,True,75.62288580558916,18.112301452561898,0.0,3.915778686531909e-05,7.174558683265493,91.50339220680651,280.0199092330286,0.8284078997861825,0.8053986454901446,84.32883352354102,False
PX-7A2E8337+TM-CB483D6B,PX-7A2E8337,TM-CB483D6B,7,A,A,A,B,B,1110,1001,9.600000000000001,1.0,8.0,0.5,0.05,0.05,6.0,True,79.5168975435446,14.284090323313311,0.0,3.9160317513319745e-05,2.853688845965363,70.36544016159914,241.8258756914066,0.933695324771555,0.7947101663004953,67.51175131563376,False
PX-7A2E8337+TM-C12CB0FE,PX-7A2E8337,TM-C12CB0FE,7,A,A,A,B,B,1110,1001,9.65,1.0,8.0,0.5,0.05,0.1,6.0,True,79.50563387735306,14.286154892558736,0.0,3.9160317513319745e-05,2.853695118081593,70.36540279416364,241.82434131570793,0.933695324771555,0.7947072841011248,67.51170767608204,False
PX-7A2E8337+TM-5F6B6BDD,PX-7A2E8337,TM-5F6B6BDD,7,A,A,A,B,B,1110,1001,9.65,1.0,8.0,0.5,0.1,0.05,6.0,True,79.52702927023714,14.261896993062456,0.0,3.91612639469755e-05,2.8289020066665205,70.32766132609902,241.797683882338,0.933695324771555,0.7950840786150055,67.4987593194325,True
PX-7A2E8337+TM-F04B7ADB,PX-7A2E8337,TM-F04B7ADB,7,A,A,A,B,B,1110,1001,9.7,1.0,8.0,0.5,0.1,0.1,6.0,True,79.51603504359247,14.263577885469008,0.0,3.91612639469755e-05,2.828917499676637,70.32762488736152,241.79616166944388,0.933695324771555,0.7950810587929851,67.49870738768489,False
PX-7A2E8337+TM-B3E3F2CC,PX-7A2E8337,TM-B3E3F2CC,7,A,A,A,B,B,1110,1001,10.100000000000001,1.0,8.0,1.0,0.05,0.05,6.0,True,79.35271723973375,14.334293274621585,0.0,3.91781383238186e-05,2.8473492249267194,69.94746288955109,240.42280769710334,0.933695324771555,0.7922334746991642,67.10011366462437,False
PX-7A2E8337+TM-C33ABC3A,PX-7A2E8337,TM-C33ABC3A,7,A,A,A,B,B,1110,1001,10.15,1.0,8.0,1.0,0.05,0.1,6.0,True,79.34170130160403,14.336194302639543,0.0,3.91781383238186e-05,2.847358175206967,69.94743545638613,240.4218197795474,0.933695324771555,0.7922315195774817,67.10007728117917,False
PX-7A2E8337+TM-52CA0F9D,PX-7A2E8337,TM-52CA0F9D,7,A,A,A,B,B,1110,1001,10.15,1.0,8.0,1.0,0.1,0.05,6.0,True,79.36843419556084,14.304317326916932,0.0,3.917909621020301e-05,2.823525932157174,69.93017621549446,240.4133060764873,0.933695324771555,0.7926256087146788,67.10665028333727,False
PX-7A2E8337+TM-708B0FD8,PX-7A2E8337,TM-708B0FD8,7,A,A,A,B,B,1110,1001,10.2,1.0,8.0,1.0,0.1,0.1,6.0,True,79.35765158355427,14.305886710593038,0.0,3.917909621020301e-05,2.8235431629538468,69.93014917516966,240.41232138615445,0.933695324771555,0.7926235159907832,67.1066060122158,False
PX-7A2E8337+TM-1AFAF179,PX-7A2E8337,TM-1AFAF179,7,A,A,A,B,B,1110,1001,11.100000000000001,1.0,8.0,2.0,0.05,0.05,6.0,True,79.08556358806639,14.41599443666387,0.0,3.921529086002729e-05,2.8350716861184546,69.59426431090877,239.47350978779886,0.933695324771555,0.7906908350561889,66.75919262479033,False
PX-7A2E8337+TM-158ED388,PX-7A2E8337,TM-158ED388,7,A,A,A,B,B,1110,1001,11.15,1.0,8.0,2.0,0.05,0.1,6.0,True,79.07497619239554,14.417629565180858,0.0,3.921529086002729e-05,2.8350853017445368,69.59424453322937,239.47280030316273,0.933695324771555,0.7906892970621521,66.75915923148484,False
PX-7A2E8337+TM-90D37102,PX-7A2E8337,TM-90D37102,7,A,A,A,B,B,1110,1001,11.15,1.0,8.0,2.0,0.1,0.05,6.0,True,79.10908340611019,14.37436828158847,0.0,3.9216251661155164e-05,2.813042661428641,69.58796228188417,239.47093508826535,0.933695324771555,0.7910656697953434,66.77491962045552,False
PX-7A2E8337+TM-AE5CD5B5,PX-7A2E8337,TM-AE5CD5B5,7,A,A,A,B,B,1110,1001,11.2,1.0,8.0,2.0,0.1,0.1,6.0,True,79.09867475241141,14.375751231081265,0.0,3.9216251661155164e-05,2.8130629875314175,69.58794263333047,239.47022621217545,0.933695324771555,0.7910640160878638,66.77487964579905,False
PX-7A2E8337+TM-AB4A116E,PX-7A2E8337,TM-AB4A116E,7,A,A,A,B,B,1110,1001,17.6,1.0,16.0,0.5,0.05,0.05,6.0,True,79.7258752172376,13.345967944955495,0.0,3.931089230517631e-05,0.7404397855899192,55.89260508567845,214.50425797610296,0.9794619297459688,0.7914830005989053,55.15216530008853,True
PX-7A2E8337+TM-CEB21E95,PX-7A2E8337,TM-CEB21E95,7,A,A,A,B,B,1110,1001,17.650000000000002,1.0,16.0,0.5,0.05,0.1,6.0,True,79.7172015466793,13.346826332766968,0.0,3.931089230517631e-05,0.7404642537588683,55.89259513761182,214.50374502957942,0.9794619297459688,0.7914811447357017,55.152130883852955,False
PX-7A2E8337+TM-C3BA9D91,PX-7A2E8337,TM-C3BA9D91,7,A,A,A,B,B,1110,1001,17.650000000000002,1.0,16.0,0.5,0.1,0.05,6.0,True,79.7146047759089,13.353288499137323,0.0,3.931189663031474e-05,0.7355255008101808,55.87293660030151,214.4917065881533,0.9794619297459688,0.7916301576682062,55.137411099491324,False
PX-7A2E8337+TM-63DEB74E,PX-7A2E8337,TM-63DEB74E,7,A,A,A,B,B,1110,1001,17.700000000000003,1.0,16.0,0.5,0.1,0.1,6.0,True,79.70596761955926,13.35410936600221,0.0,3.931189663031474e-05,0.7355501121079758,55.87292711882867,214.49119388469884,0.9794619297459688,0.7916282941083711,55.13737700672069,False
PX-7A2E8337+TM-01D98488,PX-7A2E8337,TM-01D98488,7,A,A,A,B,B,1110,1001,18.1,1.0,16.0,1.0,0.05,0.05,6.0,True,79.6052813547792,13.363766796252726,0.0,3.9327752717658546e-05,0.739496193043372,55.699732463535796,213.38981447777357,0.9794619297459688,0.7893342880803307,54.96023627049242,False
PX-7A2E8337+TM-BA002B5E,PX-7A2E8337,TM-BA002B5E,7,A,A,A,B,B,1110,1001,18.150000000000002,1.0,16.0,1.0,0.05,0.1,6.0,True,79.59671594736258,13.364614730017108,0.0,3.9327752717658546e-05,0.739520695105663,55.69972696203638,213.38932258633918,0.9794619297459688,0.7893324689075082,54.96020626693072,False
PX-7A2E8337+TM-E7B2BECF,PX-7A2E8337,TM-E7B2BECF,7,A,A,A,B,B,1110,1001,18.150000000000002,1.0,16.0,1.0,0.1,0.05,6.0,True,79.59494735587856,13.370126632034696,0.0,3.932876382246332e-05,0.7346717045766761,55.68831064952512,213.38519045373138,0.9794619297459688,0.7894938958816186,54.953638944948445,False
PX-7A2E8337+TM-2B62A45C,PX-7A2E8337,TM-2B62A45C,7,A,A,A,B,B,1110,1001,18.200000000000003,1.0,16.0,1.0,0.1,0.1,6.0,True,79.58641715075512,13.370938671957752,0.0,3.932876382246332e-05,0.7346963437303875,55.68830540190711,213.38469864805003,0.9794619297459688,0.7894920689812523,54.953609058176724,False
PX-7A2E8337+TM-7D68BB68,PX-7A2E8337,TM-7D68BB68,7,A,A,A,B,B,1110,1001,19.1,1.0,16.0,2.0,0.05,0.05,6.0,True,79.40471159082844,13.397730096865454,0.0,3.936278477402926e-05,0.7376175446439291,55.496460277579466,212.58738012628675,0.9794619297459688,0.7878255198101888,54.758842732935534,False
PX-7A2E8337+TM-068E4492,PX-7A2E8337,TM-068E4492,7,A,A,A,B,B,1110,1001,19.150000000000002,1.0,16.0,2.0,0.05,0.1,6.0,True,79.39635751199447,13.398558092605576,0.0,3.936278477402926e-05,0.7376421118345056,55.49645911213015,212.58690278022098,0.9794619297459688,0.7878237238457083,54.75881700029564,False
PX-7A2E8337+TM-21FEE948,PX-7A2E8337,TM-21FEE948,7,A,A,A,B,B,1110,1001,19.150000000000002,1.0,16.0,2.0,0.1,0.05,6.0,True,79.3957508414397,13.40242312231231,0.0,3.936379981300942e-05,0.7329712552976034,55.491146636701295,212.58600854141454,0.9794619297459688,0.7879854850282375,54.758175381403696,False
PX-7A2E8337+TM-3AADCFB9,PX-7A2E8337,TM-3AADCFB9,7,A,A,A,B,B,1110,1001,19.200000000000003,1.0,16.0,2.0,0.1,0.1,6.0,True,79.3874295164127,13.40321826333726,0.0,3.936379981300942e-05,0.7329959481440299,55.49114557921613,212.58553121997204,0.9794619297459688,0.7879836817132783,54.7581496310721,False
PX-70BFF1D8+TM-03DCFE76,PX-70BFF1D8,TM-03DCFE76,7,A,A,A,B,B,1110,0001,2.0999999999999996,0.5,1.0,0.5,0.05,0.05,6.0,False,-59.23861221235393,2791.9463943960636,197.62714306409498,3.737168829676296e-05,3.5733301153689556,66.65638257506124,233.82753772354897,0.2188622169170651,0.8013504390520021,63.0830524596923,False
PX-70BFF1D8+TM-EE5F79B6,PX-70BFF1D8,TM-EE5F79B6,7,A,A,A,B,B,1110,0001,2.15,0.5,1.0,0.5,0.05,0.1,6.0,False,-59.25039991188633,2792.0223960757808,197.62664516516318,3.737168829676296e-05,3.572722354754513,66.65635475098576,233.82697197945996,0.2188622169170651,0.8013553848617139,63.08363239623125,False
PX-70BFF1D8+TM-C987E146,PX-70BFF1D8,TM-C987E146,7,A,A,A,B,B,1110,0001,2.15,0.5,1.0,0.5,0.1,0.05,6.0,False,-59.24762044930137,2770.923804187845,197.6126330203646,3.7372633710446105e-05,3.550071646483624,66.62595828400808,233.8028174623766,0.2188622169170651,0.8015651194531208,63.075886637524455,False
PX-70BFF1D8+TM-BA2906EC,PX-70BFF1D8,TM-BA2906EC,7,A,A,A,B,B,1110,0001,2.2,0.5,1.0,0.5,0.1,0.1,6.0,False,-59.2594288167336,2771.0003126236406,197.61229739455018,3.7372633710446105e-05,3.5497136213744365,66.62593118817625,233.80225211026942,0.2188622169170651,0.8015673871698983,63.07621756680181,False
PX-70BFF1D8+TM-B1B82082,PX-70BFF1D8,TM-B1B82082,7,A,A,A,B,B,1110,0001,2.5999999999999996,0.5,1.0,1.0,0.05,0.05,6.0,False,-59.38367001536254,2787.746263078787,197.6123993100821,3.7388109268710964e-05,3.5518930726564606,66.30761203700257,232.5802758205325,0.2188622169170651,0.7992936187960011,62.7557189643461,False
PX-70BFF1D8+TM-3ADEC45D,PX-70BFF1D8,TM-3ADEC45D,7,A,A,A,B,B,1110,0001,2.65,0.5,1.0,1.0,0.05,0.1,6.0,False,-59.39534326077766,2787.8223840198125,197.6120530169509,3.7388109268710964e-05,3.5515190218129247,66.30759234466764,232.57973168645123,0.2188622169170651,0.7992960959310249,62.75607332285472,False
PX-70BFF1D8+TM-BC2BA4B2,PX-70BFF1D8,TM-BC2BA4B2,7,A,A,A,B,B,1110,0001,2.65,0.5,1.0,1.0,0.1,0.05,6.0,False,-59.39310645171189,2767.1963813369894,197.60226481590942,3.7389062808681545e-05,3.535350605753524,66.29529375628137,232.57254295543092,0.2188622169170651,0.7994653276820829,62.759943150527846,False
PX-70BFF1D8+TM-8103AB33,PX-70BFF1D8,TM-8103AB33,7,A,A,A,B,B,1110,0001,2.7,0.5,1.0,1.0,0.1,0.1,6.0,False,-59.40478483562659,2767.2729818697976,197.6020100804248,3.7389062808681545e-05,3.5351154571886556,66.29527433364134,232.5719989349861,0.2188622169170651,0.7994663094072022,62.760158876452685,False
PX-70BFF1D8+TM-514F25E6,PX-70BFF1D8,TM-514F25E6,7,A,A,A,B,B,1110,0001,3.5999999999999996,0.5,1.0,2.0,0.05,0.05,6.0,False,-59.63275597906289,2779.376151089562,197.59483224083024,3.742226868403467e-05,3.5271991202349366,66.0451420503724,231.71528130788315,0.2188622169170651,0.7979500437715894,62.51794293013747,False
PX-70BFF1D8+TM-37A2F2BC,PX-70BFF1D8,TM-37A2F2BC,7,A,A,A,B,B,1110,0001,3.65,0.5,1.0,2.0,0.05,0.1,6.0,False,-59.64416762125477,2779.4524983012107,197.59461454294524,3.742226868403467e-05,3.527019952568628,66.04512791013425,231.7147518302495,0.2188622169170651,0.7979504469826593,62.51810795756563,False
PX-70BFF1D8+TM-8041B5D5,PX-70BFF1D8,TM-8041B5D5,7,A,A,A,B,B,1110,0001,3.65,0.5,1.0,2.0,0.1,0.05,6.0,False,-59.64256577246359,2759.7654299030173,197.5883614184864,3.742322610822174e-05,3.516222070571044,66.04068202398807,231.7133507376627,0.2188622169170651,0.7980718504713455,62.52445995341702,False
PX-70BFF1D8+TM-AC550B76,PX-70BFF1D8,TM-AC550B76,7,A,A,A,B,B,1110,0001,3.7,0.5,1.0,2.0,0.1,0.1,6.0,False,-59.6539714359946,2759.8422061758934,197.58818255644758,3.742322610822174e-05,3.5161009548790703,66.04066797032735,231.71282128966598,0.2188622169170651,0.7980716259576017,62.524567015448284,False
PX-70BFF1D8+TM-C84B98D5,PX-70BFF1D8,TM-C84B98D5,7,A,A,A,B,B,1110,0001,3.0999999999999996,0.5,2.0,0.5,0.05,0.05,6.0,False,-58.81955242501457,2388.906011848646,196.97556732897044,3.738965302420869e-05,2.782046223046677,62.816384534282086,226.69940346739668,0.3063103384868486,0.7981976993154637,60.034338311235416,False
PX-70BFF1D8+TM-A9341DA7,PX-70BFF1D8,TM-A9341DA7,7,A,A,A,B,B,1110,0001,3.15,0.5,2.0,0.5,0.05,0.1,6.0,False,-58.83697085326293,2388.9782480504477,196.97523606956793,3.738965302420869e-05,2.7818520682706014,62.81636346972022,226.43856395945008,0.3063103384868486,0.7977533571976114,60.03451140144962,False
PX-70BFF1D8+TM-38DE3A46,PX-70BFF1D8,TM-38DE3A46,7,A,A,A,B,B,1110,0001,3.15,0.5,2.0,0.5,0.1,0.05,6.0,False,-58.827728328142875,2371.4311159800227,196.9519182646329,3.739060428558157e-05,2.759280866922767,62.78935045513557,226.68308239699343,0.3063103384868486,0.7984539542057476,60.030069588212804,False
PX-70BFF1D8+TM-4F91BE19,PX-70BFF1D8,TM-4F91BE19,7,A,A,A,B,B,1110,0001,3.2,0.5,2.0,0.5,0.1,0.1,6.0,False,-58.84448653043585,2371.503656263904,196.9517086348182,3.739060428558157e-05,2.759200754293024,62.78933004277691,226.4517245249133,0.3063103384868486,0.7980587323296582,60.03012928848389,False
PX-70BFF1D8+TM-D35760D5,PX-70BFF1D8,TM-D35760D5,7,A,A,A,B,B,1110,0001,3.5999999999999996,0.5,2.0,1.0,0.05,0.05,6.0,False,-58.96071874850976,2385.4978058361617,196.96372142322812,3.7405987668524574e-05,2.771686844689435,62.511652987785226,225.57319436635606,0.3063103384868486,0.7962077097996417,59.739966143095785,False
PX-70BFF1D8+TM-A41837FA,PX-70BFF1D8,TM-A41837FA,7,A,A,A,B,B,1110,0001,3.65,0.5,2.0,1.0,0.05,0.1,6.0,False,-58.9727281747569,2385.5701142336916,196.9634568690991,3.7405987668524574e-05,2.77155547894019,62.51163908566655,225.5463067444378,0.3063103384868486,0.796162671400928,59.740083606726365,False
PX-70BFF1D8+TM-8B1FD324,PX-70BFF1D8,TM-8B1FD324,7,A,A,A,B,B,1110,0001,3.65,0.5,2.0,1.0,0.1,0.05,6.0,False,-58.969003465750404,2368.3912989865175,196.94311940899044,3.740694656725936e-05,2.7518329149757115,62.500141157420934,225.5663047324663,0.3063103384868486,0.7964454441233835,59.748308242445226,False
PX-70BFF1D8+TM-6B36D4D2,PX-70BFF1D8,TM-6B36D4D2,7,A,A,A,B,B,1110,0001,3.7,0.5,2.0,1.0,0.1,0.1,6.0,False,-58.98100293614984,2368.4638959498848,196.94292992552502,3.740694656725936e-05,2.7517716965908634,62.50012750906119,225.5397360113683,0.3063103384868486,0.7964000924984163,59.74835581247033,False
PX-70BFF1D8+TM-93471C56,PX-70BFF1D8,TM-93471C56,7,A,A,A,B,B,1110,0001,4.6,0.5,2.0,2.0,0.05,0.05,6.0,False,-59.20532465749946,2378.702521046798,196.94577359245113,3.743995436669075e-05,2.7563830919803363,62.27294206824411,224.71044011033155,0.3063103384868486,0.7947653016512172,59.51655897626378,False
PX-70BFF1D8+TM-DC79C298,PX-70BFF1D8,TM-DC79C298,7,A,A,A,B,B,1110,0001,4.6499999999999995,0.5,2.0,2.0,0.05,0.1,6.0,False,-59.21668612384211,2378.77496695574,196.9455737104175,3.743995436669075e-05,2.756312219641287,62.27293325087366,224.70025400287255,0.3063103384868486,0.7947480624669199,59.516621031232376,False
PX-70BFF1D8+TM-5E21F537,PX-70BFF1D8,TM-5E21F537,7,A,A,A,B,B,1110,0001,4.6499999999999995,0.5,2.0,2.0,0.1,0.05,6.0,False,-59.213417319382714,2362.328750593458,196.92635554823806,3.7440917154594486e-05,2.737807716880611,62.26858649994728,224.70848229095776,0.3063103384868486,0.7949966282594303,59.530778783066665,False
PX-70BFF1D8+TM-C537F674,PX-70BFF1D8,TM-C537F674,7,A,A,A,B,B,1110,0001,4.699999999999999,0.5,2.0,2.0,0.1,0.1,6.0,False,-59.224768200535685,2362.4014560256837,196.92618150932697,3.7440917154594486e-05,2.737761490009624,62.26857776757198,224.69832740395822,0.3063103384868486,0.7949791411528448,59.53081627756235,False
PX-70BFF1D8+TM-AFD91B7E,PX-70BFF1D8,TM-AFD91B7E,7,A,A,A,B,B,1110,0001,5.1,0.5,4.0,0.5,0.05,0.05,6.0,False,-58.276000951934684,1775.939520529992,195.32586985663934,3.742621011490116e-05,1.7732785652933722,57.655078632756044,217.34412060813588,0.4179621118217842,0.7954642749996989,55.88180006746267,False
PX-70BFF1D8+TM-43AF6F18,PX-70BFF1D8,TM-43AF6F18,7,A,A,A,B,B,1110,0001,5.1499999999999995,0.5,4.0,0.5,0.05,0.1,6.0,False,-58.28702810638413,1776.0042210154413,195.32565521226857,3.742621011490116e-05,1.7732676540074344,57.655066813652724,217.34307539093422,0.4179621118217842,0.7954619613412033,55.88179915964529,False
PX-70BFF1D8+TM-955A259B,PX-70BFF1D8,TM-955A259B,7,A,A,A,B,B,1110,0001,5.1499999999999995,0.5,4.0,0.5,0.1,0.05,6.0,False,-58.28410132288025,1763.6012038162821,195.2858699398797,3.742717178542251e-05,1.757500657203685,57.63319018643322,217.32763227171324,0.4179621118217842,0.7956839242518854,55.87568952922953,False
PX-70BFF1D8+TM-8C7BDD47,PX-70BFF1D8,TM-8C7BDD47,7,A,A,A,B,B,1110,0001,5.199999999999999,0.5,4.0,0.5,0.1,0.1,6.0,False,-58.29511659550647,1763.6660007960704,195.28567964052618,3.742717178542251e-05,1.7574996151671627,57.63317889746539,217.32659397351986,0.4179621118217842,0.7956814704767246,55.87567928229822,False
PX-70BFF1D8+TM-1BB52401,PX-70BFF1D8,TM-1BB52401,7,A,A,A,B,B,1110,0001,5.6,0.5,4.0,1.0,0.05,0.05,6.0,False,-58.41278415432659,1773.6498818376645,195.3134149160904,3.744240381277188e-05,1.7688865142411716,57.41573465530236,216.21968632325593,0.4179621118217842,0.793374402906533,55.646848141061184,False
PX-70BFF1D8+TM-411F8E1A,PX-70BFF1D8,TM-411F8E1A,7,A,A,A,B,B,1110,0001,5.6499999999999995,0.5,4.0,1.0,0.05,0.1,6.0,False,-58.42366842302017,1773.7146079973052,195.3132079627885,3.744240381277188e-05,1.7688787479160373,57.41572848693649,216.2189371970913,0.4179621118217842,0.7933725626755148,55.646849739020446,False
PX-70BFF1D8+TM-6A2FA74D,PX-70BFF1D8,TM-6A2FA74D,7,A,A,A,B,B,1110,0001,5.6499999999999995,0.5,4.0,1.0,0.1,0.05,6.0,False,-58.42064335278891,1761.5430684073647,195.275230600705,3.7443372257651815e-05,1.7538628280406399,57.40555069126289,216.21416125193122,0.4179621118217842,0.7936026083477543,55.65168786322224,False
PX-70BFF1D8+TM-FE4738D0,PX-70BFF1D8,TM-FE4738D0,7,A,A,A,B,B,1110,0001,5.699999999999999,0.5,4.0,1.0,0.1,0.1,6.0,False,-58.43151577208142,1761.6078857898365,195.2750449901266,3.7443372257651815e-05,1.753863687319702,57.40554474813409,216.21341398225903,0.4179621118217842,0.7936006380312348,55.65168106081439,False
PX-70BFF1D8+TM-79BBB106,PX-70BFF1D8,TM-79BBB106,7,A,A,A,B,B,1110,0001,6.6,0.5,4.0,2.0,0.05,0.05,6.0,False,-58.6462388485811,1769.08200382849,195.28950796566355,3.747605318399079e-05,1.760547017530247,57.21381546969126,215.412604101056,0.4179621118217842,0.7919381186028892,55.45326845216101,False
PX-70BFF1D8+TM-D4148342,PX-70BFF1D8,TM-D4148342,7,A,A,A,B,B,1110,0001,6.6499999999999995,0.5,4.0,2.0,0.05,0.1,6.0,False,-58.65685228355226,1769.1467788691184,195.28931385161766,3.747605318399079e-05,1.760544479489348,57.21381362103551,215.41201503666537,0.4179621118217842,0.7919364813062066,55.453269141546166,False
PX-70BFF1D8+TM-7EA05171,PX-70BFF1D8,TM-7EA05171,7,A,A,A,B,B,1110,0001,6.6499999999999995,0.5,4.0,2.0,0.1,0.05,6.0,False,-58.6540050395793,1757.4362966817257,195.25457104984275,3.747702544003958e-05,1.7468641557879072,57.20965344471687,215.411113420907,0.4179621118217842,0.7921533959669677,55.46278928892896,False
PX-70BFF1D8+TM-451EE8EE,PX-70BFF1D8,TM-451EE8EE,7,A,A,A,B,B,1110,0001,6.699999999999999,0.5,4.0,2.0,0.1,0.1,6.0,False,-58.66460659937484,1757.501153031492,195.2543935276956,3.747702544003958e-05,1.746868286368171,57.20965167760668,215.41052472820675,0.4179621118217842,0.7921516557504766,55.4627833912385,False
PX-70BFF1D8+TM-196A39BD,PX-70BFF1D8,TM-196A39BD,7,A,A,A,B,B,1110,0001,9.100000000000001,0.5,8.0,0.5,0.05,0.05,6.0,False,-57.88910640668581,1028.951938930457,190.43406144925072,3.750129999951597e-05,0.8418140313893336,52.05683229268275,206.8012557955969,0.5323161703930998,0.7933995354543725,51.21501826129341,False
PX-70BFF1D8+TM-49117E35,PX-70BFF1D8,TM-49117E35,7,A,A,A,B,B,1110,0001,9.15,0.5,8.0,0.5,0.05,0.1,6.0,False,-57.89908297309301,1029.0031135528884,190.433845543338,3.750129999951597e-05,0.8418285676563724,52.056830802066784,206.80068067100694,0.5323161703930998,0.7933975283077979,51.21500223441041,False
PX-70BFF1D8+TM-BDA8A9EE,PX-70BFF1D8,TM-BDA8A9EE,7,A,A,A,B,B,1110,0001,9.15,0.5,8.0,0.5,0.1,0.05,6.0,False,-57.89731828482677,1022.3678860085199,190.36480166254603,3.7502278603127596e-05,0.8354327329595843,52.04142030206111,206.79076220179581,0.5323161703930998,0.7935306613940305,51.205987569101524,False
PX-70BFF1D8+TM-5B2918E6,PX-70BFF1D8,TM-5B2918E6,7,A,A,A,B,B,1110,0001,9.2,0.5,8.0,0.5,0.1,0.1,6.0,False,-57.90728263374182,1022.4190238807631,190.36459383298796,3.7502278603127596e-05,0.8354480000582963,52.041419180803175,206.79018836244572,0.5323161703930998,0.7935286385061127,51.205971180744875,False
PX-70BFF1D8+TM-60ADACA0,PX-70BFF1D8,TM-60ADACA0,7,A,A,A,B,B,1110,0001,9.600000000000001,0.5,8.0,1.0,0.05,0.05,6.0,False,-58.01396765405558,1027.8602588668934,190.41621843704897,3.751729832909859e-05,0.8404032668230674,51.898124018125785,205.78547293510456,0.5323161703930998,0.7914202036558646,51.05772075130272,False
PX-70BFF1D8+TM-CA5F92A2,PX-70BFF1D8,TM-CA5F92A2,7,A,A,A,B,B,1110,0001,9.65,0.5,8.0,1.0,0.05,0.1,6.0,False,-58.023818867625835,1027.9114315791508,190.41600450216615,3.751729832909859e-05,0.8404179865022664,51.89812624764395,205.78496999093178,0.5323161703930998,0.7914183254218448,51.057708261141684,False
PX-70BFF1D8+TM-D655B7C6,PX-70BFF1D8,TM-D655B7C6,7,A,A,A,B,B,1110,0001,9.65,0.5,8.0,1.0,0.1,0.05,6.0,False,-58.021940857720494,1021.3775764209231,190.34864865529354,3.7518282362959486e-05,0.8341906684579449,51.88986317784732,205.7817510486574,0.5323161703930998,0.7915604720142182,51.05567250938937,False
PX-70BFF1D8+TM-510E8CD6,PX-70BFF1D8,TM-510E8CD6,7,A,A,A,B,B,1110,0001,9.7,0.5,8.0,1.0,0.1,0.1,6.0,False,-58.03178001778565,1021.4287121923992,190.34844232409955,3.7518282362959486e-05,0.83420607208946,51.88986558903451,205.7812483760552,0.5323161703930998,0.7915585772595917,51.05565951694505,False
PX-70BFF1D8+TM-155C2AC2,PX-70BFF1D8,TM-155C2AC2,7,A,A,A,B,B,1110,0001,10.600000000000001,0.5,8.0,2.0,0.05,0.05,6.0,False,-58.22692138167453,1025.6810872161082,190.380721382707,3.755050051991725e-05,0.8376139778669591,51.74593346869087,205.03506428614008,0.5323161703930998,0.7899859350475809,50.908319490823914,False
PX-70BFF1D8+TM-C4EF8727,PX-70BFF1D8,TM-C4EF8727,7,A,A,A,B,B,1110,0001,10.65,0.5,8.0,2.0,0.05,0.1,6.0,False,-58.23652923709762,1025.7322556528402,190.38051114267108,3.755050051991725e-05,0.8376290386640018,51.74593894550744,205.03459446793326,0.5323161703930998,0.7899841100105919,50.908309906843435,False
PX-70BFF1D8+TM-2822DBE9,PX-70BFF1D8,TM-2822DBE9,7,A,A,A,B,B,1110,0001,10.65,0.5,8.0,2.0,0.1,0.05,6.0,False,-58.23468544434151,1019.4005720597122,190.31648083918887,3.755148806035433e-05,0.8317309247016398,51.742100251521215,205.03399872644434,0.5323161703930998,0.7901239498251906,50.91036932681958,False
PX-70BFF1D8+TM-524513CD,PX-70BFF1D8,TM-524513CD,7,A,A,A,B,B,1110,0001,10.7,0.5,8.0,2.0,0.1,0.1,6.0,False,-58.24428152836601,1019.4517032701267,190.31627734049604,3.755148806035433e-05,0.8317465844880915,51.74210580350204,205.03352895591044,0.5323161703930998,0.7901221098139952,50.91035921901395,False
PX-70BFF1D8+TM-C6470215,PX-70BFF1D8,TM-C6470215,7,A,A,A,B,B,1110,0001,17.1,0.5,16.0,0.5,0.05,0.05,6.0,False,-58.11474239551354,390.7349444263358,172.0571465827295,3.7656850821402217e-05,0.2731593767981127,47.19396263585456,197.53776576066528,0.6273024281682699,0.793088451075074,46.92080325905644,False
PX-70BFF1D8+TM-25F81A19,PX-70BFF1D8,TM-25F81A19,7,A,A,A,B,B,1110,0001,17.150000000000002,0.5,16.0,0.5,0.05,0.1,6.0,False,-58.12291503629434,390.76596325930296,172.05718658149237,3.7656850821402217e-05,0.27317068540150075,47.19397067432234,197.5372921680342,0.6273024281682699,0.7930864682763686,46.92079998892084,False
PX-70BFF1D8+TM-D2B82E1A,PX-70BFF1D8,TM-D2B82E1A,7,A,A,A,B,B,1110,0001,17.150000000000002,0.5,16.0,0.5,0.1,0.05,6.0,False,-58.12199645308777,388.51382251590866,171.90594119712463,3.765785370228722e-05,0.27159122268008723,47.18486055324317,197.53220149328558,0.6273024281682699,0.7931498701732167,46.91326933056308,False
PX-70BFF1D8+TM-D9325021,PX-70BFF1D8,TM-D9325021,7,A,A,A,B,B,1110,0001,17.200000000000003,0.5,16.0,0.5,0.1,0.1,6.0,False,-58.130158954777386,388.54477002465393,171.90598991469506,3.765785370228722e-05,0.27160255009515805,47.18486879753365,197.53172801455938,0.6273024281682699,0.7931478850714826,46.91326624743849,False
PX-70BFF1D8+TM-3A6C19DC,PX-70BFF1D8,TM-3A6C19DC,7,A,A,A,B,B,1110,0001,17.6,0.5,16.0,1.0,0.05,0.05,6.0,False,-58.22008282369819,390.46668881009293,172.0237370816867,3.767264197870335e-05,0.272886267025567,47.11241672591671,196.61812517179195,0.6273024281682699,0.791228498419893,46.83953045889114,False
PX-70BFF1D8+TM-348A77C8,PX-70BFF1D8,TM-348A77C8,7,A,A,A,B,B,1110,0001,17.650000000000002,0.5,16.0,1.0,0.05,0.1,6.0,False,-58.228153728090156,390.4977013193942,172.02377884570566,3.767264197870335e-05,0.27289758091884647,47.11242658297125,196.61767096111373,0.6273024281682699,0.7912265523701114,46.83952900205241,False
PX-70BFF1D8+TM-8FA343F3,PX-70BFF1D8,TM-8FA343F3,7,A,A,A,B,B,1110,0001,17.650000000000002,0.5,16.0,1.0,0.1,0.05,6.0,False,-58.227162683650405,388.27063473875995,171.8747157197449,3.767364860696262e-05,0.27134269608644795,47.10648562720693,196.61600818340682,0.6273024281682699,0.7912957243167493,46.83514293112048,False
PX-70BFF1D8+TM-3497EB27,PX-70BFF1D8,TM-3497EB27,7,A,A,A,B,B,1110,0001,17.700000000000003,0.5,16.0,1.0,0.1,0.1,6.0,False,-58.23522357634274,388.30157661715947,171.87476604276654,3.767364860696262e-05,0.27135402794435376,47.10649560963316,196.6155540151463,0.6273024281682699,0.7912937758887015,46.8351415816888,False
PX-70BFF1D8+TM-E5447244,PX-70BFF1D8,TM-E5447244,7,A,A,A,B,B,1110,0001,18.6,0.5,16.0,2.0,0.05,0.05,6.0,False,-58.39755498235176,389.93101239462874,171.95691075406353,3.7705353417647895e-05,0.2723419567167921,47.01705749750563,195.91517981356012,0.6273024281682699,0.7898128050926544,46.744715540788846,False
PX-70BFF1D8+TM-94DEFF90,PX-70BFF1D8,TM-94DEFF90,7,A,A,A,B,B,1110,0001,18.650000000000002,0.5,16.0,2.0,0.05,0.1,6.0,False,-58.40542686297307,389.9620122314245,171.95695602288922,3.7705353417647895e-05,0.27235328080026455,47.01706932372092,195.9147396574481,0.6273024281682699,0.7898108851268125,46.74471604292066,False
PX-70BFF1D8+TM-9D4BCF80,PX-70BFF1D8,TM-9D4BCF80,7,A,A,A,B,B,1110,0001,18.650000000000002,0.5,16.0,2.0,0.1,0.05,6.0,False,-58.40442865582421,387.78500150614286,171.8122609263013,3.770636291383024e-05,0.2708472859014076,47.013718622679924,195.91453065337382,0.6273024281682699,0.7898808998510675,46.742871336778514,False
PX-70BFF1D8+TM-31115CEF,PX-70BFF1D8,TM-31115CEF,7,A,A,A,B,B,1110,0001,18.700000000000003,0.5,16.0,2.0,0.1,0.1,6.0,False,-58.41229077193338,387.8159321041505,171.81231443976375,3.770636291383024e-05,0.2708586263363935,47.01373051322794,195.9140905096494,0.6273024281682699,0.7898789775635499,46.74287188689155,False
PX-70BFF1D8+TM-44750E09,PX-70BFF1D8,TM-44750E09,7,A,A,A,B,B,1110,0001,2.5999999999999996,1.0,1.0,0.5,0.05,0.05,6.0,False,-59.0000218414762,2386.3167197806097,197.58805167910128,3.738087051451824e-05,3.1522980253385895,64.31489568490808,229.5418443311225,0.2675081093105593,0.7999282107830354,61.16259765956949,False
PX-70BFF1D8+TM-FAB5DC2E,PX-70BFF1D8,TM-FAB5DC2E,7,A,A,A,B,B,1110,0001,2.65,1.0,1.0,0.5,0.05,0.1,6.0,False,-59.011683452632035,2386.389147409924,197.58766908858016,3.738087051451824e-05,3.1519240837722995,64.3148720759844,229.54167531423255,0.2675081093105593,0.7999315658912671,61.1629479922121,False
PX-70BFF1D8+TM-AAD78B2B,PX-70BFF1D8,TM-AAD78B2B,7,A,A,A,B,B,1110,0001,2.65,1.0,1.0,0.5,0.1,0.05,6.0,False,-59.00868517212276,2368.9256878776982,197.57117772365208,3.738182174528627e-05,3.1292779371309276,64.28639874661516,229.51889577947088,0.2675081093105593,0.8001581748104247,61.15712080948423,False
PX-70BFF1D8+TM-B9DD542F,PX-70BFF1D8,TM-B9DD542F,7,A,A,A,B,B,1110,0001,2.7,1.0,1.0,0.5,0.1,0.1,6.0,False,-59.02036016121648,2368.998414798445,197.57093533535567,3.738182174528627e-05,3.1290907877365206,64.28637582361165,229.5187384678802,0.2675081093105593,0.8001594127437179,61.15728503587513,False
PX-70BFF1D8+TM-921BB415,PX-70BFF1D8,TM-921BB415,7,A,A,A,B,B,1110,0001,3.0999999999999996,1.0,1.0,1.0,0.05,0.05,6.0,False,-59.14383904427425,2382.929165469264,197.5759271101182,3.7397199242158404e-05,3.1371438034292267,63.989694613330606,228.32669190074049,0.2675081093105593,0.7978509513264064,60.85255080990138,False
PX-70BFF1D8+TM-997B1495,PX-70BFF1D8,TM-997B1495,7,A,A,A,B,B,1110,0001,3.15,1.0,1.0,1.0,0.05,0.1,6.0,False,-59.15537073333949,2383.0016642607225,197.5756434252274,3.7397199242158404e-05,3.1369021158725108,63.98967862061567,228.32672386324833,0.2675081093105593,0.7978531410247087,60.85277650474317,False
PX-70BFF1D8+TM-DA26960F,PX-70BFF1D8,TM-DA26960F,7,A,A,A,B,B,1110,0001,3.15,1.0,1.0,1.0,0.1,0.05,6.0,False,-59.15275894336902,2365.903941370239,197.56278759567016,3.739815809500651e-05,3.1191168525584025,63.977960282806094,228.31942264640077,0.2675081093105593,0.7980510592049035,60.85884343024769,False
PX-70BFF1D8+TM-24EDFB89,PX-70BFF1D8,TM-24EDFB89,7,A,A,A,B,B,1110,0001,3.2,1.0,1.0,1.0,0.1,0.1,6.0,False,-59.164293342352856,2365.976724185847,197.5625895425766,3.739815809500651e-05,3.118988112109201,63.97794454866451,228.31945220490684,0.2675081093105593,0.7980519488250164,60.8589564365553,False
PX-70BFF1D8+TM-F25AD464,PX-70BFF1D8,TM-F25AD464,7,A,A,A,B,B,1110,0001,4.1,1.0,1.0,2.0,0.05,0.05,6.0,False,-59.39041737286082,2376.174976073506,197.55994846177109,3.743115323572715e-05,3.117818024220415,63.74096202434923,227.47769385085738,0.2675081093105593,0.7964772285607573,60.62314400012881,False
PX-70BFF1D8+TM-8889DD51,PX-70BFF1D8,TM-8889DD51,7,A,A,A,B,B,1110,0001,4.1499999999999995,1.0,1.0,2.0,0.05,0.1,6.0,False,-59.40168862890798,2376.24761042028,197.55975582101576,3.743115323572715e-05,3.1176965259516796,63.74095131661865,227.47742363265473,0.2675081093105593,0.7964775235902088,60.62325479066698,False
PX-70BFF1D8+TM-E782BC8B,PX-70BFF1D8,TM-E782BC8B,7,A,A,A,B,B,1110,0001,4.1499999999999995,1.0,1.0,2.0,0.1,0.05,6.0,False,-59.39954390940099,2359.8773748686585,197.54984691833857,3.7432115976439576e-05,3.103859824564332,63.73670936015153,227.47585778595132,0.2675081093105593,0.7966403299267695,60.6328495355872,False
PX-70BFF1D8+TM-A42F8405,PX-70BFF1D8,TM-A42F8405,7,A,A,A,B,B,1110,0001,4.199999999999999,1.0,1.0,2.0,0.1,0.1,6.0,False,-59.410808645004536,2359.9502646590227,197.5496922702449,3.7432115976439576e-05,3.103788021975121,63.736698735547435,227.47558632950876,0.2675081093105593,0.796640050763325,60.63291071357232,False
PX-70BFF1D8+TM-EE240210,PX-70BFF1D8,TM-EE240210,7,A,A,A,B,B,1110,0001,3.5999999999999996,1.0,2.0,0.5,0.05,0.05,6.0,False,-58.64300767074269,2054.780674352808,196.95093562510831,3.739904906658988e-05,2.4780060018669876,60.996111504844045,223.48273588556782,0.3406770239847374,0.7976274885211325,58.51810550297706,False
PX-70BFF1D8+TM-20D6F9FE,PX-70BFF1D8,TM-20D6F9FE,7,A,A,A,B,B,1110,0001,3.65,1.0,2.0,0.5,0.05,0.1,6.0,False,-58.654501195173495,2054.8493051467963,196.95070504548994,3.739904906658988e-05,2.4779177200203346,60.99609372770384,223.4790642639582,0.3406770239847374,0.7976216779106797,58.5181760076835,False
PX-70BFF1D8+TM-06A31967,PX-70BFF1D8,TM-06A31967,7,A,A,A,B,B,1110,0001,3.65,1.0,2.0,0.5,0.1,0.05,6.0,False,-58.65096153498129,2040.2053350184221,196.9240981472372,3.7400005671775205e-05,2.4555152767494453,60.97068110609106,223.46285693633638,0.3406770239847374,0.7978898169171255,58.515165829341605,False
PX-70BFF1D8+TM-BBEC3DF4,PX-70BFF1D8,TM-BBEC3DF4,7,A,A,A,B,B,1110,0001,3.7,1.0,2.0,0.5,0.1,0.1,6.0,False,-58.66244613616144,2040.2741408670079,196.92391672677857,3.7400005671775205e-05,2.4554686702077912,60.97066394638273,223.45926479130543,0.3406770239847374,0.7978836038900848,58.515195276174936,False
PX-70BFF1D8+TM-63823495,PX-70BFF1D8,TM-63823495,7,A,A,A,B,B,1110,0001,4.1,1.0,2.0,1.0,0.05,0.05,6.0,False,-58.78421931726788,2052.010434219277,196.94090203140235,3.741530317093629e-05,2.470363024156058,60.710448034465905,222.31352289887147,0.3406770239847374,0.7955240829027903,58.24008501030985,False
PX-70BFF1D8+TM-F396C77F,PX-70BFF1D8,TM-F396C77F,7,A,A,A,B,B,1110,0001,4.1499999999999995,1.0,2.0,1.0,0.05,0.1,6.0,False,-58.795529525896754,2052.0791080705867,196.9406996121036,3.741530317093629e-05,2.47029836424983,60.71043700794209,222.31186345840206,0.3406770239847374,0.795521414631589,58.24013864369226,False
PX-70BFF1D8+TM-E27A80B9,PX-70BFF1D8,TM-E27A80B9,7,A,A,A,B,B,1110,0001,4.1499999999999995,1.0,2.0,1.0,0.1,0.05,6.0,False,-58.79194838644642,2037.7238610489464,196.91554619140334,3.7416266950807355e-05,2.4491893722889784,60.69945972881313,222.30704072883256,0.3406770239847374,0.7957934081119225,58.25027035652415,False
PX-70BFF1D8+TM-6355F1E0,PX-70BFF1D8,TM-6355F1E0,7,A,A,A,B,B,1110,0001,4.199999999999999,1.0,2.0,1.0,0.1,0.1,6.0,False,-58.80324875936764,2037.792701051028,196.91537439437562,3.7416266950807355e-05,2.4491509256632056,60.69944894630923,222.30539115959553,0.3406770239847374,0.7957904180112763,58.25029802064603,False
PX-70BFF1D8+TM-0AABD2BC,PX-70BFF1D8,TM-0AABD2BC,7,A,A,A,B,B,1110,0001,5.1,1.0,2.0,2.0,0.05,0.05,6.0,False,-59.02547443554146,2046.4851406538703,196.92228928684216,3.744908957838843e-05,2.456387027279589,60.483310201487356,221.48348269904565,0.3406770239847374,0.7941222186650627,58.02692317420777,False
PX-70BFF1D8+TM-110F17FD,PX-70BFF1D8,TM-110F17FD,7,A,A,A,B,B,1110,0001,5.1499999999999995,1.0,2.0,2.0,0.05,0.1,6.0,False,-59.03649365206445,2046.553896632863,196.9221068525074,3.744908957838843e-05,2.4563396621977356,60.483304037976055,221.48250907991954,0.3406770239847374,0.7941205069409354,58.02696437577831,False
PX-70BFF1D8+TM-763E5EED,PX-70BFF1D8,TM-763E5EED,7,A,A,A,B,B,1110,0001,5.1499999999999995,1.0,2.0,2.0,0.1,0.05,6.0,False,-59.03320581848225,2032.7734035018414,196.89955762361944,3.745005721765765e-05,2.437519022120446,60.47915430836041,221.4817855120245,0.3406770239847374,0.7943706553976679,58.041635286239966,False
PX-70BFF1D8+TM-D98DE9F2,PX-70BFF1D8,TM-D98DE9F2,7,A,A,A,B,B,1110,0001,5.199999999999999,1.0,2.0,2.0,0.1,0.1,6.0,False,-59.044214968751454,2032.8423089028124,196.89940095309373,3.745005721765765e-05,2.4374933472286915,60.47914822654905,221.4808135710245,0.3406770239847374,0.7943686649205249,58.04165487932036,False
PX-70BFF1D8+TM-7DB9C892,PX-70BFF1D8,TM-7DB9C892,7,A,A,A,B,B,1110,0001,5.6,1.0,4.0,0.5,0.05,0.05,6.0,False,-58.19698531126491,1544.3490207915938,195.34719345556792,3.743596458187469e-05,1.6039287454212157,56.42611001783545,214.99938504038758,0.4369065112823376,0.7951406318787233,54.822181272414234,False
PX-70BFF1D8+TM-C248EAA0,PX-70BFF1D8,TM-C248EAA0,7,A,A,A,B,B,1110,0001,5.6499999999999995,1.0,4.0,0.5,0.05,0.1,6.0,False,-58.207876685929314,1544.410321101481,195.3470007980153,3.743596458187469e-05,1.6039265274988346,56.42610050073694,214.99838742206853,0.4369065112823376,0.7951382549430064,54.82217397323811,False
PX-70BFF1D8+TM-C7D731DB,PX-70BFF1D8,TM-C7D731DB,7,A,A,A,B,B,1110,0001,5.6499999999999995,1.0,4.0,0.5,0.1,0.05,6.0,False,-58.205147680416985,1533.912113840686,195.30778481316005,3.7436930815542345e-05,1.5899053843621853,56.405386683406434,214.9839055653564,0.4369065112823376,0.7953452650148884,54.81548129904425,False
PX-70BFF1D8+TM-56922EC3,PX-70BFF1D8,TM-56922EC3,7,A,A,A,B,B,1110,0001,5.699999999999999,1.0,4.0,0.5,0.1,0.1,6.0,False,-58.21602680113953,1533.9734555303364,195.3076103406001,3.7436930815542345e-05,1.5899099088881306,56.40537766910353,214.98291409906824,0.4369065112823376,0.7953427890744001,54.815467760215405,False
PX-70BFF1D8+TM-C033A5CE,PX-70BFF1D8,TM-C033A5CE,7,A,A,A,B,B,1110,0001,6.1,1.0,4.0,1.0,0.05,0.05,6.0,False,-58.33206590866635,1542.4650911231672,195.3354353675073,3.7452095690029515e-05,1.600202336622651,56.2000637643558,213.89823158413864,0.4369065112823376,0.7930762234730553,54.599861427733146,False
PX-70BFF1D8+TM-1FC706E9,PX-70BFF1D8,TM-1FC706E9,7,A,A,A,B,B,1110,0001,6.1499999999999995,1.0,4.0,1.0,0.05,0.1,6.0,False,-58.34281629213246,1542.5264053425813,195.33524817048252,3.7452095690029515e-05,1.6002021630576864,56.20005958785979,213.8975108963967,0.4369065112823376,0.7930743049324626,54.5998574248021,False
PX-70BFF1D8+TM-B88B8F46,PX-70BFF1D8,TM-B88B8F46,7,A,A,A,B,B,1110,0001,6.1499999999999995,1.0,4.0,1.0,0.1,0.05,6.0,False,-58.3399790723677,1532.2135470161734,195.29760731728695,3.745306830941087e-05,1.5867793691693834,56.190313610940045,213.8930079732642,0.4369065112823376,0.7932901099848844,54.60353424177066,False
PX-70BFF1D8+TM-7C8FA852,PX-70BFF1D8,TM-7C8FA852,7,A,A,A,B,B,1110,0001,6.199999999999999,1.0,4.0,1.0,0.1,0.1,6.0,False,-58.35071730911495,1532.2748996397063,195.29743629557717,3.745306830941087e-05,1.5867851759111873,56.190309650844725,213.8922889649707,0.4369065112823376,0.7932880967446454,54.603524474933536,False
PX-70BFF1D8+TM-C880C6CB,PX-70BFF1D8,TM-C880C6CB,7,A,A,A,B,B,1110,0001,7.1,1.0,4.0,2.0,0.05,0.05,6.0,False,-58.56282124672782,1538.7058557097575,195.31262519390168,3.7485603548832634e-05,1.5930456672413371,56.00693047560896,213.10322708091655,0.4369065112823376,0.7916419654151081,54.41388480836763,False
PX-70BFF1D8+TM-B5B2535D,PX-70BFF1D8,TM-B5B2535D,7,A,A,A,B,B,1110,0001,7.1499999999999995,1.0,4.0,2.0,0.05,0.1,6.0,False,-58.57330405253539,1538.7671962061756,195.31244734655476,3.7485603548832634e-05,1.593048981022831,56.00693043790537,213.10265506820005,0.4369065112823376,0.7916402554096545,54.41388145688254,False
PX-70BFF1D8+TM-E815F632,PX-70BFF1D8,TM-E815F632,7,A,A,A,B,B,1110,0001,7.1499999999999995,1.0,4.0,2.0,0.1,0.05,6.0,False,-58.57061199335198,1528.823682080916,195.2777067336919,3.7486579911911846e-05,1.580720015382771,56.00295294049184,213.10180726886986,0.4369065112823376,0.7918453896206725,54.422232925109064,False
PX-70BFF1D8+TM-72CDF500,PX-70BFF1D8,TM-72CDF500,7,A,A,A,B,B,1110,0001,7.199999999999999,1.0,4.0,2.0,0.1,0.1,6.0,False,-58.58108275080433,1528.8850554014296,195.2775417756588,3.7486579911911846e-05,1.5807280698827513,56.0029529811112,213.10123558595578,0.4369065112823376,0.791843602380905,54.42222491122845,False
PX-70BFF1D8+TM-CB483D6B,PX-70BFF1D8,TM-CB483D6B,7,A,A,A,B,B,1110,0001,9.600000000000001,1.0,8.0,0.5,0.05,0.05,6.0,False,-57.90780957727282,910.4210594712666,190.62635330860735,3.75115799431153e-05,0.7772567097026858,51.31908045080531,205.37303443012442,0.5389965604155741,0.7934300315032905,50.541823741102625,False
PX-70BFF1D8+TM-C12CB0FE,PX-70BFF1D8,TM-C12CB0FE,7,A,A,A,B,B,1110,0001,9.65,1.0,8.0,0.5,0.05,0.1,6.0,False,-57.91766212680489,910.46947746259,190.62615451037743,3.75115799431153e-05,0.7772713786576687,51.31908040615238,205.3724899678294,0.5389965604155741,0.7934280562548353,50.541809027494715,False
PX-70BFF1D8+TM-5F6B6BDD,PX-70BFF1D8,TM-5F6B6BDD,7,A,A,A,B,B,1110,0001,9.65,1.0,8.0,0.5,0.1,0.05,6.0,False,-57.91599739815549,904.7336419743086,190.55905727384354,3.751256200838621e-05,0.7714578592710979,51.304368684186265,205.3630824233532,0.5389965604155741,0.7935536136709861,50.53291082491517,False
PX-70BFF1D8+TM-F04B7ADB,PX-70BFF1D8,TM-F04B7ADB,7,A,A,A,B,B,1110,0001,9.7,1.0,8.0,0.5,0.1,0.1,6.0,False,-57.92583785379449,904.7820107828588,190.5588653681752,3.751256200838621e-05,0.7714731026479219,51.30436899200622,205.36253887287293,0.5389965604155741,0.7935516249836038,50.532895889358294,False
PX-70BFF1D8+TM-B3E3F2CC,PX-70BFF1D8,TM-B3E3F2CC,7,A,A,A,B,B,1110,0001,10.100000000000001,1.0,8.0,1.0,0.05,0.05,6.0,False,-58.03112139798941,909.5094854886812,190.6092156829922,3.752753815461921e-05,0.7759942123728032,51.16792313956057,204.37418455169066,0.5389965604155741,0.7914752767140284,50.39192892718777,False
PX-70BFF1D8+TM-C33ABC3A,PX-70BFF1D8,TM-C33ABC3A,7,A,A,A,B,B,1110,0001,10.15,1.0,8.0,1.0,0.05,0.1,6.0,False,-58.04085053274281,909.5578993826059,190.6090185376492,3.752753815461921e-05,0.7760090236034274,51.16792663344609,204.37369502657745,0.5389965604155741,0.7914733997178829,50.391917609842665,False
PX-70BFF1D8+TM-52CA0F9D,PX-70BFF1D8,TM-52CA0F9D,7,A,A,A,B,B,1110,0001,10.15,1.0,8.0,1.0,0.1,0.05,6.0,False,-58.039075753867166,903.9057524707804,190.54347843104412,3.752852537412343e-05,0.7703422126500518,51.15998331952622,204.3706377065025,0.5389965604155741,0.7916076954303763,50.38964110687617,False
PX-70BFF1D8+TM-708B0FD8,PX-70BFF1D8,TM-708B0FD8,7,A,A,A,B,B,1110,0001,10.2,1.0,8.0,1.0,0.1,0.1,6.0,False,-58.048792952989295,903.9541173518865,190.54328780462308,3.752852537412343e-05,0.7703575634699565,51.15998698833038,204.37014837618975,0.5389965604155741,0.791605804520062,50.38962942486042,False
PX-70BFF1D8+TM-1AFAF179,PX-70BFF1D8,TM-1AFAF179,7,A,A,A,B,B,1110,0001,11.100000000000001,1.0,8.0,2.0,0.05,0.05,6.0,False,-58.241560146851526,907.6896884754613,190.57508372886417,3.756064791682298e-05,0.7734948331818506,51.021629953148576,203.63258997542604,0.5389965604155741,0.790048975171121,50.248135119966726,False
PX-70BFF1D8+TM-158ED388,PX-70BFF1D8,TM-158ED388,7,A,A,A,B,B,1110,0001,11.15,1.0,8.0,2.0,0.05,0.1,6.0,False,-58.2510490803581,907.7380938624334,190.5748897026695,3.756064791682298e-05,0.7735099104724389,51.02163656912857,203.6321267875492,0.5389965604155741,0.7900471404252738,50.24812665865613,False
PX-70BFF1D8+TM-90D37102,PX-70BFF1D8,TM-90D37102,7,A,A,A,B,B,1110,0001,11.15,1.0,8.0,2.0,0.1,0.05,6.0,False,-58.249302385385974,902.2528823175154,190.5124265510711,3.756163855607449e-05,0.7681305582472122,51.01795476971157,203.63156975332114,0.5389965604155741,0.7901795786932643,50.24982421146436,False
PX-70BFF1D8+TM-AE5CD5B5,PX-70BFF1D8,TM-AE5CD5B5,7,A,A,A,B,B,1110,0001,11.2,1.0,8.0,2.0,0.1,0.1,6.0,False,-58.25877966566938,902.301239094883,190.51223835686378,3.756163855607449e-05,0.7681461115552731,51.01796145801349,203.63110660136405,0.5389965604155741,0.7901777312796916,50.24981534645821,False
PX-70BFF1D8+TM-AB4A116E,PX-70BFF1D8,TM-AB4A116E,7,A,A,A,B,B,1110,0001,17.6,1.0,16.0,0.5,0.05,0.05,6.0,False,-58.20246759988845,355.71358689895544,172.94026183239188,3.766776631677207e-05,0.2572552149383865,46.752416068854096,196.6617899050232,0.6267362601615353,0.7932054803535602,46.49516085391571,False
PX-70BFF1D8+TM-CEB21E95,PX-70BFF1D8,TM-CEB21E95,7,A,A,A,B,B,1110,0001,17.650000000000002,1.0,16.0,0.5,0.05,0.1,6.0,False,-58.21053913375728,355.7428480819814,172.94032916816352,3.766776631677207e-05,0.25726619416889185,46.75242500450787,196.6613184815147,0.6267362601615353,0.7932034932123598,46.49515881033898,False
PX-70BFF1D8+TM-C3BA9D91,PX-70BFF1D8,TM-C3BA9D91,7,A,A,A,B,B,1110,0001,17.650000000000002,1.0,16.0,0.5,0.1,0.05,6.0,False,-58.20965924937156,353.7499847739912,172.79411729156035,3.7668771437864644e-05,0.25579276576875487,46.74365115775143,196.65643795896338,0.6267362601615353,0.7932642886776151,46.48785839198268,False
PX-70BFF1D8+TM-63DEB74E,PX-70BFF1D8,TM-63DEB74E,7,A,A,A,B,B,1110,0001,17.700000000000003,1.0,16.0,0.5,0.1,0.1,6.0,False,-58.217720769307704,353.77917491830607,172.79419302777737,3.7668771437864644e-05,0.2558037593944719,46.74366029140475,196.65596664609913,0.6267362601615353,0.7932622994013925,46.487856532010284,False
PX-70BFF1D8+TM-01D98488,PX-70BFF1D8,TM-01D98488,7,A,A,A,B,B,1110,0001,18.1,1.0,16.0,1.0,0.05,0.05,6.0,False,-58.30657180470335,355.4894346407051,172.90821910528874,3.7683538323779194e-05,0.25700392164022196,46.674200301935436,195.7531056030148,0.6267362601615353,0.7913634666263302,46.417196380295216,False
PX-70BFF1D8+TM-BA002B5E,PX-70BFF1D8,TM-BA002B5E,7,A,A,A,B,B,1110,0001,18.150000000000002,1.0,16.0,1.0,0.05,0.1,6.0,False,-58.31454286199265,355.5186899050967,172.90828812745974,3.7683538323779194e-05,0.2570149051995594,46.674210978814514,195.75265341059978,0.6267362601615353,0.7913615160604737,46.41719607361495,False
PX-70BFF1D8+TM-E7B2BECF,PX-70BFF1D8,TM-E7B2BECF,7,A,A,A,B,B,1110,0001,18.150000000000002,1.0,16.0,1.0,0.1,0.05,6.0,False,-58.31359293639488,353.5472341681254,172.76412896344604,3.768454704388944e-05,0.2555639172857975,46.66847114238838,195.75106481336724,0.6267362601615353,0.7914278808128674,46.41290722510258,False
PX-70BFF1D8+TM-2B62A45C,PX-70BFF1D8,TM-2B62A45C,7,A,A,A,B,B,1110,0001,18.200000000000003,1.0,16.0,1.0,0.1,0.1,6.0,False,-58.32155410560998,353.57641907396874,172.76420623924886,3.768454704388944e-05,0.255574914550357,46.66848194043895,195.75061266217804,0.6267362601615353,0.7914259280343409,46.41290702588859,False
PX-70BFF1D8+TM-7D68BB68,PX-70BFF1D8,TM-7D68BB68,7,A,A,A,B,B,1110,0001,19.1,1.0,16.0,2.0,0.05,0.05,6.0,False,-58.481976268966264,355.0418230114391,172.84412232271063,3.771620397459691e-05,0.25650303490209375,46.58228318989615,195.05598489081507,0.6267362601615353,0.7899552788431419,46.32578015499406,False
PX-70BFF1D8+TM-068E4492,PX-70BFF1D8,TM-068E4492,7,A,A,A,B,B,1110,0001,19.150000000000002,1.0,16.0,2.0,0.05,0.1,6.0,False,-58.48975077033846,355.0710664221499,172.84419469626047,3.771620397459691e-05,0.2565140267933163,46.58229576420189,195.05554668104733,0.6267362601615353,0.7899533543570736,46.32578173740857,False
PX-70BFF1D8+TM-21FEE948,PX-70BFF1D8,TM-21FEE948,7,A,A,A,B,B,1110,0001,19.150000000000002,1.0,16.0,2.0,0.1,0.05,6.0,False,-58.48879318530102,353.14235042372695,172.70414499022814,3.771721549388667e-05,0.2551076881371476,46.57906191815171,195.05535769458763,0.6267362601615353,0.790020578923984,46.323954230014564,False
PX-70BFF1D8+TM-3AADCFB9,PX-70BFF1D8,TM-3AADCFB9,7,A,A,A,B,B,1110,0001,19.200000000000003,1.0,16.0,2.0,0.1,0.1,6.0,False,-58.496558042847944,353.17152484027474,172.70422532805722,3.771721549388667e-05,0.2551186924199886,46.57907455463584,195.0549194968577,0.6267362601615353,0.7900186522717989,46.32395586221585,False
PX-6248167C+TM-03DCFE76,PX-6248167C,TM-03DCFE76,7,A,A,A,B,B,1100,1001,2.0999999999999996,0.5,1.0,0.5,0.05,0.05,6.0,False,-44.01965465401309,42.99909605845935,3.175021027374487e-10,3.9080167799885015e-05,51.70951831940746,66.51917434783036,82.99809843862707,0.4515918186070819,0.10995827791732046,14.8096560284229,False
PX-6248167C+TM-EE5F79B6,PX-6248167C,TM-EE5F79B6,7,A,A,A,B,B,1100,1001,2.15,0.5,1.0,0.5,0.05,0.1,6.0,False,-44.0315227920997,42.999114792810154,3.163495425276353e-10,3.9080167799885015e-05,51.709648963439435,66.51905276496274,82.99766662678043,0.4515918186070819,0.1099563999217511,14.809403801523306,False
PX-6248167C+TM-C987E146,PX-6248167C,TM-C987E146,7,A,A,A,B,B,1100,1001,2.15,0.5,1.0,0.5,0.1,0.05,6.0,False,-44.03124823592018,43.009031338111264,3.1926987835669467e-10,3.908115892011489e-05,51.57243923537295,66.45079543968659,82.95614778795039,0.4515918186070819,0.11037284809552908,14.878356204313642,False
PX-6248167C+TM-BA2906EC,PX-6248167C,TM-BA2906EC,7,A,A,A,B,B,1100,1001,2.2,0.5,1.0,0.5,0.1,0.1,6.0,False,-44.043101395592664,43.009048925442315,3.1966681795256843e-10,3.908115892011489e-05,51.57257355023013,66.45067563514414,82.95571702606344,0.4515918186070819,0.11037095772244329,14.878102084914003,False
PX-6248167C+TM-B1B82082,PX-6248167C,TM-B1B82082,7,A,A,A,B,B,1100,1001,2.5999999999999996,0.5,1.0,1.0,0.05,0.05,6.0,False,-44.18442878423892,43.18666963059838,3.0967055988498704e-10,3.9116668644054976e-05,51.20085676631707,65.72910427865406,81.98297110663214,0.4515918186070819,0.10878857670324893,14.528247512336996,False
PX-6248167C+TM-3ADEC45D,PX-6248167C,TM-3ADEC45D,7,A,A,A,B,B,1100,1001,2.65,0.5,1.0,1.0,0.05,0.1,6.0,False,-44.19614785384112,43.18668042708701,3.0947582379957803e-10,3.9116668644054976e-05,51.20100051604549,65.72900261060981,81.98256409355716,0.4515918186070819,0.10878671371299037,14.528002094564323,False
PX-6248167C+TM-BC2BA4B2,PX-6248167C,TM-BC2BA4B2,7,A,A,A,B,B,1100,1001,2.65,0.5,1.0,1.0,0.1,0.05,6.0,False,-44.19607558782794,43.19152675840808,3.0992302173880433e-10,3.911766870393115e-05,51.14420245729529,65.70719503799425,81.97128046198063,0.4515918186070819,0.10897848263008468,14.562992580698968,False
PX-6248167C+TM-8103AB33,PX-6248167C,TM-8103AB33,7,A,A,A,B,B,1100,1001,2.7,0.5,1.0,1.0,0.1,0.1,6.0,False,-44.207779975984096,43.1915371385475,3.098833261409439e-10,3.911766870393115e-05,51.1443475642427,65.70709389365986,81.97087372291008,0.4515918186070819,0.10897661465880926,14.562746329417163,False
PX-6248167C+TM-514F25E6,PX-6248167C,TM-514F25E6,7,A,A,A,B,B,1100,1001,3.5999999999999996,0.5,1.0,2.0,0.05,0.05,6.0,False,-44.45085474647152,43.339983803647655,3.057887034505748e-10,3.919166988224595e-05,50.82939430634874,65.22526408482047,81.37796691852883,0.4515918186070819,0.10836119717978861,14.39586977847173,False
PX-6248167C+TM-37A2F2BC,PX-6248167C,TM-37A2F2BC,7,A,A,A,B,B,1100,1001,3.65,0.5,1.0,2.0,0.05,0.1,6.0,False,-44.462283632398666,43.33998930081974,3.0552741052740076e-10,3.919166988224595e-05,50.82954640799011,65.22517387985226,81.3775736250674,0.4515918186070819,0.1083593373056799,14.39562747186216,False
PX-6248167C+TM-8041B5D5,PX-6248167C,TM-8041B5D5,7,A,A,A,B,B,1100,1001,3.65,0.5,1.0,2.0,0.1,0.05,6.0,False,-44.462057455416,43.34095330041188,3.0627431620512094e-10,3.919263353066923e-05,50.80929939099284,65.21953983597741,81.37547588905049,0.4515918186070819,0.10843404313915343,14.410240444984575,False
PX-6248167C+TM-AC550B76,PX-6248167C,TM-AC550B76,7,A,A,A,B,B,1100,1001,3.7,0.5,1.0,2.0,0.1,0.1,6.0,False,-44.4734720698891,43.34095870606286,3.0648178155125914e-10,3.919263353066923e-05,50.809451905622744,65.21944975257679,81.37508264928248,0.4515918186070819,0.10843218163555807,14.40999784695405,False
PX-6248167C+TM-C84B98D5,PX-6248167C,TM-C84B98D5,7,A,A,A,B,B,1100,1001,3.0999999999999996,0.5,2.0,0.5,0.05,0.05,6.0,False,-41.66015851300947,42.58133940485619,2.1332784384244978e-10,3.908559308879941e-05,48.1958845905853,62.67668283675045,78.75740528670914,0.6543961095238149,0.11069600511154801,14.480798246165156,False
PX-6248167C+TM-A9341DA7,PX-6248167C,TM-A9341DA7,7,A,A,A,B,B,1100,1001,3.15,0.5,2.0,0.5,0.05,0.1,6.0,False,-41.67173478651964,42.58136084328129,2.1369789275114958e-10,3.908559308879941e-05,48.196035582877094,62.67658854557372,78.75700973902153,0.6543961095238149,0.11069410541988274,14.480552962696631,False
PX-6248167C+TM-38DE3A46,PX-6248167C,TM-38DE3A46,7,A,A,A,B,B,1100,1001,3.15,0.5,2.0,0.5,0.1,0.05,6.0,False,-41.666696618890775,42.5706166267656,2.1415410947218708e-10,3.908654738573521e-05,48.05628215355977,62.61577092786211,78.72237493553423,0.6543961095238149,0.11115945851840255,14.55948877430234,False
PX-6248167C+TM-4F91BE19,PX-6248167C,TM-4F91BE19,7,A,A,A,B,B,1100,1001,3.2,0.5,2.0,0.5,0.1,0.1,6.0,False,-41.6782583718839,42.570637313650955,2.1448390403682414e-10,3.908654738573521e-05,48.05643679038559,62.61567824306275,78.7219802761211,0.6543961095238149,0.11115754544238268,14.559241452677163,False
PX-6248167C+TM-D35760D5,PX-6248167C,TM-D35760D5,7,A,A,A,B,B,1100,1001,3.5999999999999996,0.5,2.0,1.0,0.05,0.05,6.0,False,-41.82494852624256,42.769117870960685,2.0508958164581604e-10,3.911861604502947e-05,47.83452180336069,61.98440432863436,77.8167711800313,0.6543961095238149,0.1091451552064516,14.149882525273679,False
PX-6248167C+TM-A41837FA,PX-6248167C,TM-A41837FA,7,A,A,A,B,B,1100,1001,3.65,0.5,2.0,1.0,0.05,0.1,6.0,False,-41.83637938118212,42.769131954001196,2.0543474489900608e-10,3.911861604502947e-05,47.83468191790528,61.984327683256296,77.81639889374647,0.6543961095238149,0.10914328320244479,14.14964576535102,False
PX-6248167C+TM-8B1FD324,PX-6248167C,TM-8B1FD324,7,A,A,A,B,B,1100,1001,3.65,0.5,2.0,1.0,0.1,0.05,6.0,False,-41.8324049696723,42.75744690296917,2.0554685294351097e-10,3.911958435835025e-05,47.7667395932241,61.963478283149584,77.80654696000776,0.6543961095238149,0.1093928334072801,14.196738689925482,False
PX-6248167C+TM-6B36D4D2,PX-6248167C,TM-6B36D4D2,7,A,A,A,B,B,1100,1001,3.7,0.5,2.0,1.0,0.1,0.1,6.0,False,-41.84382157750566,42.75746086596063,2.0672371479696047e-10,3.911958435835025e-05,47.76690129679409,61.963402142641684,77.80617491603898,0.6543961095238149,0.1093909550526069,14.196500845847595,False
PX-6248167C+TM-93471C56,PX-6248167C,TM-93471C56,7,A,A,A,B,B,1100,1001,4.6,0.5,2.0,2.0,0.05,0.05,6.0,False,-42.08736702299358,42.922234260797296,2.0069406683766594e-10,3.9186552845219115e-05,47.53688269548325,61.52147942854984,77.24190540812715,0.6543961095238149,0.1085100366637741,13.984596733066589,False
PX-6248167C+TM-DC79C298,PX-6248167C,TM-DC79C298,7,A,A,A,B,B,1100,1001,4.6499999999999995,0.5,2.0,2.0,0.05,0.1,6.0,False,-42.09851480140054,42.922243188704385,2.0131979031739223e-10,3.9186552845219115e-05,47.53704938747263,61.52141339062261,77.24154627528668,0.6543961095238149,0.10850817362506819,13.984364003149981,False
PX-6248167C+TM-5E21F537,PX-6248167C,TM-5E21F537,7,A,A,A,B,B,1100,1001,4.6499999999999995,0.5,2.0,2.0,0.1,0.05,6.0,False,-42.09562612750782,42.91183975578994,2.017470425604078e-10,3.918750325475836e-05,47.50853877277808,61.51560184941387,77.23956549489876,0.6543961095238149,0.10862020591576924,14.007063076635786,False
PX-6248167C+TM-C537F674,PX-6248167C,TM-C537F674,7,A,A,A,B,B,1100,1001,4.699999999999999,0.5,2.0,2.0,0.1,0.1,6.0,False,-42.10676003739802,42.911848801439604,2.0091059766526286e-10,3.918750325475836e-05,47.50870603787075,61.515535936955246,77.23920641279622,0.6543961095238149,0.10861834043567445,14.006829899084494,False
PX-6248167C+TM-AFD91B7E,PX-6248167C,TM-AFD91B7E,7,A,A,A,B,B,1100,1001,5.1,0.5,4.0,0.5,0.05,0.05,6.0,False,-39.26582564927966,42.60760350299997,1.216686346519155e-10,3.9107158305658116e-05,44.14217597287506,58.39606905934215,74.05841498130194,0.8284078997804247,0.11239368407485903,14.253893086467095,False
PX-6248167C+TM-43AF6F18,PX-6248167C,TM-43AF6F18,7,A,A,A,B,B,1100,1001,5.1499999999999995,0.5,4.0,0.5,0.05,0.1,6.0,False,-39.27683815098055,42.60762380679236,1.2091858849212283e-10,3.9107158305658116e-05,44.1423533241946,58.396005787303366,74.05805967529413,0.8284078997804247,0.1123917367141376,14.253652463108764,False
PX-6248167C+TM-955A259B,PX-6248167C,TM-955A259B,7,A,A,A,B,B,1100,1001,5.1499999999999995,0.5,4.0,0.5,0.1,0.05,6.0,False,-39.25979240376499,42.54408411982048,1.2121375558701642e-10,3.9108101712459194e-05,43.9966472404483,58.34679981852473,74.03296174784815,0.8284078997804247,0.11293705030247156,14.35015257807643,False
PX-6248167C+TM-8C7BDD47,PX-6248167C,TM-8C7BDD47,7,A,A,A,B,B,1100,1001,5.199999999999999,0.5,4.0,0.5,0.1,0.1,6.0,False,-39.270791202028335,42.54410414931072,1.224315575055636e-10,3.9108101712459194e-05,43.996827768041214,58.34673785485995,74.03260709766359,0.8284078997804247,0.11293508993586981,14.349910086818737,False
PX-6248167C+TM-1BB52401,PX-6248167C,TM-1BB52401,7,A,A,A,B,B,1100,1001,5.6,0.5,4.0,1.0,0.05,0.05,6.0,False,-39.42483000131595,42.77720904924662,1.1546350672351065e-10,3.913650174334351e-05,44.00415628041159,57.84795554987862,73.21909435559249,0.8284078997804247,0.11018787360147936,13.843799269467029,False
PX-6248167C+TM-411F8E1A,PX-6248167C,TM-411F8E1A,7,A,A,A,B,B,1100,1001,5.6499999999999995,0.5,4.0,1.0,0.05,0.1,6.0,False,-39.43570442218029,42.77722413687541,1.1510211751598843e-10,3.913650174334351e-05,44.00433663682285,57.847906321784464,73.21876009157984,0.8284078997804247,0.11018597573094806,13.84356968496161,False
PX-6248167C+TM-6A2FA74D,PX-6248167C,TM-6A2FA74D,7,A,A,A,B,B,1100,1001,5.6499999999999995,0.5,4.0,1.0,0.1,0.05,6.0,False,-39.409924048278924,42.66958784005959,1.1594178399129118e-10,3.913746074284317e-05,43.90253834449064,57.82894852682461,73.21114936116383,0.8284078997804247,0.1106004319044446,13.92641018233398,False
PX-6248167C+TM-FE4738D0,PX-6248167C,TM-FE4738D0,7,A,A,A,B,B,1100,1001,5.699999999999999,0.5,4.0,1.0,0.1,0.1,6.0,False,-39.42078525163052,42.66960419818358,1.1663465900331921e-10,3.913746074284317e-05,43.90272074960617,57.828899759881644,73.2108152877281,0.8284078997804247,0.11059852484991772,13.926179010275478,False
PX-6248167C+TM-79BBB106,PX-6248167C,TM-79BBB106,7,A,A,A,B,B,1100,1001,6.6,0.5,4.0,2.0,0.05,0.05,6.0,False,-39.677301474966555,42.92223586991779,1.0965361943511959e-10,3.919692119364749e-05,43.84930921038317,57.44819094035371,72.68496720536655,0.8284078997804247,0.10906609346481927,13.598881729970545,False
PX-6248167C+TM-D4148342,PX-6248167C,TM-D4148342,7,A,A,A,B,B,1100,1001,6.6499999999999995,0.5,4.0,2.0,0.05,0.1,6.0,False,-39.68790666069467,42.922246640307236,1.110717401333417e-10,3.919692119364749e-05,43.84949259699417,57.448150913237946,72.68464528192216,0.8284078997804247,0.10906421845938764,13.598658316243773,False
PX-6248167C+TM-7EA05171,PX-6248167C,TM-7EA05171,7,A,A,A,B,B,1100,1001,6.6499999999999995,0.5,4.0,2.0,0.1,0.05,6.0,False,-39.64815586464926,42.74604035821839,1.1237476569199384e-10,3.919787739796482e-05,43.78269670390903,57.442236050287676,72.68298372273654,0.8284078997804247,0.10934775471763544,13.659539346378638,False
PX-6248167C+TM-451EE8EE,PX-6248167C,TM-451EE8EE,7,A,A,A,B,B,1100,1001,6.699999999999999,0.5,4.0,2.0,0.1,0.1,6.0,False,-39.65874849099513,42.74605398371069,1.1347763065033079e-10,3.919787739796482e-05,43.78288128475321,57.44219615084446,72.68266184260251,0.8284078997804247,0.10934587406758178,13.659314866091252,False
PX-6248167C+TM-196A39BD,PX-6248167C,TM-196A39BD,7,A,A,A,B,B,1100,1001,9.100000000000001,0.5,8.0,0.5,0.05,0.05,6.0,False,-38.103603723419674,43.24501531216201,5.6892879168517394e-11,3.9168783458210574e-05,40.15163255950174,54.56475234378504,69.91912391084588,0.9336953247687548,0.11603549427494117,14.413119784283296,False
PX-6248167C+TM-49117E35,PX-6248167C,TM-49117E35,7,A,A,A,B,B,1100,1001,9.15,0.5,8.0,0.5,0.05,0.1,6.0,False,-38.113568132429634,43.24502644795814,5.6233347963369156e-11,3.9168783458210574e-05,40.15183662006999,54.564718577273055,69.91880453944218,0.9336953247687548,0.11603347753196583,14.412881957203059,False
PX-6248167C+TM-BDA8A9EE,PX-6248167C,TM-BDA8A9EE,7,A,A,A,B,B,1100,1001,9.15,0.5,8.0,0.5,0.1,0.05,6.0,False,-38.11839591205661,43.278435856352594,5.447057146886218e-11,3.916975025693756e-05,40.05413427536856,54.53060271063371,69.90398968291868,0.9336953247687548,0.11642479596892003,14.476468435265145,False
PX-6248167C+TM-5B2918E6,PX-6248167C,TM-5B2918E6,7,A,A,A,B,B,1100,1001,9.2,0.5,8.0,0.5,0.1,0.1,6.0,False,-38.128347783256565,43.278446309187856,5.541199871639873e-11,3.916975025693756e-05,40.0543396920538,54.53056983141458,69.9036707046635,0.9336953247687548,0.11642277319035706,14.476230139360787,False
PX-6248167C+TM-60ADACA0,PX-6248167C,TM-60ADACA0,7,A,A,A,B,B,1100,1001,9.600000000000001,0.5,8.0,1.0,0.05,0.05,6.0,False,-38.21994609709215,43.262172775914614,5.547846019029732e-11,3.919508242684531e-05,40.125635370320424,54.198755432694874,69.19569117981361,0.9336953247687548,0.11366851660063113,14.073120062374448,False
PX-6248167C+TM-CA5F92A2,PX-6248167C,TM-CA5F92A2,7,A,A,A,B,B,1100,1001,9.65,0.5,8.0,1.0,0.05,0.1,6.0,False,-38.22978647377151,43.262183572691995,5.5247293358516464e-11,3.919508242684531e-05,40.12583978107923,54.19873083826005,69.1953900682159,0.9336953247687548,0.11366655513995369,14.072891057180824,False
PX-6248167C+TM-D655B7C6,PX-6248167C,TM-D655B7C6,7,A,A,A,B,B,1100,1001,9.65,0.5,8.0,1.0,0.1,0.05,6.0,False,-38.233921419291285,43.29283742996592,5.4517843881470723e-11,3.9196061579458325e-05,40.031541469336496,54.183036699598766,69.1905540533996,0.9336953247687548,0.11407669935982759,14.151495230262269,False
PX-6248167C+TM-510E8CD6,PX-6248167C,TM-510E8CD6,7,A,A,A,B,B,1100,1001,9.7,0.5,8.0,1.0,0.1,0.1,6.0,False,-38.24374942865063,43.29284760163833,5.395552698296635e-11,3.9196061579458325e-05,40.031747186536656,54.1830124796535,69.1902530658447,0.9336953247687548,0.11407473128347079,14.151265293116843,False
PX-6248167C+TM-155C2AC2,PX-6248167C,TM-155C2AC2,7,A,A,A,B,B,1100,1001,10.600000000000001,0.5,8.0,2.0,0.05,0.05,6.0,False,-38.429079882028404,43.292791505970065,5.4095178591624746e-11,3.924921385139401e-05,40.07519719538582,53.88950064778981,68.70890153899285,0.9336953247687548,0.11221758755830935,13.81430345240399,False
PX-6248167C+TM-C4EF8727,PX-6248167C,TM-C4EF8727,7,A,A,A,B,B,1100,1001,10.65,0.5,8.0,2.0,0.05,0.1,6.0,False,-38.43867730178473,43.292801698811815,5.4540738859880574e-11,3.924921385139401e-05,40.0754022827865,53.88948305852168,68.70861173390418,0.9336953247687548,0.11221565785261703,13.81408077573518,False
PX-6248167C+TM-2822DBE9,PX-6248167C,TM-2822DBE9,7,A,A,A,B,B,1100,1001,10.65,0.5,8.0,2.0,0.1,0.05,6.0,False,-38.44198129635378,43.3191335354427,5.4346334195092734e-11,3.925019714829299e-05,39.98740554419112,53.88370811213018,68.70749482644804,0.9336953247687548,0.11261030943189416,13.896302567939056,False
PX-6248167C+TM-524513CD,PX-6248167C,TM-524513CD,7,A,A,A,B,B,1100,1001,10.7,0.5,8.0,2.0,0.1,0.1,6.0,False,-38.45156667045164,43.31914319440371,5.318764219163138e-11,3.925019714829299e-05,39.98761184662902,53.88369064577493,68.70720505220233,0.9336953247687548,0.11260837329682136,13.896078799145906,False
PX-6248167C+TM-C6470215,PX-6248167C,TM-C6470215,7,A,A,A,B,B,1100,1001,17.1,0.5,16.0,0.5,0.05,0.05,6.0,False,-38.75308647374416,44.46857439959041,1.814483336209943e-11,3.931831425640677e-05,37.19953588844492,51.707117076632464,66.93764173480305,0.9794619297449407,0.11931548964924325,14.507581188187542,False
PX-6248167C+TM-25F81A19,PX-6248167C,TM-25F81A19,7,A,A,A,B,B,1100,1001,17.150000000000002,0.5,16.0,0.5,0.05,0.1,6.0,False,-38.76124456082538,44.468571361638304,1.6757187327298993e-11,3.931831425640677e-05,37.199757778230826,51.70710735720069,66.93734867848909,0.9794619297449407,0.11931342117018445,14.507349578969864,False
PX-6248167C+TM-D2B82E1A,PX-6248167C,TM-D2B82E1A,7,A,A,A,B,B,1100,1001,17.150000000000002,0.5,16.0,0.5,0.1,0.05,6.0,False,-38.764019141969754,44.486169973642156,1.668343289411164e-11,3.9319325135292713e-05,37.16588732697787,51.68792262562319,66.93052857771923,0.9794619297449407,0.11944870981612736,14.522035298645319,False
PX-6248167C+TM-D9325021,PX-6248167C,TM-D9325021,7,A,A,A,B,B,1100,1001,17.200000000000003,0.5,16.0,0.5,0.1,0.1,6.0,False,-38.77216699687243,44.48616659435118,1.7929686683319925e-11,3.9319325135292713e-05,37.166109661729486,51.68791336967905,66.93023570747192,0.9794619297449407,0.11944663936981356,14.521803707949571,False
PX-6248167C+TM-3A6C19DC,PX-6248167C,TM-3A6C19DC,7,A,A,A,B,B,1100,1001,17.6,0.5,16.0,1.0,0.05,0.05,6.0,False,-38.847419606945934,44.47332291502782,1.7579332179730305e-11,3.934261279562362e-05,37.191603724046786,51.52219613817763,66.32296900984483,0.9794619297449407,0.11719581505882457,14.330592414130846,False
PX-6248167C+TM-348A77C8,PX-6248167C,TM-348A77C8,7,A,A,A,B,B,1100,1001,17.650000000000002,0.5,16.0,1.0,0.05,0.1,6.0,False,-38.85547615704075,44.47331978528569,1.9091610168319074e-11,3.934261279562362e-05,37.19182570539757,51.52219075495111,66.32269155718285,0.9794619297449407,0.11719379617144465,14.330365049553542,False
PX-6248167C+TM-8FA343F3,PX-6248167C,TM-8FA343F3,7,A,A,A,B,B,1100,1001,17.650000000000002,0.5,16.0,1.0,0.1,0.05,6.0,False,-38.858113181307544,44.49060995910192,1.6312774265703145e-11,3.9343630844670893e-05,37.158483468583135,51.511014445247994,66.32033508332472,0.9794619297449407,0.11734220837378076,14.35253097666486,False
PX-6248167C+TM-3497EB27,PX-6248167C,TM-3497EB27,7,A,A,A,B,B,1100,1001,17.700000000000003,0.5,16.0,1.0,0.1,0.1,6.0,False,-38.86615962901748,44.490606493985325,1.677570019531136e-11,3.9343630844670893e-05,37.15870588782848,51.51100931428394,66.32005769464612,0.9794619297449407,0.11734018716802799,14.352303426455462,False
PX-6248167C+TM-E5447244,PX-6248167C,TM-E5447244,7,A,A,A,B,B,1100,1001,18.6,0.5,16.0,2.0,0.05,0.05,6.0,False,-39.01692508157117,44.48269691837161,1.719519967280806e-11,3.939253883241161e-05,37.175792636584596,51.327259185097724,65.88271612877406,0.9794619297449407,0.11571907098830822,14.151466548513127,False
PX-6248167C+TM-94DEFF90,PX-6248167C,TM-94DEFF90,7,A,A,A,B,B,1100,1001,18.650000000000002,0.5,16.0,2.0,0.05,0.1,6.0,False,-39.024782746443144,44.48269360740465,1.7390900295375715e-11,3.939253883241161e-05,37.17601480030099,51.32725801889747,65.88244895497515,0.9794619297449407,0.11571708403701833,14.151243218596479,False
PX-6248167C+TM-9D4BCF80,PX-6248167C,TM-9D4BCF80,7,A,A,A,B,B,1100,1001,18.650000000000002,0.5,16.0,2.0,0.1,0.05,6.0,False,-39.02728994435547,44.49938590431778,1.731694135997182e-11,3.9393561454990465e-05,37.1437213391523,51.322026566300615,65.88192933286695,0.9794619297449407,0.11586705309471992,14.178305227148314,False
PX-6248167C+TM-31115CEF,PX-6248167C,TM-31115CEF,7,A,A,A,B,B,1100,1001,18.700000000000003,0.5,16.0,2.0,0.1,0.1,6.0,False,-39.03513775773349,44.49938226953184,1.662202620237256e-11,3.9393561454990465e-05,37.143943926731005,51.32202550758583,65.88166217639898,0.9794619297449407,0.11586506375459349,14.178081580854828,False
PX-6248167C+TM-44750E09,PX-6248167C,TM-44750E09,7,A,A,A,B,B,1100,1001,2.5999999999999996,1.0,1.0,0.5,0.05,0.05,6.0,False,-44.137523230457745,42.99909605817356,0.0,3.9080167794004106e-05,51.70951831969943,66.519174348151,82.99809843898045,0.45159181861659975,0.1099582779172683,14.809656028451574,False
PX-6248167C+TM-FAB5DC2E,PX-6248167C,TM-FAB5DC2E,7,A,A,A,B,B,1100,1001,2.65,1.0,1.0,0.5,0.05,0.1,6.0,False,-44.14924412487133,42.99911479252838,0.0,3.9080167794004106e-05,51.709648963730324,66.51905276528296,82.99766662713415,0.45159181861659975,0.10995639992170399,14.809403801552648,False
PX-6248167C+TM-AAD78B2B,PX-6248167C,TM-AAD78B2B,7,A,A,A,B,B,1100,1001,2.65,1.0,1.0,0.5,0.1,0.05,6.0,False,-44.1489695686893,43.00903133782527,0.0,3.9081158914233864e-05,51.572439235664405,66.45079544000693,82.95614778830462,0.45159181861659975,0.1103728480954802,14.87835620434252,False
PX-6248167C+TM-B9DD542F,PX-6248167C,TM-B9DD542F,7,A,A,A,B,B,1100,1001,2.7,1.0,1.0,0.5,0.1,0.1,6.0,False,-44.160675668627015,43.00904892515804,0.0,3.9081158914233864e-05,51.57257355052119,66.45067563546478,82.95571702641836,0.45159181861659975,0.11037095772239841,14.87810208494359,False
PX-6248167C+TM-921BB415,PX-6248167C,TM-921BB415,7,A,A,A,B,B,1100,1001,3.0999999999999996,1.0,1.0,1.0,0.05,0.05,6.0,False,-44.30083317371377,43.18666963032108,0.0,3.911666863816913e-05,51.20085676659818,65.7291042789681,81.9829711069798,0.45159181861659975,0.10878857670322321,14.52824751236991,False
PX-6248167C+TM-997B1495,PX-6248167C,TM-997B1495,7,A,A,A,B,B,1100,1001,3.15,1.0,1.0,1.0,0.05,0.1,6.0,False,-44.31240682873203,43.18668042681045,0.0,3.911666863816913e-05,51.20100051632687,65.7290026109231,81.98256409390466,0.45159181861659975,0.10878671371296321,14.52800209459624,False
PX-6248167C+TM-DA26960F,PX-6248167C,TM-DA26960F,7,A,A,A,B,B,1100,1001,3.15,1.0,1.0,1.0,0.1,0.05,6.0,False,-44.31233456271908,43.19152675813367,0.0,3.911766869804519e-05,51.14420245757647,65.70719503830802,81.97128046232888,0.45159181861659975,0.10897848263006006,14.562992580731546,False
PX-6248167C+TM-24EDFB89,PX-6248167C,TM-24EDFB89,7,A,A,A,B,B,1100,1001,3.2,1.0,1.0,1.0,0.1,0.1,6.0,False,-44.323893717945815,43.191537138273624,0.0,3.911766869804519e-05,51.14434756452357,65.70709389397281,81.9708737232586,0.45159181861659975,0.10897661465878676,14.562746329449244,False
PX-6248167C+TM-F25AD464,PX-6248167C,TM-F25AD464,7,A,A,A,B,B,1100,1001,4.1,1.0,1.0,2.0,0.05,0.05,6.0,False,-44.564385101325435,43.33998380337619,0.0,3.9191669876349904e-05,50.82939430662445,65.22526408513188,81.37796691887456,0.45159181861659975,0.10836119717977842,14.39586977850744,False
PX-6248167C+TM-8889DD51,PX-6248167C,TM-8889DD51,7,A,A,A,B,B,1100,1001,4.1499999999999995,1.0,1.0,2.0,0.05,0.1,6.0,False,-44.57567216296753,43.33998930054906,0.0,3.9191669876349904e-05,50.82954640826564,65.22517388016362,81.3775736254139,0.45159181861659975,0.10835933730567293,14.395627471897972,False
PX-6248167C+TM-E782BC8B,PX-6248167C,TM-E782BC8B,7,A,A,A,B,B,1100,1001,4.1499999999999995,1.0,1.0,2.0,0.1,0.05,6.0,False,-44.57544598598421,43.34095330014002,0.0,3.919263352477304e-05,50.80929939126918,65.21953983628737,81.3754758893973,0.45159181861659975,0.10843404313914373,14.410240445018198,False
PX-6248167C+TM-A42F8405,PX-6248167C,TM-A42F8405,7,A,A,A,B,B,1100,1001,4.199999999999999,1.0,1.0,2.0,0.1,0.1,6.0,False,-44.58671895334121,43.34095870578983,0.0,3.919263352477304e-05,50.809451905898754,65.21944975288727,81.37508264962887,0.45159181861659975,0.10843218163554857,14.409997846988515,False
PX-6248167C+TM-EE240210,PX-6248167C,TM-EE240210,7,A,A,A,B,B,1100,1001,3.5999999999999996,1.0,2.0,0.5,0.05,0.05,6.0,False,-41.77511690397513,42.58133940464141,0.0,3.9085593082917964e-05,48.195884590768095,62.67668283694817,78.75740528692658,0.6543961095323714,0.11069600511149537,14.480798246180072,False
PX-6248167C+TM-20D6F9FE,PX-6248167C,TM-20D6F9FE,7,A,A,A,B,B,1100,1001,3.65,1.0,2.0,0.5,0.05,0.1,6.0,False,-41.78654956927,42.581360843067166,0.0,3.9085593082917964e-05,48.19603558305975,62.67658854577173,78.75700973923877,0.6543961095323714,0.11069410541983016,14.480552962711977,False
PX-6248167C+TM-06A31967,PX-6248167C,TM-06A31967,7,A,A,A,B,B,1100,1001,3.65,1.0,2.0,0.5,0.1,0.05,6.0,False,-41.78151140164091,42.57061662655169,0.0,3.9086547379853654e-05,48.0562821537427,62.615770928059746,78.72237493575157,0.6543961095323714,0.11115945851834814,14.559488774317042,False
PX-6248167C+TM-BBEC3DF4,PX-6248167C,TM-BBEC3DF4,7,A,A,A,B,B,1100,1001,3.7,1.0,2.0,0.5,0.1,0.1,6.0,False,-41.7929297258166,42.57063731343641,0.0,3.9086547379853654e-05,48.05643679056877,62.615678243260085,78.72198027633891,0.6543961095323714,0.11115754544232888,14.559241452691317,False
PX-6248167C+TM-63823495,PX-6248167C,TM-63823495,7,A,A,A,B,B,1100,1001,4.1,1.0,2.0,1.0,0.05,0.05,6.0,False,-41.93847888114375,42.7691178707543,0.0,3.911861603914347e-05,47.83452180353419,61.98440432882637,77.81677118024555,0.6543961095323714,0.10914515520642863,14.149882525292186,False
PX-6248167C+TM-F396C77F,PX-6248167C,TM-F396C77F,7,A,A,A,B,B,1100,1001,4.1499999999999995,1.0,2.0,1.0,0.05,0.1,6.0,False,-41.949767911797885,42.769131953795195,0.0,3.911861603914347e-05,47.8346819180793,61.98432768344859,77.81639889396085,0.6543961095323714,0.10914328320242006,14.14964576536929,False
PX-6248167C+TM-E27A80B9,PX-6248167C,TM-E27A80B9,7,A,A,A,B,B,1100,1001,4.1499999999999995,1.0,2.0,1.0,0.1,0.05,6.0,False,-41.94579350028792,42.757446902762716,0.0,3.9119584352464186e-05,47.76673959339896,61.96347828334222,77.80654696022157,0.6543961095323714,0.10939283340724978,14.196738689943263,False
PX-6248167C+TM-6355F1E0,PX-6248167C,TM-6355F1E0,7,A,A,A,B,B,1100,1001,4.199999999999999,1.0,2.0,1.0,0.1,0.1,6.0,False,-41.95706846100463,42.75746086575306,0.0,3.9119584352464186e-05,47.766901296968996,61.96340214283408,77.80617491625323,0.6543961095323714,0.10939095505257751,14.196500845865085,False
PX-6248167C+TM-0AABD2BC,PX-6248167C,TM-0AABD2BC,7,A,A,A,B,B,1100,1001,5.1,1.0,2.0,2.0,0.05,0.05,6.0,False,-42.198094303441614,42.92223426059586,0.0,3.91865528393238e-05,47.53688269565237,61.52147942873941,77.24190540833857,0.6543961095323714,0.10851003666376023,13.984596733087043,False
PX-6248167C+TM-110F17FD,PX-6248167C,TM-110F17FD,7,A,A,A,B,B,1100,1001,5.1499999999999995,1.0,2.0,2.0,0.05,0.1,6.0,False,-42.209103759216724,42.92224318850184,0.0,3.91865528393238e-05,47.53704938764193,61.521413390812384,77.2415462754986,0.6543961095323714,0.10850817362505534,13.984364003170455,False
PX-6248167C+TM-763E5EED,PX-6248167C,TM-763E5EED,7,A,A,A,B,B,1100,1001,5.1499999999999995,1.0,2.0,2.0,0.1,0.05,6.0,False,-42.206215085323684,42.91183975558704,0.0,3.91875032488629e-05,47.50853877294811,61.515601849603456,77.23956549511114,0.6543961095323714,0.10862020591575475,14.007063076655347,False
PX-6248167C+TM-D98DE9F2,PX-6248167C,TM-D98DE9F2,7,A,A,A,B,B,1100,1001,5.199999999999999,1.0,2.0,2.0,0.1,0.1,6.0,False,-42.21721084537903,42.9118488012399,0.0,3.91875032488629e-05,47.50870603804031,61.515535937146005,77.23920641300914,0.6543961095323714,0.10861834043566365,14.006829899105696,False
PX-6248167C+TM-7DB9C892,PX-6248167C,TM-7DB9C892,7,A,A,A,B,B,1100,1001,5.6,1.0,4.0,0.5,0.05,0.05,6.0,False,-39.37517745343027,42.607603502867654,0.0,3.910715829977432e-05,44.142175972970364,58.39606905943876,74.05841498140698,0.8284078997861825,0.11239368407479765,14.253893086468391,False
PX-6248167C+TM-C248EAA0,PX-6248167C,TM-C248EAA0,7,A,A,A,B,B,1100,1001,5.6499999999999995,1.0,4.0,0.5,0.05,0.1,6.0,False,-39.38605335077193,42.60762380666138,0.0,3.910715829977432e-05,44.142353324289566,58.396005787400114,74.05805967539936,0.8284078997861825,0.11239173671407843,14.25365246311055,False
PX-6248167C+TM-C7D731DB,PX-6248167C,TM-C7D731DB,7,A,A,A,B,B,1100,1001,5.6499999999999995,1.0,4.0,0.5,0.1,0.05,6.0,False,-39.36900760355715,42.54408411969416,0.0,3.910810170657527e-05,43.99664724054312,58.34679981862135,74.03296174795373,0.8284078997861825,0.11293705030241365,14.35015257807823,False
PX-6248167C+TM-56922EC3,PX-6248167C,TM-56922EC3,7,A,A,A,B,B,1100,1001,5.699999999999999,1.0,4.0,0.5,0.1,0.1,6.0,False,-39.379869968107585,42.54410414917955,0.0,3.910810170657527e-05,43.9968277681364,58.34673785495628,74.03260709776941,0.8284078997861825,0.11293508993581106,14.349910086819882,False
PX-6248167C+TM-C033A5CE,PX-6248167C,TM-C033A5CE,7,A,A,A,B,B,1100,1001,6.1,1.0,4.0,1.0,0.05,0.05,6.0,False,-39.53282341554186,42.7772090491226,0.0,3.913650173745565e-05,44.004156280501405,57.847955549971374,73.21909435569574,0.8284078997861825,0.11018787360143704,13.843799269469967,False
PX-6248167C+TM-1FC706E9,PX-6248167C,TM-1FC706E9,7,A,A,A,B,B,1100,1001,6.1499999999999995,1.0,4.0,1.0,0.05,0.1,6.0,False,-39.543562928973486,42.777224136753226,0.0,3.913650173745565e-05,44.004336636912605,57.84790632187726,73.21876009168317,0.8284078997861825,0.11018597573090635,13.843569684964654,False
PX-6248167C+TM-B88B8F46,PX-6248167C,TM-B88B8F46,7,A,A,A,B,B,1100,1001,6.1499999999999995,1.0,4.0,1.0,0.1,0.05,6.0,False,-39.51778255507234,42.669587839940846,0.0,3.9137460736955174e-05,43.902538344581835,57.82894852691734,73.21114936126729,0.8284078997861825,0.11060043190439653,13.926410182335502,False
PX-6248167C+TM-7C8FA852,PX-6248167C,TM-7C8FA852,7,A,A,A,B,B,1100,1001,6.199999999999999,1.0,4.0,1.0,0.1,0.1,6.0,False,-39.528509019519156,42.669604198064775,0.0,3.9137460736955174e-05,43.902720749697245,57.82889975997482,73.21081528783067,0.8284078997861825,0.11059852484986728,13.92617901027757,False
PX-6248167C+TM-C880C6CB,PX-6248167C,TM-C880C6CB,7,A,A,A,B,B,1100,1001,7.1,1.0,4.0,2.0,0.05,0.05,6.0,False,-39.78262852229575,42.9222358698052,0.0,3.9196921187751244e-05,43.84930921046851,57.44819094044457,72.68496720546906,0.8284078997861825,0.1090660934647945,13.598881729976057,False
PX-6248167C+TM-B5B2535D,PX-6248167C,TM-B5B2535D,7,A,A,A,B,B,1100,1001,7.1499999999999995,1.0,4.0,2.0,0.05,0.1,6.0,False,-39.79310213146595,42.922246640193634,0.0,3.9196921187751244e-05,43.8494925970795,57.44815091332925,72.68464528202382,0.8284078997861825,0.10906421845936,13.598658316249756,False
PX-6248167C+TM-E815F632,PX-6248167C,TM-E815F632,7,A,A,A,B,B,1100,1001,7.1499999999999995,1.0,4.0,2.0,0.1,0.05,6.0,False,-39.75335133542227,42.74604035811673,0.0,3.919787739206846e-05,43.78269670399652,57.44223605037879,72.68298372283915,0.8284078997861825,0.10934775471760147,13.659539346382266,False
PX-6248167C+TM-72CDF500,PX-6248167C,TM-72CDF500,7,A,A,A,B,B,1100,1001,7.199999999999999,1.0,4.0,2.0,0.1,0.1,6.0,False,-39.76381254957803,42.74605398360648,0.0,3.919787739206846e-05,43.78288128484111,57.442196150935516,72.68266184270418,0.8284078997861825,0.1093458740675427,13.659314866094402,False
PX-6248167C+TM-CB483D6B,PX-6248167C,TM-CB483D6B,7,A,A,A,B,B,1100,1001,9.600000000000001,1.0,8.0,0.5,0.05,0.05,6.0,False,-38.202549327621405,43.245015312090786,0.0,3.916878345231963e-05,40.15163255954153,54.564752343823265,69.91912391088529,0.933695324771555,0.11603549427489632,14.413119784281735,False
PX-6248167C+TM-C12CB0FE,PX-6248167C,TM-C12CB0FE,7,A,A,A,B,B,1100,1001,9.65,1.0,8.0,0.5,0.05,0.1,6.0,False,-38.21239013189546,43.24502644788717,0.0,3.916878345231963e-05,40.151836620109954,54.564718577311055,69.9188045394819,0.933695324771555,0.11603347753192118,14.4128819572011,False
PX-6248167C+TM-5F6B6BDD,PX-6248167C,TM-5F6B6BDD,7,A,A,A,B,B,1100,1001,9.65,1.0,8.0,0.5,0.1,0.05,6.0,False,-38.217217911523704,43.278435856283,0.0,3.9169750251046514e-05,40.054134275407286,54.5306027106712,69.90398968295791,0.933695324771555,0.11642479596887936,14.476468435263914,False
PX-6248167C+TM-F04B7ADB,PX-6248167C,TM-F04B7ADB,7,A,A,A,B,B,1100,1001,9.7,1.0,8.0,0.5,0.1,0.1,6.0,False,-38.22704633239602,43.27844630911747,0.0,3.9169750251046514e-05,40.054339692092555,54.530569831451636,69.90367070470319,0.933695324771555,0.11642277319031762,14.476230139359078,False
PX-6248167C+TM-B3E3F2CC,PX-6248167C,TM-B3E3F2CC,7,A,A,A,B,B,1100,1001,10.100000000000001,1.0,8.0,1.0,0.05,0.05,6.0,False,-38.31766257925777,43.26217277584374,0.0,3.9195082420950734e-05,40.12563537036015,54.1987554327301,69.19569117985262,0.933695324771555,0.11366851660058575,14.073120062369949,False
PX-6248167C+TM-C33ABC3A,PX-6248167C,TM-C33ABC3A,7,A,A,A,B,B,1100,1001,10.15,1.0,8.0,1.0,0.05,0.1,6.0,False,-38.327380886644214,43.26218357262393,0.0,3.9195082420950734e-05,40.12583978111817,54.19873083829588,69.19539006825428,0.933695324771555,0.11366655513990968,14.072891057177713,False
PX-6248167C+TM-52CA0F9D,PX-6248167C,TM-52CA0F9D,7,A,A,A,B,B,1100,1001,10.15,1.0,8.0,1.0,0.1,0.05,6.0,False,-38.33151583216426,43.29283742989716,0.0,3.9196061573563626e-05,40.03154146937502,54.183036699633995,69.1905540534382,0.933695324771555,0.11407669935978598,14.151495230258973,False
PX-6248167C+TM-708B0FD8,PX-6248167C,TM-708B0FD8,7,A,A,A,B,B,1100,1001,10.2,1.0,8.0,1.0,0.1,0.1,6.0,False,-38.34122192472119,43.2928476015679,0.0,3.9196061573563626e-05,40.03174718657537,54.1830124796892,69.19025306588406,0.933695324771555,0.11407473128343089,14.151265293113827,False
PX-6248167C+TM-1AFAF179,PX-6248167C,TM-1AFAF179,7,A,A,A,B,B,1100,1001,11.100000000000001,1.0,8.0,2.0,0.05,0.05,6.0,False,-38.52438373565238,43.29279150590474,0.0,3.924921384549188e-05,40.075197195424444,53.88950064782411,68.70890153903193,0.933695324771555,0.11221758755826948,13.814303452399663,False
PX-6248167C+TM-158ED388,PX-6248167C,TM-158ED388,7,A,A,A,B,B,1100,1001,11.15,1.0,8.0,2.0,0.05,0.1,6.0,False,-38.53386210001588,43.292801698743794,0.0,3.924921384549188e-05,40.07540228282528,53.88948305855613,68.70861173394226,0.933695324771555,0.11221565785257297,13.814080775730845,False
PX-6248167C+TM-90D37102,PX-6248167C,TM-90D37102,7,A,A,A,B,B,1100,1001,11.15,1.0,8.0,2.0,0.1,0.05,6.0,False,-38.53716609458503,43.319133535374775,0.0,3.925019714239078e-05,39.98740554422918,53.883708112164676,68.7074948264868,0.933695324771555,0.11261030943185577,13.89630256793549,False
PX-6248167C+TM-AE5CD5B5,PX-6248167C,TM-AE5CD5B5,7,A,A,A,B,B,1100,1001,11.2,1.0,8.0,2.0,0.1,0.1,6.0,False,-38.5466325620177,43.319143194335396,0.0,3.925019714239078e-05,39.9876118466674,53.88369064580915,68.70720505224033,0.933695324771555,0.11260837329677881,13.896078799141756,False
PX-6248167C+TM-AB4A116E,PX-6248167C,TM-AB4A116E,7,A,A,A,B,B,1100,1001,17.6,1.0,16.0,0.5,0.05,0.05,6.0,False,-38.83409628283464,44.46857439956345,0.0,3.931831425049795e-05,37.199535888457376,51.70711707664458,66.93764173481455,0.9794619297459688,0.11931548964922514,14.507581188187205,False
PX-6248167C+TM-CEB21E95,PX-6248167C,TM-CEB21E95,7,A,A,A,B,B,1100,1001,17.650000000000002,1.0,16.0,0.5,0.05,0.1,6.0,False,-38.84215317091786,44.46857136161181,0.0,3.931831425049795e-05,37.19975777824357,51.70710735721286,66.93734867850128,0.9794619297459688,0.11931342117016719,14.507349578969288,False
PX-6248167C+TM-C3BA9D91,PX-6248167C,TM-C3BA9D91,7,A,A,A,B,B,1100,1001,17.650000000000002,1.0,16.0,0.5,0.1,0.05,6.0,False,-38.844927752062006,44.48616997361437,0.0,3.9319325129383805e-05,37.16588732699021,51.68792262563518,66.93052857773178,0.9794619297459688,0.11944870981611326,14.522035298644967,False
PX-6248167C+TM-63DEB74E,PX-6248167C,TM-63DEB74E,7,A,A,A,B,B,1100,1001,17.700000000000003,1.0,16.0,0.5,0.1,0.1,6.0,False,-38.85297453438509,44.4861665943248,0.0,3.9319325129383805e-05,37.16610966174168,51.687913369690854,66.93023570748524,0.9794619297459688,0.11944663936980293,14.521803707949173,False
PX-6248167C+TM-01D98488,PX-6248167C,TM-01D98488,7,A,A,A,B,B,1100,1001,18.1,1.0,16.0,1.0,0.05,0.05,6.0,False,-38.927423096025905,44.47332291500173,0.0,3.934261278971147e-05,37.19160372405911,51.522196138188924,66.32296900985779,0.9794619297459688,0.11719581505881213,14.33059241412982,False
PX-6248167C+TM-BA002B5E,PX-6248167C,TM-BA002B5E,7,A,A,A,B,B,1100,1001,18.150000000000002,1.0,16.0,1.0,0.05,0.1,6.0,False,-38.935379704236084,44.473319785264174,0.0,3.934261278971147e-05,37.1918257054096,51.522190754962246,66.32269155719543,0.9794619297459688,0.11719379617143247,14.330365049552642,False
PX-6248167C+TM-E7B2BECF,PX-6248167C,TM-E7B2BECF,7,A,A,A,B,B,1100,1001,18.150000000000002,1.0,16.0,1.0,0.1,0.05,6.0,False,-38.93801672850407,44.49060995907839,0.0,3.934363083875862e-05,37.15848346859498,51.51101444525964,66.32033508333551,0.9794619297459688,0.11734220837376305,14.352530976664662,False
PX-6248167C+TM-2B62A45C,PX-6248167C,TM-2B62A45C,7,A,A,A,B,B,1100,1001,18.200000000000003,1.0,16.0,1.0,0.1,0.1,6.0,False,-38.945963359178,44.490606493960286,0.0,3.934363083875862e-05,37.15870588784035,51.51100931429517,66.32005769465843,0.9794619297459688,0.11734018716801545,14.35230342645482,False
PX-6248167C+TM-7D68BB68,PX-6248167C,TM-7D68BB68,7,A,A,A,B,B,1100,1001,19.1,1.0,16.0,2.0,0.05,0.05,6.0,False,-39.094953277466814,44.48269691834461,0.0,3.939253882649252e-05,37.175792636597244,51.327259185108844,65.88271612878665,0.9794619297459688,0.11571907098829322,14.151466548511605,False
PX-6248167C+TM-068E4492,PX-6248167C,TM-068E4492,7,A,A,A,B,B,1100,1001,19.150000000000002,1.0,16.0,2.0,0.05,0.1,6.0,False,-39.102713468028035,44.482693607378515,0.0,3.939253882649252e-05,37.17601480031329,51.32725801890813,65.88244895498829,0.9794619297459688,0.1157170840370069,14.151243218594844,False
PX-6248167C+TM-21FEE948,PX-6248167C,TM-21FEE948,7,A,A,A,B,B,1100,1001,19.150000000000002,1.0,16.0,2.0,0.1,0.05,6.0,False,-39.1052206659404,44.49938590429151,0.0,3.939356144907124e-05,37.14372133916403,51.32202656631159,65.88192933287873,0.9794619297459688,0.11586705309470646,14.178305227147566,False
PX-6248167C+TM-3AADCFB9,PX-6248167C,TM-3AADCFB9,7,A,A,A,B,B,1100,1001,19.200000000000003,1.0,16.0,2.0,0.1,0.1,6.0,False,-39.11297112677492,44.499382269506164,0.0,3.939356144907124e-05,37.14394392674349,51.322025507597196,65.88166217641123,0.9794619297459688,0.11586506375457806,14.178081580853709,False
PX-E06AE415+TM-03DCFE76,PX-E06AE415,TM-03DCFE76,7,A,A,A,B,B,1100,0001,2.0999999999999996,0.5,1.0,0.5,0.05,0.05,6.0,False,-57.81179574447709,61.44847706995732,25.551717705211335,3.7379069572908946e-05,39.00889155091751,53.2563788871726,68.772083307022,0.2188622169170651,0.1176999098337298,14.247487336255087,False
PX-E06AE415+TM-EE5F79B6,PX-E06AE415,TM-EE5F79B6,7,A,A,A,B,B,1100,0001,2.15,0.5,1.0,0.5,0.05,0.1,6.0,False,-57.82357895122592,61.44825721592551,25.551423245937656,3.7379069572908946e-05,39.009100662651406,53.256358532578595,68.77177502365268,0.2188622169170651,0.11769787427005068,14.24725786992719,False
PX-E06AE415+TM-C987E146,PX-E06AE415,TM-C987E146,7,A,A,A,B,B,1100,0001,2.15,0.5,1.0,0.5,0.1,0.05,6.0,False,-57.738474419135855,61.269097036104405,25.230913839200408,3.7380024617310785e-05,38.9349415097398,53.230818293043995,68.75920705288912,0.2188622169170651,0.11797722559777268,14.295876783304191,False
PX-E06AE415+TM-BA2906EC,PX-E06AE415,TM-BA2906EC,7,A,A,A,B,B,1100,0001,2.2,0.5,1.0,0.5,0.1,0.1,6.0,False,-57.75024396749532,61.26888083539309,25.230627502985577,3.7380024617310785e-05,38.9351522015817,53.23079860736704,68.75889910161321,0.2188622169170651,0.11797518353685152,14.295646405785345,False
PX-E06AE415+TM-B1B82082,PX-E06AE415,TM-B1B82082,7,A,A,A,B,B,1100,0001,2.5999999999999996,0.5,1.0,1.0,0.05,0.05,6.0,False,-57.87848395664084,61.40867215788278,25.263871403360543,3.74028863090109e-05,38.94373544142562,52.97889865433118,68.1265997724508,0.2188622169170651,0.11576675234767342,14.035163212905559,False
PX-E06AE415+TM-3ADEC45D,PX-E06AE415,TM-3ADEC45D,7,A,A,A,B,B,1100,0001,2.65,0.5,1.0,1.0,0.05,0.1,6.0,False,-57.8901204880861,61.40845312700497,25.26358425637326,3.74028863090109e-05,38.94394594305351,52.97888536263963,68.12630769030545,0.2188622169170651,0.11576476086805598,14.034939419586118,False
PX-E06AE415+TM-BC2BA4B2,PX-E06AE415,TM-BC2BA4B2,7,A,A,A,B,B,1100,0001,2.65,0.5,1.0,1.0,0.1,0.05,6.0,False,-57.824175901211646,61.23291968489815,25.036271252586488,3.740384998161867e-05,38.89073845342431,52.96830976210885,68.12253025680039,0.2188622169170651,0.11598308038987058,14.077571308684542,False
PX-E06AE415+TM-8103AB33,PX-E06AE415,TM-8103AB33,7,A,A,A,B,B,1100,0001,2.7,0.5,1.0,1.0,0.1,0.1,6.0,False,-57.83579863053312,61.232704232857294,25.035989522053377,3.740384998161867e-05,38.89095000175957,52.968296718855484,68.12223827236177,0.2188622169170651,0.11598108418286521,14.077346717095915,False
PX-E06AE415+TM-514F25E6,PX-E06AE415,TM-514F25E6,7,A,A,A,B,B,1100,0001,3.5999999999999996,0.5,1.0,2.0,0.05,0.05,6.0,False,-58.041351004091545,61.32928870666417,24.9351648472729,3.7462348242618154e-05,38.868825590930356,52.768157709045944,67.67776106450191,0.2188622169170651,0.11453883037723064,13.899332118115591,False
PX-E06AE415+TM-37A2F2BC,PX-E06AE415,TM-37A2F2BC,7,A,A,A,B,B,1100,0001,3.65,0.5,1.0,2.0,0.05,0.1,6.0,False,-58.05269926257265,61.329071317095675,24.93488541502688,3.7462348242618154e-05,38.86903752279459,52.76814918973528,67.67747937273904,0.2188622169170651,0.11453686466982428,13.899111666940696,False
PX-E06AE415+TM-8041B5D5,PX-E06AE415,TM-8041B5D5,7,A,A,A,B,B,1100,0001,3.65,0.5,1.0,2.0,0.1,0.05,6.0,False,-58.00283417247325,61.16074779676705,24.782713347420092,3.7463265948033666e-05,38.832684703183915,52.764127817003676,67.67672830430935,0.2188622169170651,0.11469260848421206,13.93144311381976,False
PX-E06AE415+TM-AC550B76,PX-E06AE415,TM-AC550B76,7,A,A,A,B,B,1100,0001,3.7,0.5,1.0,2.0,0.1,0.1,6.0,False,-58.01416872673595,61.16053383800981,24.782437219553966,3.7463265948033666e-05,38.8328972700266,52.764119378979444,67.67644663511811,0.2188622169170651,0.11469063974515015,13.931222108952847,False
PX-E06AE415+TM-C84B98D5,PX-E06AE415,TM-C84B98D5,7,A,A,A,B,B,1100,0001,3.0999999999999996,0.5,2.0,0.5,0.05,0.05,6.0,False,-56.63381544959491,60.42297102074535,22.707076993655704,3.7396938046641156e-05,38.370790636409126,52.62135304497765,68.08223392602974,0.3063103384868486,0.11816869598429419,14.250562408568525,False
PX-E06AE415+TM-A9341DA7,PX-E06AE415,TM-A9341DA7,7,A,A,A,B,B,1100,0001,3.15,0.5,2.0,0.5,0.05,0.1,6.0,False,-56.64530639400762,60.42276444373257,22.706813540631014,3.7396938046641156e-05,38.371004229751144,52.62133749457066,68.08193161664089,0.3063103384868486,0.11816664951689582,14.250333264819519,False
PX-E06AE415+TM-38DE3A46,PX-E06AE415,TM-38DE3A46,7,A,A,A,B,B,1100,0001,3.15,0.5,2.0,0.5,0.1,0.05,6.0,False,-56.549604902800866,60.264807043579815,22.36804819259836,3.739789782011695e-05,38.29528130858598,52.59802696487189,68.07098482378014,0.3063103384868486,0.11846258285476005,14.30274565628592,False
PX-E06AE415+TM-4F91BE19,PX-E06AE415,TM-4F91BE19,7,A,A,A,B,B,1100,0001,3.2,0.5,2.0,0.5,0.1,0.1,6.0,False,-56.56108251786017,60.26460368155694,22.367792086268306,3.739789782011695e-05,38.29549621891286,52.598012021131694,68.07068280524314,0.3063103384868486,0.11846053075279028,14.302515802218837,False
PX-E06AE415+TM-D35760D5,PX-E06AE415,TM-D35760D5,7,A,A,A,B,B,1100,0001,3.5999999999999996,0.5,2.0,1.0,0.05,0.05,6.0,False,-56.722201811432384,60.38809782753035,22.55433977592608,3.742057251824225e-05,38.33688756870321,52.37073727441009,67.4546830790042,0.3063103384868486,0.11614998555532782,14.033849705706883,False
PX-E06AE415+TM-A41837FA,PX-E06AE415,TM-A41837FA,7,A,A,A,B,B,1100,0001,3.65,0.5,2.0,1.0,0.05,0.1,6.0,False,-56.73354930891522,60.38789197105755,22.554079757047223,3.742057251824225e-05,38.337101765317904,52.3707280661028,67.45439654169692,0.3063103384868486,0.1161479858225421,14.0336263007849,False
PX-E06AE415+TM-8B1FD324,PX-E06AE415,TM-8B1FD324,7,A,A,A,B,B,1100,0001,3.65,0.5,2.0,1.0,0.1,0.05,6.0,False,-56.64734986593104,60.23293918307796,22.2569779178664,3.7421540388663884e-05,38.27048271307386,52.360599604069954,67.45103792732932,0.3063103384868486,0.11642967703134982,14.090116890996095,False
PX-E06AE415+TM-6B36D4D2,PX-E06AE415,TM-6B36D4D2,7,A,A,A,B,B,1100,0001,3.7,0.5,2.0,1.0,0.1,0.1,6.0,False,-56.65868403880616,60.2327364800294,22.256724022733053,3.7421540388663884e-05,38.27069799572015,52.36059063246547,67.45075147771291,0.3063103384868486,0.11642767213640903,14.08989263674532,False
PX-E06AE415+TM-93471C56,PX-E06AE415,TM-93471C56,7,A,A,A,B,B,1100,0001,4.6,0.5,2.0,2.0,0.05,0.05,6.0,False,-56.896614105074065,60.31851559351442,22.329055929697823,3.746986604661057e-05,38.2865293650343,52.172694539479465,67.01313503615006,0.3063103384868486,0.11483513511779787,13.886165174445171,False
PX-E06AE415+TM-DC79C298,PX-E06AE415,TM-DC79C298,7,A,A,A,B,B,1100,0001,4.6499999999999995,0.5,2.0,2.0,0.05,0.1,6.0,False,-56.90768017718086,60.31831117447194,22.3288006475483,3.746986604661057e-05,38.286744374172706,52.17268979640589,67.01285872993456,0.3063103384868486,0.114833163687892,13.885945422233187,False
PX-E06AE415+TM-5E21F537,PX-E06AE415,TM-5E21F537,7,A,A,A,B,B,1100,0001,4.6499999999999995,0.5,2.0,2.0,0.1,0.05,6.0,False,-56.82482710960811,60.1693392291892,22.046054925717215,3.747078883546511e-05,38.22338825107046,52.168688068650724,67.01218340216175,0.3063103384868486,0.1151099231196846,13.945299817580265,False
PX-E06AE415+TM-C537F674,PX-E06AE415,TM-C537F674,7,A,A,A,B,B,1100,0001,4.699999999999999,0.5,2.0,2.0,0.1,0.1,6.0,False,-56.835880084077075,60.16913784107471,22.045805041510786,3.747078883546511e-05,38.22360419683509,52.16868340627513,67.01190711676918,0.3063103384868486,0.11510794699829306,13.945079209440038,False
PX-E06AE415+TM-AFD91B7E,PX-E06AE415,TM-AFD91B7E,7,A,A,A,B,B,1100,0001,5.1,0.5,4.0,0.5,0.05,0.05,6.0,False,-54.771564720445,58.71791221054856,18.298342421197894,3.743333459116355e-05,37.416470970593075,51.72019987494673,67.11228538905058,0.4179621118217842,0.11911765462241261,14.303728904353651,False
PX-E06AE415+TM-43AF6F18,PX-E06AE415,TM-43AF6F18,7,A,A,A,B,B,1100,0001,5.1499999999999995,0.5,4.0,0.5,0.05,0.1,6.0,False,-54.78249445885395,58.71772765009153,18.29812727057842,3.743333459116355e-05,37.41669083837673,51.72019132032305,67.11199151508872,0.4179621118217842,0.11911559134657276,14.30350048194632,False
PX-E06AE415+TM-955A259B,PX-E06AE415,TM-955A259B,7,A,A,A,B,B,1100,0001,5.1499999999999995,0.5,4.0,0.5,0.1,0.05,6.0,False,-54.69214291019229,58.592614394056994,18.022691936182966,3.743430305560617e-05,37.35763560877261,51.70052635737688,67.10347790049198,0.4179621118217842,0.1193519730293196,14.342890748604267,False
PX-E06AE415+TM-8C7BDD47,PX-E06AE415,TM-8C7BDD47,7,A,A,A,B,B,1100,0001,5.199999999999999,0.5,4.0,0.5,0.1,0.1,6.0,False,-54.70305989854795,58.59243237232613,18.022481995330754,3.743430305560617e-05,37.357856309893386,51.700518307042366,67.103184255136,0.4179621118217842,0.11934990606456009,14.342661997148983,False
PX-E06AE415+TM-1BB52401,PX-E06AE415,TM-1BB52401,7,A,A,A,B,B,1100,0001,5.6,0.5,4.0,1.0,0.05,0.05,6.0,False,-54.86844003077565,58.69056487447053,18.22019953991694,3.745666805574464e-05,37.399545280691044,51.513250875576226,66.51287509684825,0.4179621118217842,0.11710425272292416,14.11370559488518,False
PX-E06AE415+TM-411F8E1A,PX-E06AE415,TM-411F8E1A,7,A,A,A,B,B,1100,0001,5.6499999999999995,0.5,4.0,1.0,0.05,0.1,6.0,False,-54.879233126162305,58.690380878477555,18.219985881817774,3.745666805574464e-05,37.39976537585318,51.51324748961158,66.51259631777667,0.4179621118217842,0.11710223633490986,14.113482113758401,False
PX-E06AE415+TM-6A2FA74D,PX-E06AE415,TM-6A2FA74D,7,A,A,A,B,B,1100,0001,5.6499999999999995,0.5,4.0,1.0,0.1,0.05,6.0,False,-54.79210501006932,58.56739858856924,17.956537859802367,3.7457643688973214e-05,37.343225067143884,51.50394389618663,66.50990292016293,0.4179621118217842,0.11734725159120513,14.160718829042741,False
PX-E06AE415+TM-FE4738D0,PX-E06AE415,TM-FE4738D0,7,A,A,A,B,B,1100,0001,5.699999999999999,0.5,4.0,1.0,0.1,0.1,6.0,False,-54.80288549509058,58.56721708781104,17.956329176550813,3.7457643688973214e-05,37.34344595738803,51.50394072522587,66.50962421281689,0.4179621118217842,0.1173452312227492,14.160494767837843,False
PX-E06AE415+TM-79BBB106,PX-E06AE415,TM-79BBB106,7,A,A,A,B,B,1100,0001,6.6,0.5,4.0,2.0,0.05,0.05,6.0,False,-55.04443204935972,58.63596598776053,18.071433001032936,3.750461418844239e-05,37.36728240104372,51.33726153167744,66.08290433853155,0.4179621118217842,0.11574114267995199,13.969979130633725,False
PX-E06AE415+TM-D4148342,PX-E06AE415,TM-D4148342,7,A,A,A,B,B,1100,0001,6.6499999999999995,0.5,4.0,2.0,0.05,0.1,6.0,False,-55.054957323833825,58.6357831185592,18.071222177446955,3.750461418844239e-05,37.367502925897405,51.33726207676246,66.08263553718021,0.4179621118217842,0.11573915587344581,13.96975915086505,False
PX-E06AE415+TM-7EA05171,PX-E06AE415,TM-7EA05171,7,A,A,A,B,B,1100,0001,6.6499999999999995,0.5,4.0,2.0,0.1,0.05,6.0,False,-54.97376346513779,58.51704917598723,17.82899606585568,3.750559427076581e-05,37.31541220751276,51.33332470479611,66.08209384085629,0.4179621118217842,0.11597174482899904,14.01791249728336,False
PX-E06AE415+TM-451EE8EE,PX-E06AE415,TM-451EE8EE,7,A,A,A,B,B,1100,0001,6.699999999999999,0.5,4.0,2.0,0.1,0.1,6.0,False,-54.98427640475491,58.516868715333295,17.828789804132654,3.750559427076581e-05,37.31563346045191,51.333325328892926,66.08182505727471,0.4179621118217842,0.11596975421766006,14.017691868441014,False
PX-E06AE415+TM-196A39BD,PX-E06AE415,TM-196A39BD,7,A,A,A,B,B,1100,0001,9.100000000000001,0.5,8.0,0.5,0.05,0.05,6.0,False,-52.452380802712504,56.258668213567006,12.95917075607912,3.750819170979352e-05,36.304980024843076,50.660767683342876,65.99327558034848,0.5323161703930998,0.12032919508328865,14.3557876584998,False
PX-E06AE415+TM-49117E35,PX-E06AE415,TM-49117E35,7,A,A,A,B,B,1100,0001,9.15,0.5,8.0,0.5,0.05,0.1,6.0,False,-52.46227216356496,56.25851527674265,12.959015458410224,3.750819170979352e-05,36.30520674839538,50.6607677482039,65.99299152830605,0.5323161703930998,0.12032711238427665,14.355560999808526,False
PX-E06AE415+TM-BDA8A9EE,PX-E06AE415,TM-BDA8A9EE,7,A,A,A,B,B,1100,0001,9.15,0.5,8.0,0.5,0.1,0.05,6.0,False,-52.399637425799874,56.1752243969854,12.805551451066885,3.750917494717477e-05,36.273196663035236,50.64616887831438,65.98742999107142,0.5323161703930998,0.1204557338150411,14.372972215279145,False
PX-E06AE415+TM-5B2918E6,PX-E06AE415,TM-5B2918E6,7,A,A,A,B,B,1100,0001,9.2,0.5,8.0,0.5,0.1,0.1,6.0,False,-52.409517174008535,56.175073142964735,12.805399058802086,3.750917494717477e-05,36.27342381505532,50.64616930463608,65.98714609149388,0.5323161703930998,0.12045364921051174,14.372745489580762,False
PX-E06AE415+TM-60ADACA0,PX-E06AE415,TM-60ADACA0,7,A,A,A,B,B,1100,0001,9.600000000000001,0.5,8.0,1.0,0.05,0.05,6.0,False,-52.548210900744344,56.240719663630635,12.922660996642971,3.753109765248405e-05,36.29710043003865,50.51455582281574,65.43172699494924,0.5323161703930998,0.11838744852088076,14.217455392777095,False
PX-E06AE415+TM-CA5F92A2,PX-E06AE415,TM-CA5F92A2,7,A,A,A,B,B,1100,0001,9.65,0.5,8.0,1.0,0.05,0.1,6.0,False,-52.55797855567439,56.240567097299234,12.92250639815914,3.753109765248405e-05,36.29732724616314,50.514559429166766,65.4314571173973,0.5323161703930998,0.11838541102663498,14.217232183003627,False
PX-E06AE415+TM-D655B7C6,PX-E06AE415,TM-D655B7C6,7,A,A,A,B,B,1100,0001,9.65,0.5,8.0,1.0,0.1,0.05,6.0,False,-52.49656959934275,56.1584594672537,12.772652094738426,3.753208663319544e-05,36.266033445652674,50.506637800396604,65.42963783470925,0.5323161703930998,0.11852370621282601,14.240604354743931,False
PX-E06AE415+TM-510E8CD6,PX-E06AE415,TM-510E8CD6,7,A,A,A,B,B,1100,0001,9.7,0.5,8.0,1.0,0.1,0.1,6.0,False,-52.50632578260234,56.15830855970509,12.772500333343364,3.753208663319544e-05,36.26626068035733,50.50664158527197,65.42936800777973,0.5323161703930998,0.11852166654419184,14.240380904914641,False
PX-E06AE415+TM-155C2AC2,PX-E06AE415,TM-155C2AC2,7,A,A,A,B,B,1100,0001,10.600000000000001,0.5,8.0,2.0,0.05,0.05,6.0,False,-52.72183379314516,56.204865855665986,12.850367324459153,3.757813129290036e-05,36.28149165775967,50.37339071405588,65.01774136553378,0.5323161703930998,0.11699384875188282,14.091899056296201,False
PX-E06AE415+TM-C4EF8727,PX-E06AE415,TM-C4EF8727,7,A,A,A,B,B,1100,0001,10.65,0.5,8.0,2.0,0.05,0.1,6.0,False,-52.73135901134724,56.20471402935383,12.850214110594457,3.757813129290036e-05,36.28171865683247,50.37339740773166,65.0174811135994,0.5323161703930998,0.11699184130388549,14.09167875089919,False
PX-E06AE415+TM-2822DBE9,PX-E06AE415,TM-2822DBE9,7,A,A,A,B,B,1100,0001,10.65,0.5,8.0,2.0,0.1,0.05,6.0,False,-52.672473195766585,56.12496849322528,12.70740797202368,3.757912431677754e-05,36.25182237765121,50.369629566729,65.01713758488708,0.5323161703930998,0.11712888188777956,14.117807189077794,False
PX-E06AE415+TM-524513CD,PX-E06AE415,TM-524513CD,7,A,A,A,B,B,1100,0001,10.7,0.5,8.0,2.0,0.1,0.1,6.0,False,-52.68198721565153,56.124818277753995,12.707257461916432,3.757912431677754e-05,36.25204977604797,50.36963633517382,65.01687734622983,0.5323161703930998,0.11712687225147825,14.117586559125847,False
PX-E06AE415+TM-C6470215,PX-E06AE415,TM-C6470215,7,A,A,A,B,B,1100,0001,17.1,0.5,16.0,0.5,0.05,0.05,6.0,False,-50.447410906403114,53.38247068287669,7.968664382259108,3.7663468545991314e-05,35.28313860372736,49.639598618205135,64.95090494985074,0.6273024281682699,0.12146870601918988,14.356460014477772,False
PX-E06AE415+TM-25F81A19,PX-E06AE415,TM-25F81A19,7,A,A,A,B,B,1100,0001,17.150000000000002,0.5,16.0,0.5,0.05,0.1,6.0,False,-50.455513752048034,53.382354529249255,7.968567126170764,3.7663468545991314e-05,35.28337135088477,49.63960759228282,64.95063022723501,0.6273024281682699,0.12146660567251771,14.356236241398053,False
PX-E06AE415+TM-D2B82E1A,PX-E06AE415,TM-D2B82E1A,7,A,A,A,B,B,1100,0001,17.150000000000002,0.5,16.0,0.5,0.1,0.05,6.0,False,-50.42261755577317,53.33910905573549,7.903738808335489,3.7664474023634754e-05,35.269447672234506,49.63049676305481,64.94772942320786,0.6273024281682699,0.12152246570617548,14.3610490908203,False
PX-E06AE415+TM-D9325021,PX-E06AE415,TM-D9325021,7,A,A,A,B,B,1100,0001,17.200000000000003,0.5,16.0,0.5,0.1,0.1,6.0,False,-50.43071073059169,53.33899377160726,7.903642798478787,3.7664474023634754e-05,35.2696805987774,49.63050594407899,64.9474547836625,0.6273024281682699,0.12152036457541772,14.36082534530159,False
PX-E06AE415+TM-3A6C19DC,PX-E06AE415,TM-3A6C19DC,7,A,A,A,B,B,1100,0001,17.6,0.5,16.0,1.0,0.05,0.05,6.0,False,-50.53196773055344,53.373332500481474,7.9542613288499115,3.768589392789963e-05,35.27975536685205,49.55940157330193,64.43144375459131,0.6273024281682699,0.11963733760935433,14.279646206449888,False
PX-E06AE415+TM-348A77C8,PX-E06AE415,TM-348A77C8,7,A,A,A,B,B,1100,0001,17.650000000000002,0.5,16.0,1.0,0.05,0.1,6.0,False,-50.53996921409852,53.37321653652871,7.95416435460007,3.768589392789963e-05,35.279988144295984,49.55941234526172,64.43118215375245,0.6273024281682699,0.11963527989056101,14.279424200965735,False
PX-E06AE415+TM-8FA343F3,PX-E06AE415,TM-8FA343F3,7,A,A,A,B,B,1100,0001,17.650000000000002,0.5,16.0,1.0,0.1,0.05,6.0,False,-50.507463813732315,53.33044222355535,7.890256065183225,3.7686903392037885e-05,35.26623889758068,49.553429948847565,64.43022981439175,0.6273024281682699,0.11969716521826299,14.287191051266886,False
PX-E06AE415+TM-3497EB27,PX-E06AE415,TM-3497EB27,7,A,A,A,B,B,1100,0001,17.700000000000003,0.5,16.0,1.0,0.1,0.1,6.0,False,-50.51545574767825,53.330327119594244,7.89016031954856,3.7686903392037885e-05,35.266471852097034,49.55344084746102,64.42996824301648,0.6273024281682699,0.11969510655569357,14.286968995363985,False
PX-E06AE415+TM-E5447244,PX-E06AE415,TM-E5447244,7,A,A,A,B,B,1100,0001,18.6,0.5,16.0,2.0,0.05,0.05,6.0,False,-50.68472887691287,53.35507186443418,7.925522526141271,3.7731888900939124e-05,35.27300318337908,49.46511691150498,64.0360373008354,0.6273024281682699,0.11825732971010122,14.192113728125891,False
PX-E06AE415+TM-94DEFF90,PX-E06AE415,TM-94DEFF90,7,A,A,A,B,B,1100,0001,18.650000000000002,0.5,16.0,2.0,0.05,0.1,6.0,False,-50.69253175119834,53.3549562794795,7.925426114318698,3.7731888900939124e-05,35.27323602119598,49.465129635053835,64.0357849005179,0.6273024281682699,0.11825530163114303,14.19189361385786,False
PX-E06AE415+TM-9D4BCF80,PX-E06AE415,TM-9D4BCF80,7,A,A,A,B,B,1100,0001,18.650000000000002,0.5,16.0,2.0,0.1,0.05,6.0,False,-50.66086801304997,53.3131232712431,7.863350060461159,3.773290167356274e-05,35.259834018149846,49.46171173055287,64.03566278107076,0.6273024281682699,0.11831848825741456,14.201877712403023,False
PX-E06AE415+TM-31115CEF,PX-E06AE415,TM-31115CEF,7,A,A,A,B,B,1100,0001,18.700000000000003,0.5,16.0,2.0,0.1,0.1,6.0,False,-50.66866157375205,53.31300852729047,7.8632548421559925,3.773290167356274e-05,35.26006702843385,49.46172451976622,64.03541038900187,0.6273024281682699,0.1183164591924855,14.201657491332364,False
PX-E06AE415+TM-44750E09,PX-E06AE415,TM-44750E09,7,A,A,A,B,B,1100,0001,2.5999999999999996,1.0,1.0,0.5,0.05,0.05,6.0,False,-57.30387451340918,61.07489181757996,24.530440252834985,3.738815114268137e-05,38.60544299221233,52.837774222486864,68.33334010713182,0.2675081093105593,0.11800808720598194,14.23233123027453,False
PX-E06AE415+TM-FAB5DC2E,PX-E06AE415,TM-FAB5DC2E,7,A,A,A,B,B,1100,0001,2.65,1.0,1.0,0.5,0.05,0.1,6.0,False,-57.31551034068548,61.07467620712319,24.53015623984718,3.738815114268137e-05,38.60565481974886,52.83775713687118,68.33303569102367,0.2675081093105593,0.11800604500602321,14.23210231712233,False
PX-E06AE415+TM-AAD78B2B,PX-E06AE415,TM-AAD78B2B,7,A,A,A,B,B,1100,0001,2.65,1.0,1.0,0.5,0.1,0.05,6.0,False,-57.2273255378206,60.91506549045047,24.199775243740586,3.7389110854270544e-05,38.53091604589027,52.81354141693844,68.32135116159787,0.2675081093105593,0.11829297600552922,14.282625371048168,False
PX-E06AE415+TM-B9DD542F,PX-E06AE415,TM-B9DD542F,7,A,A,A,B,B,1100,0001,2.7,1.0,1.0,0.5,0.1,0.1,6.0,False,-57.23894785143092,60.91485313787117,24.199499062686858,3.7389110854270544e-05,38.53112933613555,52.81352496541115,68.32104705507935,0.2675081093105593,0.11829092767158629,14.282395629275598,False
PX-E06AE415+TM-921BB415,PX-E06AE415,TM-921BB415,7,A,A,A,B,B,1100,0001,3.0999999999999996,1.0,1.0,1.0,0.05,0.05,6.0,False,-57.38316335829257,61.039673701147734,24.3174475474431,3.741177530814107e-05,38.5578375687281,52.574792406014474,67.701516438752,0.2675081093105593,0.11603976288582091,14.01695483728638,False
PX-E06AE415+TM-997B1495,PX-E06AE415,TM-997B1495,7,A,A,A,B,B,1100,0001,3.15,1.0,1.0,1.0,0.05,0.1,6.0,False,-57.39465410202435,61.0394588207392,24.317168673536575,3.741177530814107e-05,38.558050337981854,52.57478200293075,67.701227886046,0.2675081093105593,0.11603776596220969,14.016731664948898,False
PX-E06AE415+TM-DA26960F,PX-E06AE415,TM-DA26960F,7,A,A,A,B,B,1100,0001,3.15,1.0,1.0,1.0,0.1,0.05,6.0,False,-57.321620825355794,60.882858469529836,24.057803077466403,3.741274310018477e-05,38.49902799440078,52.56461212123833,67.69768354624274,0.2675081093105593,0.11628369875401505,14.065584126837553,False
PX-E06AE415+TM-24EDFB89,PX-E06AE415,TM-24EDFB89,7,A,A,A,B,B,1100,0001,3.2,1.0,1.0,1.0,0.1,0.1,6.0,False,-57.333097983271884,60.882646785141084,24.057530024621947,3.741274310018477e-05,38.499241840731244,52.56460195762357,67.69739508565038,0.2675081093105593,0.11628169685070366,14.065360116892329,False
PX-E06AE415+TM-F25AD464,PX-E06AE415,TM-F25AD464,7,A,A,A,B,B,1100,0001,4.1,1.0,1.0,2.0,0.05,0.05,6.0,False,-57.55415218606444,60.96940178984808,24.047132738226388,3.7465717557821505e-05,38.49700192316713,52.37202669324498,67.25869750233956,0.2675081093105593,0.11476847824304992,13.875024770077852,False
PX-E06AE415+TM-8889DD51,PX-E06AE415,TM-8889DD51,7,A,A,A,B,B,1100,0001,4.1499999999999995,1.0,1.0,2.0,0.05,0.1,6.0,False,-57.56535806976959,60.969188365862834,24.04685993697619,3.7465717557821505e-05,38.497215777972514,52.37202088087686,67.25841920279254,0.2675081093105593,0.11476650835103255,13.87480510290435,False
PX-E06AE415+TM-E782BC8B,PX-E06AE415,TM-E782BC8B,7,A,A,A,B,B,1100,0001,4.1499999999999995,1.0,1.0,2.0,0.1,0.05,6.0,False,-57.504366094468374,60.81858052029495,23.842139930675945,3.746663748440605e-05,38.45030455105178,52.36817105013916,67.25771199069504,0.2675081093105593,0.11496945192784325,13.917866499087387,False
PX-E06AE415+TM-A42F8405,PX-E06AE415,TM-A42F8405,7,A,A,A,B,B,1100,0001,4.199999999999999,1.0,1.0,2.0,0.1,0.1,6.0,False,-57.51555853149951,60.81837016925513,23.841871329403794,3.746663748440605e-05,38.4505191700375,52.368165316004614,67.25743371269824,0.2675081093105593,0.11496747830810816,13.917646145967108,False
PX-E06AE415+TM-EE240210,PX-E06AE415,TM-EE240210,7,A,A,A,B,B,1100,0001,3.5999999999999996,1.0,2.0,0.5,0.05,0.05,6.0,False,-56.241037834793076,60.164659962789855,21.926367054992472,3.740624523708812e-05,38.03100273350417,52.2783183342624,67.72721316615694,0.3406770239847374,0.11848817802339054,14.247315600758236,False
PX-E06AE415+TM-20D6F9FE,PX-E06AE415,TM-20D6F9FE,7,A,A,A,B,B,1100,0001,3.65,1.0,2.0,0.5,0.05,0.1,6.0,False,-56.25238528225603,60.16445616784907,21.92611170602339,3.740624523708812e-05,38.03121855489417,52.27830551648003,67.7269140053419,0.3406770239847374,0.11848612563718335,14.247086961585858,False
PX-E06AE415+TM-06A31967,PX-E06AE415,TM-06A31967,7,A,A,A,B,B,1100,0001,3.65,1.0,2.0,0.5,0.1,0.05,6.0,False,-56.153809134321506,60.02264026930849,21.57898187519462,3.740720939762046e-05,37.95509061492786,52.25616077704784,67.71669334226475,0.3406770239847374,0.11878813896485194,14.30107016211998,False
PX-E06AE415+TM-BBEC3DF4,PX-E06AE415,TM-BBEC3DF4,7,A,A,A,B,B,1100,0001,3.7,1.0,2.0,0.5,0.1,0.1,6.0,False,-56.165143310954555,60.02243936430204,21.57873330547461,3.740720939762046e-05,37.95530759046354,52.25614853533132,67.71639445372571,0.3406770239847374,0.1187860815446683,14.300840944867787,False
PX-E06AE415+TM-63823495,PX-E06AE415,TM-63823495,7,A,A,A,B,B,1100,0001,4.1,1.0,2.0,1.0,0.05,0.05,6.0,False,-56.33532394470969,60.13353361521521,21.808064620370846,3.742971058323151e-05,38.004967936401925,52.04027270193984,67.11177103855098,0.3406770239847374,0.11647152536070557,14.035304765537912,False
PX-E06AE415+TM-F396C77F,PX-E06AE415,TM-F396C77F,7,A,A,A,B,B,1100,0001,4.1499999999999995,1.0,2.0,1.0,0.05,0.1,6.0,False,-56.34652959391122,60.13333046511467,21.807811695907603,3.742971058323151e-05,38.00518416262026,52.04026589690422,67.1114873485103,0.3406770239847374,0.11646951984543917,14.035081734283963,False
PX-E06AE415+TM-E27A80B9,PX-E06AE415,TM-E27A80B9,7,A,A,A,B,B,1100,0001,4.1499999999999995,1.0,2.0,1.0,0.1,0.05,6.0,False,-56.25236557773514,59.99404007188447,21.4799444995249,3.7430682341726266e-05,37.933253328971766,52.030524794971626,67.10832890004247,0.3406770239847374,0.11677700012305199,14.097271465999862,False
PX-E06AE415+TM-6355F1E0,PX-E06AE415,TM-6355F1E0,7,A,A,A,B,B,1100,0001,4.199999999999999,1.0,2.0,1.0,0.1,0.1,6.0,False,-56.26355806500889,59.993839759940606,21.47969783707317,3.7430682341726266e-05,37.933470613482456,52.030518218089775,67.10804529287516,0.3406770239847374,0.11677498945095,14.097047604607322,False
PX-E06AE415+TM-0AABD2BC,PX-E06AE415,TM-0AABD2BC,7,A,A,A,B,B,1100,0001,5.1,1.0,2.0,2.0,0.05,0.05,6.0,False,-56.50813840338618,60.0714048793963,21.591474616201833,3.747793702289911e-05,37.95726011927273,51.84952881991222,66.67563262663528,0.3406770239847374,0.11516108815316878,13.892268700639491,False
PX-E06AE415+TM-110F17FD,PX-E06AE415,TM-110F17FD,7,A,A,A,B,B,1100,0001,5.1499999999999995,1.0,2.0,2.0,0.05,0.1,6.0,False,-56.519066034324055,60.07120301621941,21.591225848905076,3.747793702289911e-05,37.95747702249888,51.84952631443563,66.67535904380883,0.3406770239847374,0.11515911123555742,13.89204929193675,False
PX-E06AE415+TM-763E5EED,PX-E06AE415,TM-763E5EED,7,A,A,A,B,B,1100,0001,5.1499999999999995,1.0,2.0,2.0,0.1,0.05,6.0,False,-56.43306893140273,59.93694440499434,21.297597634249843,3.747891331386784e-05,37.89298651497961,51.845695875636856,66.67472445088552,0.3406770239847374,0.1154425918327477,13.952709360657249,False
PX-E06AE415+TM-D98DE9F2,PX-E06AE415,TM-D98DE9F2,7,A,A,A,B,B,1100,0001,5.199999999999999,1.0,2.0,2.0,0.1,0.1,6.0,False,-56.44398367923281,59.93674527683066,21.297354462832423,3.747891331386784e-05,37.89320436096377,51.84569344779569,66.6744508879399,0.3406770239847374,0.1154406101389637,13.95248908683192,False
PX-E06AE415+TM-7DB9C892,PX-E06AE415,TM-7DB9C892,7,A,A,A,B,B,1100,0001,5.6,1.0,4.0,0.5,0.05,0.05,6.0,False,-54.563235214656515,58.63388348769474,17.879241400729235,3.744301845865094e-05,37.166832005173006,51.46811793748023,66.85755995914157,0.4369065112823376,0.11938751201668422,14.301285932307227,False
PX-E06AE415+TM-C248EAA0,PX-E06AE415,TM-C248EAA0,7,A,A,A,B,B,1100,0001,5.6499999999999995,1.0,4.0,0.5,0.05,0.1,6.0,False,-54.57402851384466,58.6336995153055,17.87903033840087,3.744301845865094e-05,37.16705338322937,51.46811146091588,66.85726837192762,0.4369065112823376,0.11938544451006025,14.301058077686502,False
PX-E06AE415+TM-C7D731DB,PX-E06AE415,TM-C7D731DB,7,A,A,A,B,B,1100,0001,5.6499999999999995,1.0,4.0,0.5,0.1,0.05,6.0,False,-54.489182434046796,58.519852292213656,17.623109699043866,3.7443990804607834e-05,37.11284544518496,51.449367670165465,66.84926424015924,0.4369065112823376,0.11960271565428493,14.336522224980511,False
PX-E06AE415+TM-56922EC3,PX-E06AE415,TM-56922EC3,7,A,A,A,B,B,1100,0001,5.699999999999999,1.0,4.0,0.5,0.1,0.1,6.0,False,-54.499963100387966,58.51967063351331,17.62290346454917,3.7443990804607834e-05,37.11306757985144,51.44936167389159,66.84897286842696,0.4369065112823376,0.11960064479103967,14.33629409404015,False
PX-E06AE415+TM-C033A5CE,PX-E06AE415,TM-C033A5CE,7,A,A,A,B,B,1100,0001,6.1,1.0,4.0,1.0,0.05,0.05,6.0,False,-54.66087624701912,58.60911122661189,17.80954735522128,3.746621892267426e-05,37.15185349665217,51.27089403053323,66.26811623981379,0.4369065112823376,0.11739644934206026,14.119040533881057,False
PX-E06AE415+TM-1FC706E9,PX-E06AE415,TM-1FC706E9,7,A,A,A,B,B,1100,0001,6.1499999999999995,1.0,4.0,1.0,0.05,0.1,6.0,False,-54.67153458129864,58.6089277671472,17.809337620484055,3.746621892267426e-05,37.15207507182914,51.27089246931516,66.26783949681827,0.4369065112823376,0.11739442818073545,14.11881739748602,False
PX-E06AE415+TM-B88B8F46,PX-E06AE415,TM-B88B8F46,7,A,A,A,B,B,1100,0001,6.1499999999999995,1.0,4.0,1.0,0.1,0.05,6.0,False,-54.58938998808532,58.496909343692934,17.563335131401736,3.746719802294683e-05,37.09992882866662,51.26193999138212,66.26529651610711,0.4369065112823376,0.1176211311690449,14.162011162715503,False
PX-E06AE415+TM-7C8FA852,PX-E06AE415,TM-7C8FA852,7,A,A,A,B,B,1100,0001,6.199999999999999,1.0,4.0,1.0,0.1,0.1,6.0,False,-54.600035832598834,58.49672816054774,17.56313003256011,3.746719802294683e-05,37.100151129798455,51.26193863745059,66.26501984119905,0.4369065112823376,0.11761910635037767,14.161787507652138,False
PX-E06AE415+TM-C880C6CB,PX-E06AE415,TM-C880C6CB,7,A,A,A,B,B,1100,0001,7.1,1.0,4.0,2.0,0.05,0.05,6.0,False,-54.8381645135786,58.559643624092104,17.675432928828506,3.751388241672179e-05,37.12300497473738,51.10117460463783,65.84271278572582,0.4369065112823376,0.11603180338993947,13.978169629900457,False
PX-E06AE415+TM-B5B2535D,PX-E06AE415,TM-B5B2535D,7,A,A,A,B,B,1100,0001,7.1499999999999995,1.0,4.0,2.0,0.05,0.1,6.0,False,-54.84855831930063,58.55946118875618,17.675225745053925,3.751388241672179e-05,37.12322692698721,51.101176833126154,65.84244591491367,0.4369065112823376,0.11602981180170016,13.977949906138948,False
PX-E06AE415+TM-E815F632,PX-E06AE415,TM-E815F632,7,A,A,A,B,B,1100,0001,7.1499999999999995,1.0,4.0,2.0,0.1,0.05,6.0,False,-54.771524672402165,58.45109047582735,17.44723249770195,3.751486586678512e-05,37.07482131231974,51.097405967170026,65.84193816010588,0.4369065112823376,0.11624679066375437,14.022584654850283,False
PX-E06AE415+TM-72CDF500,PX-E06AE415,TM-72CDF500,7,A,A,A,B,B,1100,0001,7.199999999999999,1.0,4.0,2.0,0.1,0.1,6.0,False,-54.78190626835502,58.4509102422913,17.447029603063335,3.751486586678512e-05,37.07504393533996,51.09740827167148,65.84167130628434,0.4369065112823376,0.11624479554432804,14.02236433633152,False
PX-E06AE415+TM-CB483D6B,PX-E06AE415,TM-CB483D6B,7,A,A,A,B,B,1100,0001,9.600000000000001,1.0,8.0,0.5,0.05,0.05,6.0,False,-52.47345960404557,56.385340020442584,12.920471606636427,3.7518424282500466e-05,36.14571130338507,50.491454169605525,65.82860836869118,0.5389965604155741,0.1205056199365348,14.345742866220458,False
PX-E06AE415+TM-C12CB0FE,PX-E06AE415,TM-C12CB0FE,7,A,A,A,B,B,1100,0001,9.65,1.0,8.0,0.5,0.05,0.1,6.0,False,-52.48322715559407,56.385185053973174,12.92031635440539,3.7518424282500466e-05,36.14593894334413,50.49145569334519,65.82832582499496,0.5389965604155741,0.12050353458648673,14.34551675000106,False
PX-E06AE415+TM-5F6B6BDD,PX-E06AE415,TM-5F6B6BDD,7,A,A,A,B,B,1100,0001,9.65,1.0,8.0,0.5,0.1,0.05,6.0,False,-52.42413384979969,56.30779228558909,12.775113228331088,3.751941060250442e-05,36.115969550941934,50.47746995613357,65.82304687748346,0.5389965604155741,0.12062397687995419,14.361500405191629,False
PX-E06AE415+TM-F04B7ADB,PX-E06AE415,TM-F04B7ADB,7,A,A,A,B,B,1100,0001,9.7,1.0,8.0,0.5,0.1,0.1,6.0,False,-52.43388989692195,56.307638885783575,12.77496072774092,3.751941060250442e-05,36.11619759081324,50.4774718257833,65.8227644789006,0.5389965604155741,0.12062188975201112,14.361274234970056,False
PX-E06AE415+TM-B3E3F2CC,PX-E06AE415,TM-B3E3F2CC,7,A,A,A,B,B,1100,0001,10.100000000000001,1.0,8.0,1.0,0.05,0.05,6.0,False,-52.56885394002197,56.36871536360156,12.886235627064785,3.754124284078985e-05,36.1383703593772,50.35151250847234,65.27465141018477,0.5389965604155741,0.11858595064674257,14.213142149095138,False
PX-E06AE415+TM-C33ABC3A,PX-E06AE415,TM-C33ABC3A,7,A,A,A,B,B,1100,0001,10.15,1.0,8.0,1.0,0.05,0.1,6.0,False,-52.57849931253938,56.36856074161708,12.886081031548507,3.754124284078985e-05,36.1385980843196,50.351517414082466,65.27438284706979,0.5389965604155741,0.11858390997680893,14.21291932976287,False
PX-E06AE415+TM-52CA0F9D,PX-E06AE415,TM-52CA0F9D,7,A,A,A,B,B,1100,0001,10.15,1.0,8.0,1.0,0.1,0.05,6.0,False,-52.52050719886026,56.29221513827457,12.74413347716536,3.7542234614008594e-05,36.10927036292875,50.34388323431666,65.27265505411646,0.5389965604155741,0.11871371319417867,14.234612871387913,False
PX-E06AE415+TM-708B0FD8,PX-E06AE415,TM-708B0FD8,7,A,A,A,B,B,1100,0001,10.2,1.0,8.0,1.0,0.1,0.1,6.0,False,-52.53014120743419,56.29206206165864,12.743981571688742,3.7542234614008594e-05,36.10949847896508,50.34388831224248,65.27238653939209,0.5389965604155741,0.11871167048768264,14.2343898332774,False
PX-E06AE415+TM-1AFAF179,PX-E06AE415,TM-1AFAF179,7,A,A,A,B,B,1100,0001,11.100000000000001,1.0,8.0,2.0,0.05,0.05,6.0,False,-52.74183006976146,56.335503615863466,12.818356157964711,3.75880893233456e-05,36.123811244488294,50.21522193246622,64.86428374259474,0.5389965604155741,0.11719879180705636,14.091410687977929,False
PX-E06AE415+TM-158ED388,PX-E06AE415,TM-158ED388,7,A,A,A,B,B,1100,0001,11.15,1.0,8.0,2.0,0.05,0.1,6.0,False,-52.75123599707492,56.33534968200765,12.818202864696405,3.75880893233456e-05,36.12403913761016,50.21522981766523,64.86402472026417,0.5389965604155741,0.11719678102905512,14.091190680055071,False
PX-E06AE415+TM-90D37102,PX-E06AE415,TM-90D37102,7,A,A,A,B,B,1100,0001,11.15,1.0,8.0,2.0,0.1,0.05,6.0,False,-52.6955230342897,56.261094875695484,12.682633253824935,3.75890850349189e-05,36.095967507058056,50.211612749496375,64.86370430820287,0.5389965604155741,0.11732573072579722,14.11564524243832,False
PX-E06AE415+TM-AE5CD5B5,PX-E06AE415,TM-AE5CD5B5,7,A,A,A,B,B,1100,0001,11.2,1.0,8.0,2.0,0.1,0.1,6.0,False,-52.704917870142495,56.26094244469645,12.682482529944311,3.75890850349189e-05,36.09619577403853,50.211620706718904,64.86344529861806,0.5389965604155741,0.11732371789200471,14.11542493268038,False
PX-E06AE415+TM-AB4A116E,PX-E06AE415,TM-AB4A116E,7,A,A,A,B,B,1100,0001,17.6,1.0,16.0,0.5,0.05,0.05,6.0,False,-50.6584188651194,53.68759539460615,8.16557645701958,3.7674358961819394e-05,35.18331511866274,49.526961488586586,64.84585745620817,0.6267362601615353,0.1215789491113412,14.343646369923844,False
PX-E06AE415+TM-CEB21E95,PX-E06AE415,TM-CEB21E95,7,A,A,A,B,B,1100,0001,17.650000000000002,1.0,16.0,0.5,0.05,0.1,6.0,False,-50.666419405286724,53.68747504762098,8.165476625560284,3.7674358961819394e-05,35.18354841879994,49.52697146320189,64.84558372262003,0.6267362601615353,0.12157684717299662,14.343423044401954,False
PX-E06AE415+TM-C3BA9D91,PX-E06AE415,TM-C3BA9D91,7,A,A,A,B,B,1100,0001,17.650000000000002,1.0,16.0,0.5,0.1,0.05,6.0,False,-50.63488419086541,53.64615291924084,8.10261125465065,3.767536652950588e-05,35.17023506204351,49.51818457046222,64.84280157110658,0.6267362601615353,0.12163027561125828,14.347949508418706,False
PX-E06AE415+TM-63DEB74E,PX-E06AE415,TM-63DEB74E,7,A,A,A,B,B,1100,0001,17.700000000000003,1.0,16.0,0.5,0.1,0.1,6.0,False,-50.6428751626095,53.646033404958615,8.102512632476218,3.767536652950588e-05,35.17046853343125,49.51819474435159,64.84252791744841,0.6267362601615353,0.12162817292504924,14.347726210920346,False
PX-E06AE415+TM-01D98488,PX-E06AE415,TM-01D98488,7,A,A,A,B,B,1100,0001,18.1,1.0,16.0,1.0,0.05,0.05,6.0,False,-50.74217635103931,53.678882233684,8.151639881070363,3.769674015658046e-05,35.18007130942636,49.44988036221795,64.33195386881981,0.6267362601615353,0.11976543531266672,14.26980905279159,False
PX-E06AE415+TM-BA002B5E,PX-E06AE415,TM-BA002B5E,7,A,A,A,B,B,1100,0001,18.150000000000002,1.0,16.0,1.0,0.05,0.1,6.0,False,-50.750076783589954,53.67876206843219,8.151540322786945,3.769674015658046e-05,35.18030463795322,49.44989206072383,64.3316931105227,0.6267362601615353,0.11976337556825645,14.269587422770613,False
PX-E06AE415+TM-E7B2BECF,PX-E06AE415,TM-E7B2BECF,7,A,A,A,B,B,1100,0001,18.150000000000002,1.0,16.0,1.0,0.1,0.05,6.0,False,-50.71890534428969,53.63787393053679,8.089544424406732,3.769775155716508e-05,35.16715472711235,49.444105968252984,64.33078308038621,0.6267362601615353,0.11982261496076119,14.276951241140635,False
PX-E06AE415+TM-2B62A45C,PX-E06AE415,TM-2B62A45C,7,A,A,A,B,B,1100,0001,18.200000000000003,1.0,16.0,1.0,0.1,0.1,6.0,False,-50.72679632848643,53.63775458921211,8.08944605874856,3.769775155716508e-05,35.16738822472378,49.444117789267644,64.33052235050226,0.6267362601615353,0.11982055431463064,14.276729564543865,False
PX-E06AE415+TM-7D68BB68,PX-E06AE415,TM-7D68BB68,7,A,A,A,B,B,1100,0001,19.1,1.0,16.0,2.0,0.05,0.05,6.0,False,-50.893537107292296,53.66147058849434,8.123828528374219,3.7742639168900626e-05,35.17359676452931,49.35882963221675,63.93931393517612,0.6267362601615353,0.11839302756864509,14.185232867687434,False
PX-E06AE415+TM-068E4492,PX-E06AE415,TM-068E4492,7,A,A,A,B,B,1100,0001,19.150000000000002,1.0,16.0,2.0,0.05,0.1,6.0,False,-50.90124138850303,53.66135078638315,8.123729515290233,3.7742639168900626e-05,35.17383014965156,49.35884321373088,63.939062310227236,0.6267362601615353,0.11839099729061678,14.185013064079318,False
PX-E06AE415+TM-21FEE948,PX-E06AE415,TM-21FEE948,7,A,A,A,B,B,1100,0001,19.150000000000002,1.0,16.0,2.0,0.1,0.05,6.0,False,-50.870855420015076,53.62132972932076,8.063465632920657,3.774365380218637e-05,35.161005695239254,49.35554240942838,63.93895193963049,0.6267362601615353,0.11845153233459474,14.194536714189123,False
PX-E06AE415+TM-3AADCFB9,PX-E06AE415,TM-3AADCFB9,7,A,A,A,B,B,1100,0001,19.200000000000003,1.0,16.0,2.0,0.1,0.1,6.0,False,-50.87855048669658,53.621210733602084,8.063367779265084,3.774365380218637e-05,35.16123924513512,49.355556054440754,63.93870032265433,0.6267362601615353,0.11844950111347723,14.194316809305633,False
